1.763212271194386858e+03 1.696311036044038101e+00 7.470060680013524745e+00 7.855861565602782321e+03
1.771225512042263745e+03 1.618335340200058425e+00 7.441847459949826771e+00 8.126507467948707927e+03
1.501703583244945094e+03 2.259993335660456459e+00 7.466046381833780998e+00 8.209196879494422319e+03
1.995259428366995962e+03 1.240739930492688714e+00 7.479877696392942532e+00 8.322013380589081862e+03
1.739980915589425422e+03 1.672286292424112419e+00 7.462356466048142067e+00 8.433917731396371892e+03
1.508849939224104673e+03 2.259890648517550726e+00 7.467953341224779606e+00 8.472534598386004291e+03
1.610191117438638912e+03 1.929562502665480128e+00 7.470495223143759134e+00 8.521168162470708921e+03
1.617561493255139567e+03 2.050134207389282981e+00 7.473718763695316625e+00 8.566390821392029466e+03
1.687896537287837418e+03 1.790926106132924245e+00 7.482336366169614728e+00 8.592208447142147634e+03
1.695519062249976059e+03 1.889301117047649692e+00 7.489378371003872381e+00 8.626070961808323773e+03
1.556067956434198550e+03 2.099759926380572406e+00 7.496388208699310773e+00 8.633230614397492900e+03
1.669904276796055456e+03 1.931914214578525968e+00 7.453680422298834429e+00 8.646599535851672044e+03
1.939117273928431587e+03 1.327510572549045476e+00 7.495691073701764573e+00 8.653220583241283748e+03
1.791948581686782518e+03 1.606337651663997557e+00 7.468856352147199118e+00 8.657938684311082397e+03
1.506567129338018276e+03 2.197221065332536583e+00 7.481868123790063052e+00 8.661840970729077526e+03
1.832600506370642734e+03 1.633789238103564134e+00 7.473709308297736165e+00 8.681347136189604498e+03
1.545370676698048328e+03 2.226921988920064877e+00 7.459567817433814696e+00 8.683020634772974518e+03
1.710721797707607720e+03 1.785050414561299759e+00 7.453501196414657137e+00 8.688669090209856222e+03
1.700726172565414117e+03 1.836247866499287840e+00 7.491102457493719946e+00 8.694809850780484339e+03
1.881419042170879038e+03 1.473999042337116538e+00 7.477811601761545468e+00 8.706057143709678712e+03
1.610905687468332872e+03 1.974693006265620276e+00 7.448008606175710256e+00 8.712159894661879662e+03
1.909651944132107019e+03 1.403618942203131548e+00 7.465593567520063090e+00 8.721451058518630816e+03
1.776221107330835139e+03 1.639207097459103313e+00 7.460755724205776929e+00 8.736818056832144066e+03
1.858391332345948967e+03 1.568742937295424467e+00 7.457470225612361503e+00 8.738317007422439929e+03
1.543521777644204803e+03 2.124053006477079286e+00 7.435509926885409016e+00 8.743354802816025767e+03
1.659898716376793345e+03 1.892574918371908721e+00 7.503860827303854286e+00 8.744138762572831183e+03
1.728769072513063293e+03 1.839600421274190767e+00 7.474577553211970482e+00 8.745960101978906096e+03
1.646006669342517171e+03 1.975440805631551555e+00 7.454989145843499365e+00 8.748838005668043479e+03
1.734189718565179419e+03 1.728015100352311650e+00 7.441164352307336749e+00 8.751039133991640483e+03
1.981338223435497639e+03 1.306148531087352627e+00 7.477157796403438361e+00 8.755874299785682524e+03
1.667446029185209682e+03 1.959722861219012957e+00 7.439105365970602790e+00 8.756171047914993324e+03
1.945848500188139042e+03 1.430544447123089702e+00 7.481248584664885293e+00 8.785107247086742063e+03
1.676667755205663980e+03 1.925118521112642034e+00 7.467036557166969679e+00 8.785291279776420197e+03
1.848758440627278105e+03 1.635766342514279215e+00 7.496371446641662217e+00 8.790764924086155588e+03
1.803757813728877181e+03 1.561404734349852497e+00 7.471319217680739477e+00 8.793541136707168334e+03
1.899608221069355977e+03 1.556939093223780990e+00 7.451297062489591561e+00 8.799093057225083612e+03
1.630441917392812911e+03 1.962702097227611242e+00 7.471431672754268227e+00 8.819044010163403073e+03
1.776788292697686529e+03 1.643030246189701726e+00 7.456872228197692465e+00 8.821569627267575925e+03
1.967779255920590458e+03 1.379918424171372671e+00 7.450609809449434628e+00 8.850080325007073043e+03
1.826489187072296318e+03 1.570328318963570391e+00 7.489969461730115796e+00 8.865045902466215921e+03
1.696286497896993978e+03 1.869399835710150892e+00 7.456843778552180169e+00 8.865299567851659958e+03
1.684798820387887190e+03 1.947017406462232980e+00 7.449505695957189921e+00 8.865647571835354029e+03
1.515201097754863213e+03 2.282159906001190564e+00 7.477098397634629912e+00 8.875509996633580158e+03
1.757721136595975622e+03 1.667344144053932498e+00 7.443476218581563053e+00 8.879878848926722640e+03
1.884314057456561386e+03 1.558419449842632920e+00 7.456330226574015896e+00 8.880286016207573994e+03
1.724208387983800094e+03 1.801074538377787082e+00 7.478507728289583767e+00 8.880335614884683309e+03
1.738972614767136520e+03 1.633324509685973869e+00 7.477383607009126187e+00 8.880890795224098838e+03
1.731976998356260083e+03 1.708275803335509657e+00 7.478730952731872605e+00 8.882990618666279261e+03
1.819050274034350878e+03 1.610475169397034501e+00 7.449234639828439697e+00 8.883665000705263083e+03
1.549543258583909619e+03 2.209579189473700911e+00 7.443681969190294900e+00 8.883922544721726808e+03
1.621192664946710238e+03 2.041667859238617488e+00 7.468736451092203410e+00 8.884039739534415276e+03
1.710801637569177046e+03 1.814191376303910586e+00 7.433235490942334600e+00 8.884431202634501460e+03
1.682292284611967489e+03 1.890025260479334612e+00 7.468830436798296724e+00 8.887411955014598789e+03
1.734225699106418688e+03 1.809709328388997784e+00 7.471531709080554862e+00 8.887556156345739510e+03
1.832125758491561555e+03 1.559283348235755762e+00 7.484283488977205856e+00 8.887764858059459584e+03
1.994195037680460473e+03 1.240786962280263195e+00 7.471308630942904649e+00 8.888284683472078541e+03
1.645729942868791568e+03 1.960492397572326961e+00 7.473458264016816344e+00 8.888590430455500609e+03
1.624126187439727119e+03 2.122481841007827441e+00 7.484285535888706598e+00 8.888607952926369762e+03
1.657161806539761074e+03 1.935451214830782751e+00 7.456204531985344275e+00 8.888784813258671420e+03
1.544913992583652771e+03 2.210588043426936267e+00 7.469291290921725057e+00 8.888795562433384475e+03
1.504221658188909032e+03 2.324150212417411154e+00 7.447602493359261722e+00 8.889733851242814126e+03
1.924057852042191143e+03 1.444252234202994867e+00 7.459257575163230847e+00 8.889801964396832773e+03
1.709238001228137819e+03 1.812637529047393725e+00 7.454202405473925097e+00 8.890078018517655437e+03
1.998765987705811767e+03 1.226437117514333597e+00 7.461729078758986056e+00 8.890273461351778678e+03
1.575092704093571683e+03 2.034010700246664527e+00 7.456277126189259974e+00 8.890591614484761521e+03
1.972553688621526817e+03 1.304949326680223676e+00 7.476726756929237716e+00 8.890782185908174142e+03
1.734095920625482677e+03 1.831429496455980743e+00 7.488112135311984829e+00 8.891515005285416919e+03
1.830090687671378191e+03 1.576077160661303322e+00 7.461539746848391275e+00 8.891688757473721125e+03
1.566627559825815297e+03 2.123824009457178086e+00 7.475366806610463044e+00 8.891700738310417364e+03
1.579442937584597985e+03 2.062931590389024628e+00 7.457271528347530598e+00 8.892209565851037041e+03
1.596497709927876485e+03 2.053616039008937300e+00 7.481806810884365611e+00 8.892371147856792959e+03
1.711203158072321230e+03 1.834644885427716421e+00 7.475159581004771958e+00 8.892992465713401543e+03
1.635738859425242936e+03 2.030783244338336679e+00 7.474105549020646500e+00 8.893423856519990295e+03
1.709334047662101284e+03 1.852546680177319827e+00 7.478671690012432371e+00 8.893635895247707595e+03
1.641006774623479487e+03 1.903976887986367661e+00 7.478416103647063551e+00 8.893681822967007975e+03
1.648386856939548807e+03 1.979272369020345534e+00 7.458631828844935363e+00 8.894220673691919728e+03
1.672604268534536914e+03 1.884695332205016172e+00 7.472781110584596043e+00 8.894373806519030040e+03
1.689616270350143850e+03 1.838013740988632794e+00 7.459285012047036645e+00 8.894551537780298531e+03
1.734996342267314958e+03 1.729264484244998235e+00 7.456890739853943906e+00 8.895761791783887020e+03
1.501703583244945094e+03 2.259993335660456459e+00 7.466046381833780998e+00 8.896065473480250148e+03
1.947724521680944235e+03 1.370228484310856309e+00 7.472720203308750975e+00 8.896318739218389965e+03
1.799437280773119028e+03 1.586858792925516015e+00 7.455488544116794181e+00 8.896461562562024483e+03
1.738471420848058642e+03 1.764807991445030755e+00 7.489363794312607681e+00 8.896511162325739861e+03
1.693684594287660502e+03 1.845045395362925555e+00 7.461824104281943981e+00 8.896584986981599286e+03
1.761961002519795784e+03 1.773341309048086512e+00 7.466894031933783538e+00 8.896622502793556123e+03
1.606315637401474078e+03 2.008751443094020317e+00 7.456065228138602841e+00 8.896654673381373868e+03
1.884954612931908741e+03 1.582557899346617614e+00 7.456415623594193853e+00 8.896685448040494521e+03
1.587478151901235833e+03 2.134274987427548176e+00 7.457425318476991194e+00 8.896968565517552634e+03
1.698405552951222944e+03 1.832066143780960887e+00 7.446405613071142682e+00 8.897394511388121828e+03
1.789130678338993903e+03 1.638380056101840676e+00 7.452480911409769426e+00 8.897575548334049017e+03
1.583437007642700109e+03 2.093396072183575818e+00 7.461490383508458279e+00 8.897820551092061578e+03
1.937211418123814383e+03 1.389822793959836877e+00 7.464133612461446354e+00 8.898296080459143923e+03
1.655626008342241221e+03 2.025461605878978055e+00 7.463232596794120433e+00 8.898582722809382176e+03
1.692462918887923024e+03 1.852710081370801287e+00 7.453113213694366301e+00 8.898663472986847410e+03
1.971217626057263260e+03 1.328086619203777463e+00 7.454661845142994459e+00 8.898681440500244207e+03
1.750454650316140260e+03 1.754997008586512086e+00 7.485523925640291232e+00 8.899436135695059420e+03
1.644993099875053531e+03 1.953427894409993204e+00 7.466405484298479500e+00 8.899590543163818438e+03
1.554461554995038796e+03 2.280984039178041378e+00 7.451276301033906257e+00 8.899892698120062050e+03
1.809778111391645325e+03 1.552374579628569951e+00 7.470722488116488869e+00 8.900004641054081731e+03
1.760240696690126015e+03 1.660253504781235234e+00 7.472233487365347315e+00 8.900076126674523039e+03
1.589131409205585669e+03 2.056037515832023210e+00 7.469677038547406944e+00 8.900187490027679814e+03
1.563068645742446506e+03 2.185212231259175297e+00 7.500857338699928434e+00 8.901405735700640435e+03
1.856448867375555892e+03 1.565739411866226005e+00 7.456496173647124692e+00 8.901457884656623719e+03
1.724471637851320565e+03 1.836063772657812176e+00 7.421712201605656922e+00 8.901495076664556109e+03
1.905831084160189675e+03 1.495799127862809330e+00 7.479217316892693646e+00 8.901597090920100527e+03
1.719385802470374301e+03 1.793916935991275885e+00 7.474246367813272229e+00 8.901810036053211661e+03
1.714569615635692116e+03 1.800753704551843359e+00 7.464892049218636139e+00 8.902807242289003625e+03
1.966303642456520947e+03 1.348009930655968081e+00 7.466756853417646944e+00 8.903739698547205990e+03
1.618877827748894788e+03 2.004184907564731333e+00 7.467948075298892263e+00 8.903878877231509250e+03
1.577729636773227412e+03 1.931970813931527253e+00 7.441896862390645850e+00 8.903992019947301742e+03
1.818743598741365076e+03 1.632913439177116288e+00 7.459451482844030146e+00 8.904130589655838776e+03
1.715750311646506816e+03 1.708965566148435089e+00 7.481933173616247323e+00 8.904665319125186215e+03
1.695875689726237852e+03 1.849118949351631569e+00 7.472153756454795293e+00 8.904700203772768873e+03
1.537680437182566948e+03 2.176770821813748924e+00 7.477098900721035335e+00 8.904935086819794378e+03
1.529077139417603348e+03 2.255947088236603726e+00 7.468151775627142719e+00 8.905050648085800276e+03
1.765877664347133987e+03 1.684312969782232994e+00 7.467987570554694976e+00 8.905249191431594227e+03
1.749578463834981449e+03 1.719133906073868623e+00 7.496520271083664255e+00 8.905511728378740372e+03
1.993214339477241083e+03 1.315055512159036155e+00 7.488304687576860630e+00 8.905960514466063614e+03
1.513159610780794083e+03 2.179801019052862276e+00 7.476672183258382454e+00 8.906241527732352552e+03
1.804838300867333146e+03 1.610463473040018911e+00 7.476815838332640851e+00 8.906688282894558142e+03
1.576615887669840049e+03 2.100569030525472058e+00 7.460997191711069121e+00 8.906756817068840974e+03
1.548605982717570441e+03 2.093209090081398216e+00 7.458621272986059481e+00 8.907238763161307361e+03
1.993266321754721957e+03 1.312612164231033329e+00 7.451843788042379124e+00 8.907321042626586859e+03
1.972483233708986518e+03 1.328171347107965250e+00 7.480892995674860657e+00 8.907740487079890954e+03
1.914916502541854243e+03 1.445132083206130735e+00 7.454437896806325625e+00 8.908995589164125704e+03
1.881339982500411679e+03 1.489914886933384919e+00 7.470425456347129511e+00 8.909697166270549133e+03
1.534495970005258641e+03 2.255091488643845565e+00 7.465799916282481519e+00 8.909832611698157052e+03
1.820038411882871515e+03 1.630047570397595402e+00 7.461774387243081286e+00 8.910109450529867900e+03
1.538309481018377937e+03 2.188894328680509371e+00 7.464511066857848043e+00 8.910808206717152643e+03
1.841687207549948198e+03 1.547073923608099477e+00 7.457362017506807383e+00 8.911472578118675301e+03
1.708315390758681133e+03 1.884497483962355169e+00 7.477190701357225855e+00 8.911505652930698488e+03
1.579704882404834279e+03 2.081418674605483687e+00 7.465709806594786002e+00 8.912159536406952611e+03
1.863918549627327820e+03 1.593255847312980755e+00 7.478390660850063654e+00 8.912525793974537009e+03
1.761853773217553680e+03 1.722144502756955298e+00 7.430535950317119998e+00 8.913068100389738902e+03
1.810628679637530922e+03 1.579446239772908989e+00 7.447545820456583421e+00 8.913702187726914417e+03
1.894879464830719826e+03 1.571127337996900852e+00 7.443277986211020547e+00 8.914509960790484911e+03
1.713774032685308384e+03 1.743570181933887797e+00 7.452070707918450942e+00 8.914728000820545276e+03
1.954474620576686220e+03 1.416258303136729069e+00 7.444519204136109458e+00 8.915015374208325738e+03
1.785352977294840457e+03 1.711839432305773290e+00 7.455146187918264999e+00 8.915555853066145573e+03
1.602735627666694427e+03 2.026276344429778664e+00 7.457189170548461199e+00 8.916062576320869994e+03
1.732630861763479970e+03 1.712674308376068932e+00 7.461621763646308914e+00 8.916913539883718840e+03
1.958158506377660615e+03 1.330430937373047851e+00 7.475595302530879671e+00 8.917078206930178567e+03
1.932843865383234515e+03 1.402885493863021527e+00 7.449571469749153074e+00 8.917270047650436027e+03
1.596886026072796312e+03 1.937734671366751815e+00 7.459408541208527588e+00 8.917492299700967123e+03
1.669011296541054890e+03 1.996143979785900191e+00 7.463682460549800446e+00 8.917857298006623751e+03
1.825506510077340181e+03 1.644901893274760107e+00 7.487219931958938091e+00 8.918100408072004939e+03
1.610882452060184505e+03 2.045514868883833159e+00 7.455821997393859313e+00 8.918377698366304685e+03
1.804758582002604726e+03 1.607129316613781667e+00 7.484213866705670348e+00 8.918976782743526201e+03
1.720271967214286406e+03 1.698030809507483418e+00 7.498789490301143168e+00 8.919116649989773578e+03
1.568707010624296345e+03 2.100019360234422372e+00 7.465814285841608999e+00 8.919191230429747520e+03
1.971175136725417360e+03 1.347053253262536332e+00 7.481825269695615788e+00 8.919368084264384379e+03
1.733690578347070414e+03 1.738056610166808680e+00 7.477745528779357720e+00 8.919738549836403763e+03
1.975208228168018195e+03 1.293425005410268280e+00 7.485991621488857106e+00 8.919757834599276975e+03
1.782335697363497275e+03 1.676733753700960561e+00 7.437662709145442363e+00 8.920622896418759410e+03
1.557075098546199115e+03 2.163030912762395452e+00 7.444939864871864543e+00 8.920658248312163778e+03
1.679654031029152293e+03 1.893671606927945783e+00 7.458645347417771632e+00 8.920696853471516079e+03
1.921361259077011709e+03 1.503459144481704701e+00 7.464362913201678218e+00 8.921194564318231642e+03
1.700726172565414117e+03 1.836247866499287840e+00 7.491102457493719946e+00 8.921677809032980804e+03
1.921361259077011709e+03 1.503459144481704701e+00 7.464362913201678218e+00 8.921755688376917533e+03
1.709324973509878873e+03 1.822486806798652603e+00 7.475777097735390342e+00 8.921802488344945232e+03
1.699542018260861369e+03 1.828491245308322410e+00 7.470656323337500737e+00 8.922384180487331832e+03
1.869732661098544440e+03 1.522266744498717017e+00 7.464775435038031759e+00 8.922508475579437800e+03
1.659390869543915414e+03 1.957913904854272857e+00 7.450287141328191254e+00 8.922716017854756501e+03
1.884954612931908741e+03 1.582557899346617614e+00 7.456415623594193853e+00 8.922780390846497539e+03
1.580225672458763256e+03 2.123367561685272076e+00 7.461201892259852642e+00 8.923092290238153510e+03
1.605762928271362853e+03 1.974539817938694597e+00 7.466481745909102408e+00 8.923229834958241554e+03
1.801321435092598676e+03 1.633763147003566285e+00 7.452589136214499810e+00 8.923398834331459511e+03
1.744510571546815299e+03 1.724386391178763800e+00 7.474365824975119033e+00 8.923489637743021376e+03
1.536316918424919777e+03 2.250992554061095774e+00 7.453025627612502646e+00 8.924609207695020814e+03
1.995883052967112690e+03 1.183768530550371345e+00 7.491801942045884566e+00 8.924715098238171777e+03
1.903542653860715291e+03 1.520089461888075144e+00 7.448609108792036082e+00 8.924781366141354738e+03
1.818116124081869430e+03 1.579294560709686213e+00 7.471286822668054661e+00 8.924887050343346345e+03
1.859365293855331402e+03 1.552018484231310946e+00 7.470216984807279026e+00 8.925242281658049251e+03
1.787495185869790475e+03 1.597381618816542614e+00 7.440449795449604053e+00 8.925511207109675524e+03
1.821268428015949212e+03 1.626662665128012719e+00 7.454471083140876253e+00 8.925614498129107233e+03
1.628471949743156983e+03 2.027506267283338381e+00 7.471290255722231599e+00 8.925963240204608155e+03
1.613429234286507608e+03 2.085891769093318526e+00 7.466451806192230478e+00 8.926496547081596873e+03
1.851313181585016764e+03 1.489213656716807721e+00 7.459818067434941469e+00 8.927253359112983162e+03
1.930484730662053607e+03 1.429749416335702294e+00 7.457632308785297148e+00 8.927433724875252665e+03
1.959361649346803006e+03 1.352810048567257173e+00 7.478435111880982866e+00 8.927474170193407190e+03
1.579421161699481218e+03 2.124712435004229238e+00 7.436196120238642848e+00 8.927725632435351145e+03
1.957452014529093276e+03 1.358540126293650729e+00 7.460079972020418282e+00 8.927880194085188123e+03
1.617561493255139567e+03 2.050134207389282981e+00 7.473718763695316625e+00 8.928035902348876334e+03
1.927999133425457558e+03 1.445312940458333362e+00 7.428123263660414644e+00 8.928301237873050923e+03
1.933257307772000786e+03 1.387563635826899233e+00 7.456644877322112563e+00 8.928985395963327392e+03
1.529087146543511381e+03 2.233189982382702610e+00 7.449087492386230025e+00 8.929469094238589605e+03
1.732810137639522509e+03 1.773516730122165930e+00 7.449651742240435581e+00 8.929557879684416548e+03
1.599242184177373701e+03 1.988444852366335613e+00 7.463845695565615834e+00 8.929595623051427538e+03
1.981602905305259583e+03 1.324615864709818958e+00 7.470190300006737338e+00 8.929963973868238099e+03
1.903542653860715291e+03 1.520089461888075144e+00 7.448609108792036082e+00 8.930430077352282751e+03
1.506484108365746806e+03 2.292396778121713830e+00 7.423029966152274284e+00 8.930553304903471144e+03
1.573272572203095706e+03 2.056263877451744548e+00 7.481268624789065846e+00 8.931217713619129427e+03
1.878297872842003699e+03 1.506354166113390125e+00 7.488055944343384063e+00 8.931232941802390997e+03
1.765785199633261982e+03 1.753120804582397385e+00 7.469380949195842945e+00 8.933087560111333005e+03
1.587834001873181251e+03 2.115213153485106190e+00 7.458576639145334752e+00 8.933115962829469936e+03
1.748323603424178373e+03 1.793291046099586117e+00 7.470205665242755977e+00 8.933573813325891024e+03
1.523330441758817415e+03 2.189485785819487162e+00 7.496155111009235483e+00 8.933664986115287320e+03
1.568263407197383458e+03 2.048953916112475682e+00 7.465932111688345252e+00 8.934165018628811595e+03
1.603220953914892561e+03 2.145743734967072935e+00 7.470367183057181393e+00 8.934392959440863706e+03
1.994071567850186284e+03 1.253518283899391905e+00 7.503876134897856431e+00 8.934442119691977496e+03
1.710442197368720372e+03 1.806235354673004334e+00 7.479595681493905523e+00 8.934463708429826511e+03
1.997378177007023623e+03 1.297525651148630610e+00 7.464913653287398532e+00 8.934506805370052462e+03
1.805219110300432021e+03 1.678455812249682877e+00 7.458042503850369265e+00 8.934869096617569085e+03
1.861888550876369663e+03 1.613606283440041533e+00 7.461436105315813805e+00 8.934982269011925382e+03
1.937970192762871648e+03 1.404719655380505916e+00 7.469821313736510149e+00 8.935210027689538038e+03
1.614401920137872594e+03 1.885865662085216332e+00 7.466841553450634272e+00 8.935376893786124128e+03
1.682317669803509943e+03 1.875752756861735815e+00 7.482656871896349315e+00 8.935955736897325551e+03
1.818064552387157619e+03 1.632673226476713868e+00 7.460714209618299009e+00 8.936273179189363873e+03
1.532310309314053256e+03 2.345171065974681390e+00 7.485539690313765426e+00 8.936351812183054790e+03
1.680231670509089554e+03 1.849842657749143804e+00 7.464121348459158867e+00 8.936693099445206826e+03
1.943415853693714325e+03 1.426178988137956294e+00 7.482407335930648884e+00 8.938037030092495115e+03
1.890625065196740707e+03 1.572627436182019611e+00 7.432600117923016114e+00 8.938502402906373391e+03
1.805326206111138617e+03 1.603246050070279205e+00 7.498992509684951457e+00 8.939371269054434379e+03
1.787012486753695612e+03 1.689239508601831696e+00 7.461118703878267588e+00 8.939544640009837167e+03
1.642152209785314199e+03 2.015315098649935521e+00 7.493214820222147132e+00 8.940679460019067847e+03
1.969182350832062411e+03 1.361849417841264120e+00 7.467760917552724642e+00 8.940913236266498643e+03
1.925128050715252812e+03 1.467391659851944530e+00 7.472376209939586289e+00 8.940941217435070939e+03
1.752730791256189605e+03 1.783168980582498842e+00 7.464414199565658770e+00 8.942343972550093895e+03
1.761961002519795784e+03 1.773341309048086512e+00 7.466894031933783538e+00 8.942374415068181406e+03
1.506098087709765196e+03 2.265075228374536565e+00 7.481298026086523834e+00 8.942588963526184671e+03
1.992331263021320410e+03 1.259652202132292231e+00 7.490800476277575726e+00 8.942658348491060678e+03
1.647513402708103968e+03 1.977138027882937799e+00 7.436868251354280979e+00 8.942877211445793364e+03
1.892851562260957962e+03 1.537940414999000582e+00 7.454484504858115201e+00 8.942884370170972034e+03
1.944498198159996036e+03 1.476533534436657913e+00 7.432011877147324697e+00 8.943228519377411430e+03
1.637309737228101085e+03 1.971836516872766731e+00 7.481124431627620197e+00 8.943803805803063369e+03
1.660057815394058252e+03 1.880707603554996776e+00 7.499017670577436512e+00 8.943847259919926728e+03
1.967914572915252165e+03 1.416553642212696751e+00 7.459039309930982853e+00 8.944013312641058292e+03
1.736606650904788921e+03 1.766081554792148012e+00 7.430584845159065921e+00 8.944108379599569162e+03
1.955387182464095758e+03 1.346055330773580971e+00 7.473334518469838095e+00 8.944822526827443653e+03
1.509733696111313748e+03 2.209532182069079198e+00 7.458762926063827514e+00 8.945120960068044951e+03
1.731692641226499745e+03 1.812735238215219535e+00 7.465371137129898749e+00 8.945821429486324632e+03
1.995259428366995962e+03 1.240739930492688714e+00 7.479877696392942532e+00 8.946064091490688952e+03
1.686015852634899147e+03 1.875533811669706008e+00 7.437842741887271458e+00 8.946161119012676863e+03
1.559449113103817581e+03 2.135132044002959528e+00 7.461314002757788444e+00 8.946451153800115208e+03
1.969600755801146306e+03 1.371520174514359258e+00 7.448861186124651645e+00 8.946826117204609545e+03
1.782950557610761734e+03 1.633670466506876640e+00 7.460998725036708912e+00 8.947475168045404644e+03
1.904968905670583354e+03 1.546821035003223654e+00 7.445186127852152502e+00 8.947652617760582871e+03
1.700465037954420495e+03 1.908992026033706990e+00 7.490903867889505463e+00 8.947988638406633982e+03
1.937589813497204432e+03 1.340378065106557770e+00 7.459912989237546199e+00 8.947995747185452274e+03
1.708718152865972343e+03 1.756560873557019953e+00 7.488655146178152755e+00 8.948024290173711051e+03
1.856106944745112514e+03 1.592623445419921957e+00 7.471016378005359115e+00 8.948294269805135627e+03
1.711150822828101354e+03 1.861642118967233861e+00 7.475885114960474809e+00 8.948981708655181137e+03
1.874593157259527061e+03 1.498019499367974738e+00 7.472610430841867490e+00 8.949009951718886441e+03
1.738121828683360718e+03 1.749296998038938789e+00 7.474766594002244524e+00 8.949165684275903914e+03
1.709319512829822997e+03 1.819536818253706612e+00 7.451877730921627752e+00 8.949293569276765993e+03
1.628431835714745603e+03 1.907358651005785832e+00 7.447900556195380162e+00 8.949485666302591198e+03
1.839133849444457610e+03 1.620634309043044397e+00 7.480400603374297575e+00 8.949547514363759547e+03
1.535576464550498940e+03 2.280433603644276275e+00 7.448131608469406473e+00 8.949838792146558262e+03
1.621720922098402298e+03 1.919725323064838340e+00 7.470589623237788857e+00 8.950021243306604447e+03
1.660057815394058252e+03 1.880707603554996776e+00 7.499017670577436512e+00 8.951009336948280179e+03
1.911676589776606534e+03 1.486020554588218578e+00 7.468873145486510268e+00 8.951166500754417939e+03
1.887208013296240551e+03 1.456103251468360948e+00 7.468448822038327606e+00 8.951498276170761528e+03
1.513691703118500982e+03 2.268763907048430895e+00 7.453425755113145534e+00 8.952400615324362661e+03
1.815330630972408926e+03 1.569610245754137878e+00 7.464492213039247481e+00 8.952516010482633646e+03
1.931307535761542567e+03 1.383519668374032507e+00 7.455575125916404033e+00 8.953066980915549721e+03
1.692129712320986528e+03 1.907117204741885175e+00 7.461485555970391204e+00 8.953294045837281374e+03
1.999404579731966351e+03 1.295100663135357877e+00 7.484584384831260095e+00 8.953526733634920674e+03
1.634612016483703428e+03 1.938375203650448686e+00 7.445141387261294597e+00 8.953687787527487671e+03
1.685335795927317577e+03 1.899853068266869505e+00 7.462119319879653823e+00 8.953761258400731094e+03
1.542319487732629568e+03 2.286590916328904211e+00 7.475155300057849672e+00 8.954282736335415393e+03
1.712708802938400822e+03 1.802632628637439449e+00 7.457713580502709050e+00 8.954394142636379911e+03
1.857338747671814644e+03 1.524959552649168604e+00 7.488066555974861593e+00 8.955154554529126472e+03
1.511154681147973633e+03 2.158514649935594054e+00 7.461140931386172070e+00 8.955227209659204163e+03
1.922790556938643931e+03 1.408781866354894330e+00 7.463281140607303854e+00 8.955406201228268401e+03
1.817961173411145865e+03 1.561545578292172554e+00 7.461974273256734236e+00 8.955473791015214374e+03
1.585932707799516038e+03 2.013810682910571970e+00 7.471713782703737650e+00 8.955786933632512955e+03
1.769844366992480900e+03 1.667163068655871161e+00 7.458360790709395616e+00 8.955975294861704242e+03
1.780844977570204492e+03 1.656513962101140214e+00 7.445641980103486546e+00 8.955996999231290829e+03
1.609480013796175854e+03 2.066652239537938751e+00 7.468804949067985532e+00 8.956340673102156870e+03
1.947058439223571213e+03 1.366103007917466527e+00 7.486105220863523257e+00 8.956530281291337815e+03
1.920033721082386819e+03 1.413420269549227060e+00 7.480284553019911797e+00 8.956586075609347972e+03
1.554082114859456624e+03 2.118459195087464053e+00 7.451618261892209105e+00 8.956712795150091551e+03
1.847606326292014273e+03 1.518325932767758957e+00 7.451782551470672367e+00 8.956735696372659731e+03
1.733968098290894659e+03 1.788099696106565606e+00 7.468455744027578724e+00 8.957105174028047259e+03
1.981847708343739214e+03 1.328933411935750986e+00 7.480492403243961697e+00 8.957793846989887243e+03
1.830039202224470500e+03 1.590497724991022155e+00 7.466936812435982063e+00 8.958074933172856618e+03
1.771632345819199600e+03 1.730381224162049092e+00 7.449946037432425783e+00 8.958136857672951010e+03
1.508255078822033056e+03 2.296417787711206859e+00 7.470747932262129076e+00 8.958169583575214347e+03
1.930724539469663796e+03 1.463655433550886897e+00 7.473476650210162830e+00 8.958415561644629634e+03
1.737376758496853881e+03 1.792415061234012841e+00 7.473897911359459911e+00 8.958444756342991241e+03
1.924694100879943107e+03 1.471895569684947169e+00 7.472370629371783757e+00 8.959172455997031648e+03
1.786964207749688285e+03 1.700873691428503642e+00 7.467297267093325530e+00 8.959218552732017997e+03
1.638688053979460165e+03 2.044129152181443310e+00 7.449993038053147387e+00 8.959218763341001250e+03
1.766403168586979518e+03 1.687713585241949366e+00 7.445808129235420125e+00 8.959222952914569760e+03
1.615092552336628387e+03 2.013742060833813241e+00 7.456794741338796939e+00 8.959225382900134719e+03
1.715798983292891080e+03 1.831375789087805739e+00 7.439012449877741240e+00 8.959409294927500014e+03
1.582947181061065749e+03 2.027073607432325009e+00 7.436873996960653876e+00 8.959474324492246524e+03
1.927586920694191349e+03 1.461605485233442803e+00 7.473690997692504112e+00 8.959518122644718460e+03
1.569567334814571495e+03 2.008806310261587846e+00 7.460263979248211719e+00 8.959902647406313918e+03
1.915634954457347249e+03 1.347326976159567868e+00 7.468261411360323621e+00 8.960343835756606495e+03
1.509893295907033007e+03 2.358223864415634807e+00 7.469146536746175791e+00 8.960720441988716630e+03
1.822353630786959911e+03 1.464568883810257960e+00 7.468593067101613414e+00 8.960829929777470170e+03
1.501662298911467587e+03 2.204204375151874729e+00 7.473735919270323436e+00 8.961051544270736485e+03
1.910714063502899762e+03 1.464327276235486419e+00 7.458246600658299030e+00 8.961115528001062557e+03
1.914137686784522430e+03 1.461236575011529926e+00 7.461192857705177595e+00 8.961280102337846984e+03
1.611246019966818722e+03 2.043900874563666648e+00 7.472688049594611748e+00 8.961389556012643880e+03
1.769502471403221989e+03 1.642348390972722560e+00 7.480989576446773093e+00 8.961774050754429481e+03
1.744289637430052608e+03 1.787162923553182292e+00 7.461623627981543549e+00 8.961848570506626857e+03
1.960927106183839214e+03 1.333506357469393944e+00 7.490080217320513434e+00 8.962141532336119781e+03
1.854195340327429903e+03 1.529987001284473180e+00 7.468030690566057395e+00 8.962278166723584945e+03
1.951617087235729741e+03 1.357498720302195760e+00 7.475905068009496723e+00 8.962310423172437368e+03
1.903181859218628915e+03 1.531104580501739809e+00 7.442099335806896754e+00 8.962398772419575835e+03
1.765331598615425946e+03 1.684693431868266256e+00 7.475467839799307512e+00 8.962416144937427816e+03
1.807164945728390194e+03 1.575006815255063364e+00 7.466811948648166108e+00 8.962491372705284448e+03
1.581851757270506596e+03 2.072560247501858743e+00 7.473631622164156774e+00 8.963173002459398049e+03
1.563578806776543615e+03 1.996338989341319481e+00 7.470914932321822022e+00 8.963355680961085454e+03
1.818064552387157619e+03 1.632673226476713868e+00 7.460714209618299009e+00 8.963486710376520932e+03
1.870102950089662045e+03 1.530958707796636675e+00 7.453127022446703442e+00 8.963536142197586742e+03
1.874532983710242888e+03 1.516392334306888356e+00 7.455766124956774377e+00 8.963813653352835900e+03
1.773813081700454632e+03 1.617335571066681021e+00 7.469090111384866226e+00 8.964062554850119341e+03
1.624425307949590433e+03 2.086584673355826425e+00 7.463239020869932183e+00 8.964246916963318654e+03
1.963043222622729445e+03 1.384875979099244203e+00 7.473165801219339599e+00 8.964620961945169256e+03
1.777815545560685223e+03 1.676409499020972804e+00 7.465636642872877538e+00 8.964733988408572259e+03
1.783835838579745086e+03 1.650314414346874425e+00 7.471728128510376266e+00 8.964787651460585039e+03
1.642152209785314199e+03 2.015315098649935521e+00 7.493214820222147132e+00 8.965152332206203937e+03
1.683864578214709127e+03 1.969953272540089451e+00 7.492818098345839672e+00 8.965162588704681184e+03
1.924689436367600820e+03 1.432116784929202247e+00 7.463472040414082187e+00 8.965232727729315229e+03
1.637496973606366282e+03 1.911626420120523306e+00 7.440657928506963614e+00 8.965243961614627551e+03
1.721773173035523769e+03 1.782014962156883486e+00 7.438240252627882576e+00 8.965266372188203604e+03
1.934556667988117397e+03 1.380137570956908366e+00 7.480121846467143953e+00 8.965459412333215369e+03
1.846590056239438582e+03 1.545388133906126837e+00 7.460557137473548650e+00 8.965685743377734980e+03
1.567590122906005263e+03 2.092164360302083637e+00 7.456268526395025908e+00 8.965815115818995764e+03
1.836808095849329220e+03 1.580000897907026136e+00 7.438486907238702983e+00 8.966277084165345514e+03
1.656830995920770420e+03 1.957302350223741216e+00 7.474334890995358194e+00 8.966366208720401119e+03
1.838857321219887581e+03 1.555899862119715982e+00 7.481088417856080142e+00 8.966445900927597904e+03
1.521257051314276623e+03 2.164649059419671229e+00 7.469301186920108471e+00 8.966593894799649206e+03
1.809778111391645325e+03 1.552374579628569951e+00 7.470722488116488869e+00 8.966830369227427582e+03
1.665547002403540773e+03 1.890761379029933131e+00 7.492868047282744470e+00 8.966881493445129308e+03
1.832600506370642734e+03 1.633789238103564134e+00 7.473709308297736165e+00 8.966950443708648891e+03
1.745365644289576267e+03 1.644970262270709638e+00 7.466971069381921566e+00 8.967038834941371533e+03
1.616842699105234715e+03 2.013858899410681857e+00 7.481512096486381047e+00 8.967732491886992648e+03
1.637384945548002406e+03 2.031409733136982698e+00 7.473308739989518834e+00 8.967757290708590517e+03
1.635738859425242936e+03 2.030783244338336679e+00 7.474105549020646500e+00 8.967904982853007823e+03
1.579504485897691438e+03 2.174627236319306434e+00 7.470484009903068490e+00 8.968109625368502748e+03
1.518884378318208292e+03 2.228238847794643540e+00 7.440237552875247573e+00 8.968168972599987683e+03
1.964603932692769604e+03 1.344849452670360490e+00 7.461590908996371674e+00 8.968488476514796275e+03
1.743720544709572096e+03 1.730409362100713500e+00 7.449457042640033499e+00 8.968643038054917270e+03
1.665547002403540773e+03 1.890761379029933131e+00 7.492868047282744470e+00 8.968853485923924381e+03
1.828872468378925305e+03 1.573201265567355733e+00 7.468561848864139208e+00 8.968936628087556528e+03
1.753892013627074903e+03 1.775012978112564976e+00 7.445009484251243315e+00 8.968955122992605538e+03
1.656731399471709892e+03 1.937140539779080184e+00 7.464645482331036419e+00 8.969009057354582183e+03
1.610905687468332872e+03 1.974693006265620276e+00 7.448008606175710256e+00 8.969122721966423342e+03
1.801321435092598676e+03 1.633763147003566285e+00 7.452589136214499810e+00 8.969352919284403470e+03
1.617561493255139567e+03 2.050134207389282981e+00 7.473718763695316625e+00 8.970139261560851082e+03
1.721192249307774773e+03 1.888078044134343658e+00 7.481705673769903697e+00 8.970696262784986175e+03
1.604077792773198553e+03 1.955686130919549015e+00 7.443523203778728003e+00 8.970989498599259605e+03
1.982211744177081528e+03 1.261439227626885540e+00 7.483282906500794418e+00 8.971020779725467946e+03
1.908890564375411486e+03 1.466867853161311741e+00 7.473969686499342124e+00 8.971402293625989842e+03
1.979708757410828639e+03 1.365202918051991121e+00 7.449181465197727725e+00 8.971765087684882019e+03
1.735121533378744061e+03 1.666828892987719080e+00 7.465020023841118402e+00 8.971979239122007129e+03
1.875627882473122327e+03 1.526567154102672408e+00 7.486443008056753889e+00 8.972130511863359061e+03
1.557319866126988700e+03 2.181373338662237593e+00 7.440053496229928065e+00 8.972186489544688811e+03
1.784966037063938302e+03 1.612485288863036992e+00 7.461083542985093686e+00 8.972283107541616118e+03
1.957364157493409039e+03 1.355782522577865912e+00 7.458705975762035756e+00 8.973077284285807764e+03
1.690839752242139184e+03 1.861984550110558301e+00 7.448722864321620563e+00 8.973314118471529582e+03
1.648174845120454847e+03 1.858334758980812573e+00 7.455587294582599611e+00 8.973638987752157846e+03
1.956176401970494226e+03 1.318450490496661853e+00 7.446192046057583447e+00 8.973691380919432049e+03
1.747546899961252620e+03 1.702546994490373278e+00 7.462961424389308540e+00 8.974212385863653253e+03
1.924422960966068104e+03 1.424042502167722546e+00 7.473416065281793585e+00 8.974412933750694719e+03
1.808517978563253109e+03 1.573995469824630788e+00 7.475101757949409453e+00 8.974423226159749902e+03
1.760903319611787310e+03 1.636689351708867646e+00 7.481067782822746537e+00 8.974484438872581450e+03
1.642945195473495005e+03 1.971161377359674782e+00 7.475909206298589460e+00 8.974596952842872270e+03
1.616822706765042994e+03 2.028841051192876055e+00 7.441036759897220243e+00 8.974734710211669153e+03
1.607862916343300412e+03 2.018524659517769493e+00 7.476693883608210633e+00 8.974924222742905840e+03
1.900404169236630878e+03 1.423963549099516612e+00 7.458382177330793894e+00 8.975017519827528304e+03
1.721773173035523769e+03 1.782014962156883486e+00 7.438240252627882576e+00 8.975280137802436002e+03
1.909292477921000454e+03 1.512047511570666636e+00 7.480870153004947731e+00 8.975603363176653147e+03
1.871340842110506856e+03 1.488629837101836717e+00 7.508349194932631754e+00 8.975656455588306926e+03
1.513159610780794083e+03 2.179801019052862276e+00 7.476672183258382454e+00 8.975747626885098725e+03
1.760903319611787310e+03 1.636689351708867646e+00 7.481067782822746537e+00 8.975799053409726184e+03
1.714184044651607110e+03 1.862958808166419455e+00 7.451150192863528865e+00 8.975882097823920049e+03
1.921592578800233468e+03 1.350409848187207107e+00 7.470981435357552769e+00 8.976658504181516037e+03
1.674708975151025015e+03 1.952198712570888839e+00 7.452163526021632123e+00 8.976988136986072277e+03
1.613594804554242501e+03 2.049880395376722841e+00 7.457369923776386855e+00 8.977128060208766328e+03
1.745365644289576267e+03 1.644970262270709638e+00 7.466971069381921566e+00 8.977796443651275695e+03
1.946285170764483382e+03 1.376978442098012678e+00 7.440528184572912096e+00 8.978427632150353020e+03
1.894712511032958446e+03 1.482944794913785502e+00 7.450364199325603565e+00 8.978443955386264861e+03
1.995248546533645822e+03 1.281436492151787565e+00 7.468641051811630405e+00 8.978516960805876806e+03
1.605629689913399034e+03 2.111073192736434567e+00 7.460761030419821083e+00 8.978677368561164258e+03
1.996236919525088524e+03 1.292215226093720304e+00 7.447426568644957889e+00 8.978789322077403995e+03
1.843570130279940258e+03 1.472404816279468287e+00 7.495516105583265976e+00 8.979099480036962632e+03
1.933680520694300640e+03 1.406379622426066955e+00 7.460998653628738708e+00 8.979204731477382666e+03
1.668020865544207481e+03 1.942575961360471393e+00 7.458766969154369875e+00 8.979453692070781472e+03
1.518508748539782800e+03 2.263210924113925326e+00 7.483104853727823524e+00 8.979711731152041466e+03
1.602430905813310119e+03 2.084331567598308510e+00 7.456326187910166325e+00 8.979948249796781965e+03
1.971175136725417360e+03 1.347053253262536332e+00 7.481825269695615788e+00 8.980129024452327940e+03
1.505000286020647081e+03 2.097906214235253142e+00 7.457751126114600559e+00 8.980674962415654591e+03
1.526605781999232931e+03 2.187449991948394068e+00 7.444399651528741835e+00 8.980795192267300081e+03
1.956642727138520513e+03 1.363248312781418115e+00 7.467843288207027364e+00 8.981373731781841343e+03
1.936925221942785583e+03 1.341504064003307573e+00 7.456349448834832749e+00 8.981439327157222579e+03
1.870426012792193205e+03 1.522938648944055950e+00 7.457454048514557954e+00 8.981476418392392588e+03
1.935334486861841469e+03 1.375952739494454846e+00 7.458703986094322502e+00 8.981501958562932487e+03
1.810590845546352284e+03 1.513482633718116199e+00 7.482517896711951444e+00 8.981639747364282812e+03
1.625436090580633390e+03 2.048355658112335220e+00 7.471489843522141072e+00 8.981684048826000435e+03
1.844987919507446577e+03 1.477291502398190959e+00 7.471240773168469573e+00 8.981769605008368671e+03
1.626940691943219463e+03 1.963076996126404516e+00 7.459887366337181192e+00 8.981772726110135409e+03
1.905282888337548229e+03 1.527276094678585716e+00 7.461788569205042521e+00 8.981855830052580131e+03
1.887425570723415149e+03 1.543279067838050134e+00 7.432507069222533680e+00 8.981977014969541415e+03
1.770354098239158702e+03 1.739070607178700767e+00 7.456510567430340686e+00 8.982004098933435671e+03
1.782335697363497275e+03 1.676733753700960561e+00 7.437662709145442363e+00 8.982043779188854387e+03
1.531441337996033326e+03 2.190162206722735760e+00 7.454349301313604848e+00 8.982257353448057984e+03
1.845780399678598314e+03 1.589546699500930860e+00 7.513609826787624790e+00 8.982395002775539979e+03
1.771535277296926779e+03 1.691766574472779006e+00 7.442438103116028714e+00 8.982930017203725583e+03
1.844987919507446577e+03 1.477291502398190959e+00 7.471240773168469573e+00 8.983358800626394441e+03
1.732292520441340002e+03 1.812373620587774514e+00 7.468615979785873549e+00 8.983391966469105682e+03
1.660777541555801463e+03 1.998671664223491851e+00 7.468209589675453230e+00 8.983624103679656400e+03
1.789672632822971536e+03 1.558343127966347552e+00 7.454456043285695444e+00 8.983876275078246181e+03
1.924694100879943107e+03 1.471895569684947169e+00 7.472370629371783757e+00 8.984185330195767165e+03
1.765357645003593007e+03 1.722577037356465501e+00 7.465545276445840095e+00 8.984681458124627170e+03
1.592384100818337629e+03 1.996644989914095447e+00 7.440978829360057389e+00 8.984996609395549967e+03
1.908401527239736197e+03 1.505508910741249373e+00 7.449399826166072103e+00 8.985358609370103295e+03
1.685276788875937655e+03 1.880431006835945107e+00 7.464937811069432883e+00 8.985624675256949558e+03
1.908702369781875404e+03 1.492491039686037357e+00 7.451731818262967266e+00 8.985725290618889630e+03
1.863618211886860990e+03 1.530762012914441250e+00 7.473285722141212339e+00 8.985825983079546859e+03
1.558741952567171666e+03 2.235861073531905330e+00 7.441401448929455320e+00 8.985947119422613468e+03
1.569107286147236209e+03 2.156337206693734743e+00 7.468763830929377789e+00 8.986186791724483555e+03
1.545365921937159328e+03 2.099519872496183659e+00 7.489353406611208186e+00 8.986421256043546236e+03
1.781164453482029330e+03 1.611755239021237740e+00 7.481322048310882877e+00 8.986569806118935958e+03
1.556067956434198550e+03 2.099759926380572406e+00 7.496388208699310773e+00 8.986622170276088582e+03
1.567295235976134791e+03 2.046396636951289150e+00 7.461808504151436594e+00 8.986629662981735237e+03
1.648124247231249228e+03 1.965391639992124295e+00 7.466747501899804185e+00 8.986757617265513545e+03
1.801704578722392853e+03 1.542381242149054144e+00 7.484677310531018257e+00 8.986770593184815880e+03
1.940649383099246052e+03 1.388524360269307145e+00 7.465532488986015736e+00 8.986804259059774267e+03
1.903542653860715291e+03 1.520089461888075144e+00 7.448609108792036082e+00 8.986818843442120851e+03
1.949172996662987316e+03 1.357034901881140954e+00 7.459081112512384593e+00 8.986899660806328029e+03
1.851313181585016764e+03 1.489213656716807721e+00 7.459818067434941469e+00 8.987610164539184552e+03
1.764306854395518485e+03 1.744607961183934464e+00 7.483894654875769881e+00 8.987729051141264790e+03
1.965194234855854120e+03 1.304632331786922839e+00 7.456322745166571231e+00 8.987768637216946445e+03
1.781787498411099477e+03 1.643175466482700742e+00 7.459435675484423989e+00 8.988058971567521439e+03
1.762726697389888841e+03 1.686838259050239541e+00 7.460810986332407246e+00 8.988117703155861818e+03
1.699684569862014541e+03 1.983204811286386260e+00 7.459202559675119915e+00 8.988284216345087771e+03
1.618764359868750944e+03 2.044756561404631690e+00 7.486300736244816179e+00 8.988321742979240298e+03
1.803757813728877181e+03 1.561404734349852497e+00 7.471319217680739477e+00 8.988558973915452952e+03
1.864960646545178633e+03 1.562180699100065961e+00 7.482596617177372345e+00 8.989430042915153535e+03
1.985856549549898091e+03 1.274466626674715108e+00 7.452079999987724968e+00 8.989573677465756191e+03
1.891805417304486355e+03 1.522499971677492514e+00 7.464536515112582649e+00 8.989610314417897825e+03
1.734225699106418688e+03 1.809709328388997784e+00 7.471531709080554862e+00 8.989892208505802046e+03
1.677862888796296829e+03 1.755618773062997295e+00 7.479221441876922505e+00 8.989947589475397763e+03
1.711762201252917976e+03 1.737414665743015174e+00 7.469178746066607033e+00 8.989958011128976068e+03
1.997597072512996874e+03 1.283620745908435445e+00 7.454807832055852401e+00 8.989997634355211630e+03
1.958935787114839968e+03 1.326774445552973525e+00 7.477068896391867447e+00 8.990360626154100828e+03
1.732399566744609047e+03 1.843289996264546371e+00 7.471577912587012982e+00 8.990441876589302410e+03
1.557319866126988700e+03 2.181373338662237593e+00 7.440053496229928065e+00 8.990633950965149779e+03
1.918525737352021224e+03 1.401443289620899924e+00 7.451555420303255239e+00 8.990656292403809857e+03
1.793112627468746496e+03 1.641548351236542524e+00 7.453256572737508634e+00 8.990745403140497729e+03
1.940482974841171426e+03 1.388670815475019138e+00 7.469429388209566589e+00 8.990968568267517185e+03
1.642268757717038397e+03 1.952185651930794741e+00 7.493292899271475349e+00 8.991183636481184294e+03
1.514712492600493988e+03 2.302939776871236077e+00 7.489205967178348189e+00 8.991399024127587836e+03
1.555212654849020964e+03 2.152648270641302375e+00 7.485894986806303386e+00 8.991748829985182965e+03
1.585671179726007267e+03 2.036484813564849006e+00 7.469607170960341769e+00 8.992007936257828987e+03
1.987639458558110846e+03 1.272259489277810518e+00 7.457411507941043460e+00 8.992082634292366492e+03
1.921977411451233820e+03 1.456336079835785391e+00 7.461335459609463427e+00 8.992127334834956855e+03
1.864007598975053725e+03 1.567502389681480146e+00 7.476194717684154334e+00 8.992373313355890787e+03
1.863918549627327820e+03 1.593255847312980755e+00 7.478390660850063654e+00 8.992414176079573735e+03
1.731452059234264425e+03 1.854060642299116379e+00 7.465516377917699842e+00 8.992589753474769168e+03
1.871184656380915840e+03 1.526406691379849967e+00 7.467286040100998612e+00 8.992667597702644343e+03
1.919976044733667322e+03 1.441861149260702302e+00 7.464081241094329577e+00 8.992683032851418830e+03
1.809020237506409103e+03 1.624004676101280520e+00 7.468258740975939780e+00 8.992866373139158895e+03
1.628550719605420682e+03 1.945033174658303610e+00 7.485267962982606882e+00 8.992900377027270224e+03
1.654469673632825561e+03 1.883737088155518657e+00 7.462977245054720044e+00 8.992950778039863508e+03
1.799437280773119028e+03 1.586858792925516015e+00 7.455488544116794181e+00 8.993011728996007150e+03
1.526895549309558419e+03 2.266843044615558966e+00 7.462533098048600877e+00 8.993084722712172152e+03
1.722503759877979292e+03 1.826591782699154010e+00 7.457798519838426010e+00 8.993159207947717732e+03
1.683018395910714617e+03 1.919644616303652462e+00 7.469373187906153788e+00 8.993520960965801351e+03
1.646346926122117566e+03 1.889803660206345493e+00 7.438724219805900262e+00 8.993968978517044889e+03
1.915021141326121096e+03 1.403245747866686655e+00 7.445482260648620176e+00 8.993976641622384705e+03
1.935756094200213283e+03 1.399547133305696356e+00 7.466394496299148642e+00 8.994076686034906743e+03
1.965679251181017662e+03 1.379755082033217173e+00 7.466127211807571662e+00 8.994100083955983791e+03
1.584794654274670165e+03 2.101114972460044861e+00 7.460452117591167109e+00 8.994369714127367843e+03
1.610948201182390221e+03 1.869755833025219305e+00 7.482354281435610766e+00 8.994634916450711899e+03
1.522672086205744790e+03 2.243185078920518549e+00 7.464272166447455170e+00 8.994665194899922426e+03
1.628970563560317942e+03 2.035793218022051487e+00 7.495162507458951850e+00 8.994769840269273118e+03
1.598743123955553756e+03 2.013193419206906309e+00 7.477957662697315655e+00 8.994773456499997337e+03
1.518208392153035220e+03 2.197311527174941048e+00 7.468207226492286743e+00 8.995265316134336899e+03
1.921361259077011709e+03 1.503459144481704701e+00 7.464362913201678218e+00 8.995458759403260046e+03
1.771535277296926779e+03 1.691766574472779006e+00 7.442438103116028714e+00 8.995839218701734353e+03
1.714668132510731084e+03 1.881223813052620653e+00 7.473679627079488519e+00 8.995857551112248984e+03
1.863141269991294848e+03 1.514402537188161535e+00 7.456586981123921376e+00 8.995908002061272782e+03
1.982211744177081528e+03 1.261439227626885540e+00 7.483282906500794418e+00 8.995955543866941298e+03
1.646203204586727225e+03 2.022005602267888946e+00 7.470083719735962191e+00 8.996021771461575554e+03
1.851418262772819617e+03 1.545003775745685815e+00 7.464232725085210518e+00 8.996062506862826922e+03
1.686413005005764262e+03 1.899673302056286817e+00 7.472200277079792841e+00 8.996080831342551392e+03
1.643222676548542040e+03 1.944159610474273769e+00 7.475923938709970074e+00 8.996118402082322064e+03
1.905462757602686679e+03 1.494590210300357880e+00 7.453865757971430028e+00 8.996212133073990117e+03
1.734092093874975035e+03 1.812315006528054218e+00 7.449906139425598539e+00 8.996380418673539680e+03
1.740367294744695982e+03 1.788509344366446596e+00 7.471840867380266538e+00 8.996617302210595881e+03
1.697133180527664308e+03 1.846515019353780263e+00 7.471081698476522703e+00 8.996671734411187572e+03
1.635480827880632887e+03 2.003166321167371144e+00 7.450844992669297895e+00 8.996741509548346585e+03
1.719626172944093014e+03 1.767865590352134086e+00 7.462088235525986768e+00 8.996774061336160230e+03
1.992503283551105142e+03 1.274364453089077198e+00 7.448123088905807876e+00 8.996911292237960879e+03
1.905704277816600097e+03 1.487931836792853346e+00 7.482222599679479558e+00 8.996972293820894265e+03
1.965530353446366007e+03 1.270142228323887013e+00 7.458877549363058357e+00 8.997198205182790844e+03
1.919052843938013439e+03 1.498721038170861108e+00 7.456493899635408873e+00 8.997215238353219320e+03
1.742682424649414315e+03 1.712183457378671392e+00 7.487916943982177997e+00 8.997307868140293067e+03
1.832600506370642734e+03 1.633789238103564134e+00 7.473709308297736165e+00 8.997612478869461484e+03
1.918883491362887526e+03 1.448076497726616063e+00 7.467261616236474886e+00 8.997631086166355090e+03
1.858611054282089526e+03 1.493633568131210732e+00 7.440396465283670935e+00 8.997636732149827367e+03
1.667276252862884348e+03 1.870867418735740584e+00 7.491318285451179726e+00 8.997738610313597746e+03
1.646203204586727225e+03 2.022005602267888946e+00 7.470083719735962191e+00 8.997770235415866409e+03
1.980975607187036758e+03 1.354252647044191571e+00 7.466087898019263314e+00 8.998086213480168226e+03
1.975704757202492601e+03 1.362737015057339462e+00 7.460730892939780645e+00 8.998285353896213564e+03
1.513691703118500982e+03 2.268763907048430895e+00 7.453425755113145534e+00 8.998399676623357664e+03
1.874629817246892344e+03 1.617747499551611678e+00 7.482568596424009399e+00 8.998435625280360910e+03
1.794808536215225786e+03 1.518399082223257590e+00 7.451255634693684904e+00 8.998581937332519374e+03
1.940602034339921602e+03 1.362764205334766610e+00 7.473238634669383984e+00 8.998731273197603514e+03
1.984325081105622530e+03 1.333098114398367340e+00 7.458195987967518370e+00 8.998777301361798891e+03
1.734261006393569005e+03 1.817531159316518874e+00 7.461082806143380708e+00 8.998858397955978944e+03
1.746045129207682521e+03 1.625237605548445652e+00 7.469189240578165467e+00 8.998881978593541135e+03
1.627455904228504778e+03 2.040727880233204949e+00 7.482107393810274232e+00 8.998909602856845595e+03
1.515389123966539273e+03 2.329653350682720614e+00 7.489027636064935933e+00 8.998920915514056105e+03
1.705902304938179668e+03 1.844932456183884018e+00 7.463680319806110575e+00 8.999188304057008281e+03
1.935334486861841469e+03 1.375952739494454846e+00 7.458703986094322502e+00 8.999213007908614600e+03
1.892159346932652625e+03 1.477839364967123092e+00 7.468556888406568284e+00 8.999256095016542531e+03
1.685344952416590104e+03 1.896209853753064056e+00 7.461858816318143184e+00 8.999765951336621583e+03
1.926258479857023303e+03 1.476818049622151463e+00 7.496748771422935498e+00 8.999878816449323494e+03
1.923490936831402678e+03 1.456647668054118272e+00 7.458789583093738962e+00 9.000016443771923150e+03
1.892851562260957962e+03 1.537940414999000582e+00 7.454484504858115201e+00 9.000031352314115793e+03
1.871109571294699890e+03 1.554147370574020082e+00 7.461335976296576966e+00 9.000119254431627269e+03
1.780387516331914867e+03 1.640295681348141077e+00 7.463944129569799912e+00 9.000199657071783804e+03
1.635480827880632887e+03 2.003166321167371144e+00 7.450844992669297895e+00 9.000270249569102816e+03
1.739491063759238841e+03 1.746548497718224180e+00 7.470487700610765280e+00 9.000317767975326205e+03
1.689063644222979065e+03 1.834011661591120612e+00 7.462773783942879824e+00 9.000453687065108170e+03
1.808517978563253109e+03 1.573995469824630788e+00 7.475101757949409453e+00 9.000476396654785276e+03
1.515425129214517256e+03 2.317191773009032119e+00 7.491808902360164168e+00 9.000860566227651361e+03
1.715443012811398603e+03 1.848585429179681272e+00 7.489259900462770680e+00 9.000985252829990714e+03
1.902859084069208620e+03 1.497696682456492345e+00 7.487895848536291865e+00 9.001103246849710558e+03
1.934556667988117397e+03 1.380137570956908366e+00 7.480121846467143953e+00 9.001179800880439871e+03
1.563950746327431943e+03 2.136702837476470052e+00 7.481481081557039836e+00 9.001407743355464845e+03
1.977091914226050903e+03 1.299600541549289057e+00 7.467717410754583618e+00 9.001554603629616395e+03
1.997728876837393500e+03 1.283311775419919698e+00 7.474655581938468352e+00 9.001564016337431894e+03
1.579380614243661057e+03 2.202383224836547360e+00 7.484992976044272162e+00 9.001566380269749061e+03
1.679733304576953742e+03 1.941532779916151030e+00 7.466312747426982810e+00 9.001631540480011608e+03
1.860718842653025604e+03 1.533463332196006057e+00 7.452918466195881386e+00 9.001796419615719060e+03
1.700465037954420495e+03 1.908992026033706990e+00 7.490903867889505463e+00 9.001828124253406713e+03
1.583426027462598313e+03 2.037629252460890328e+00 7.445517858001795553e+00 9.001882681675022468e+03
1.510175760590843765e+03 2.287178387583039374e+00 7.473231753418422052e+00 9.001918477887917106e+03
1.981106336505648642e+03 1.285204284349309667e+00 7.438567068351100708e+00 9.001988578644522931e+03
1.736480296366543826e+03 1.772068765740887120e+00 7.456340385098950918e+00 9.002050355662300717e+03
1.693384841882297678e+03 1.913443317227172979e+00 7.509862059136884760e+00 9.002442650396164026e+03
1.881419042170879038e+03 1.473999042337116538e+00 7.477811601761545468e+00 9.002523570629626192e+03
1.804838300867333146e+03 1.610463473040018911e+00 7.476815838332640851e+00 9.002527549338854442e+03
1.662262929070832797e+03 2.013459143573848031e+00 7.478510256995337002e+00 9.002624201644222921e+03
1.675609001136620464e+03 1.883998232219831870e+00 7.460893059112780001e+00 9.002746671440800128e+03
1.770044474185461240e+03 1.674753644873883118e+00 7.472226050498451677e+00 9.002818285262681457e+03
1.669890046466415015e+03 1.924333051425381358e+00 7.467636480328204485e+00 9.002944717012356705e+03
1.554593183949146123e+03 2.121189686781619343e+00 7.492949630622209867e+00 9.003063650838888861e+03
1.866580304355621138e+03 1.549267007423017262e+00 7.481178118642888286e+00 9.003137056052108164e+03
1.861888550876369663e+03 1.613606283440041533e+00 7.461436105315813805e+00 9.003240226380954482e+03
1.667446029185209682e+03 1.959722861219012957e+00 7.439105365970602790e+00 9.003246975508916876e+03
1.942036834155740507e+03 1.361848486333335551e+00 7.459098756211506753e+00 9.003481820892211545e+03
1.729595693179934869e+03 1.805101674489591579e+00 7.474212945803012431e+00 9.003526046071488963e+03
1.579442937584597985e+03 2.062931590389024628e+00 7.457271528347530598e+00 9.003596350823954708e+03
1.985763519387639235e+03 1.250191527756053134e+00 7.470328081228707617e+00 9.003624830527367521e+03
1.925942545060323710e+03 1.433771826181378994e+00 7.479643989269956883e+00 9.003773897036382550e+03
1.588704369376933982e+03 2.107110454827828327e+00 7.435786960736749940e+00 9.003995187777418323e+03
1.809711028726877885e+03 1.601505283325916906e+00 7.463595459425134138e+00 9.004068612649745774e+03
1.849791974541760737e+03 1.544992576123009442e+00 7.455220510264495282e+00 9.004403700177892460e+03
1.887208013296240551e+03 1.456103251468360948e+00 7.468448822038327606e+00 9.004490610689299501e+03
1.996309663191869504e+03 1.290337245145072753e+00 7.459469891172694211e+00 9.004873783040213311e+03
1.945848500188139042e+03 1.430544447123089702e+00 7.481248584664885293e+00 9.004922713916417706e+03
1.529793933981130749e+03 2.273262188143202689e+00 7.447666085671392544e+00 9.004937658993436344e+03
1.991995120263982699e+03 1.317210890495142728e+00 7.475693013633518902e+00 9.005107959026445315e+03
1.972397919724058511e+03 1.336061503349396329e+00 7.483883133615550243e+00 9.005263464759840645e+03
1.838070981154425226e+03 1.537835288736592698e+00 7.460756586227264897e+00 9.005387782045707354e+03
1.518942348402000789e+03 2.331403272082964051e+00 7.444390325887687787e+00 9.005410592730668213e+03
1.572806311523957220e+03 2.082362958997602043e+00 7.469743662838293830e+00 9.005550036810956954e+03
1.775853746507441883e+03 1.637222627776790285e+00 7.451112176329297121e+00 9.006045048434931232e+03
1.910573349402589884e+03 1.509298456932255172e+00 7.498606109746342341e+00 9.006075612502794684e+03
1.854039246132768767e+03 1.466882932254822469e+00 7.481383062268871065e+00 9.006228379666034016e+03
1.825111929343276415e+03 1.598761994820746102e+00 7.445321977031459149e+00 9.006299301542429021e+03
1.591415475467987790e+03 2.071651856870303732e+00 7.472417396960802982e+00 9.006428337807767093e+03
1.981106336505648642e+03 1.285204284349309667e+00 7.438567068351100708e+00 9.006465366195816387e+03
1.647513402708103968e+03 1.977138027882937799e+00 7.436868251354280979e+00 9.006618896863117698e+03
1.634796239033621077e+03 1.969228485033753806e+00 7.456866636156907369e+00 9.006699058053784029e+03
1.730559271523127109e+03 1.769256916551836811e+00 7.458554424012578288e+00 9.006949018557403178e+03
1.561031072164913439e+03 2.154034820534897143e+00 7.453690368360510909e+00 9.007128073953854255e+03
1.512164221413283030e+03 2.281540082088486798e+00 7.485209313901665773e+00 9.007219209177876110e+03
1.959835677618624686e+03 1.440076509290823203e+00 7.461159022759965787e+00 9.007226959204012019e+03
1.669011296541054890e+03 1.996143979785900191e+00 7.463682460549800446e+00 9.007256626283557125e+03
1.886384621283718843e+03 1.540175446638341494e+00 7.481222563580868901e+00 9.007261529854207765e+03
1.551653144680290552e+03 2.145546978214049716e+00 7.478297660232486876e+00 9.007272530305142936e+03
1.639984740162502703e+03 1.885010589936376935e+00 7.470569074833610657e+00 9.007311216510031954e+03
1.625004793195080538e+03 2.026492827177645673e+00 7.472726513353117106e+00 9.007327451552166167e+03
1.650538404501207197e+03 1.854254862226894618e+00 7.481198599020483897e+00 9.007362940985161913e+03
1.752066111283639202e+03 1.733771177758351323e+00 7.445677819530359010e+00 9.007564680009307267e+03
1.886384621283718843e+03 1.540175446638341494e+00 7.481222563580868901e+00 9.007760347298353736e+03
1.629765306141852534e+03 2.026061849615604871e+00 7.459153685109508380e+00 9.007930907754140208e+03
1.706529354310074950e+03 1.811970861889270035e+00 7.493870412669600078e+00 9.007951905199437533e+03
1.632019847866016107e+03 2.023096341360255845e+00 7.468539740658471260e+00 9.008032074379934784e+03
1.734189718565179419e+03 1.728015100352311650e+00 7.441164352307336749e+00 9.008433850810415606e+03
1.649900292295345707e+03 2.003497202592579018e+00 7.462309347630651679e+00 9.008566510718201243e+03
1.676047854611073717e+03 1.944420891688563025e+00 7.448291927141222679e+00 9.008609743909699318e+03
1.998718596722855864e+03 1.232438528605743322e+00 7.473920746457410225e+00 9.008646464100740559e+03
1.722872662240698901e+03 1.780683817112041156e+00 7.486368922408008331e+00 9.008659986355633009e+03
1.747612867229283665e+03 1.654956654500115976e+00 7.445000033436759423e+00 9.008699989795100919e+03
1.672435812859192310e+03 1.952207599043013886e+00 7.469617352880950634e+00 9.008811725284636850e+03
1.857371525621546198e+03 1.662188086572037093e+00 7.464013616119443029e+00 9.008854512373403850e+03
1.927358225847008271e+03 1.430237911339939938e+00 7.458759937003845764e+00 9.008873503489456198e+03
1.628311788310178144e+03 2.016769088644134289e+00 7.474869175732703930e+00 9.008930348400213916e+03
1.909759046590200796e+03 1.436192517578553707e+00 7.469464676015453719e+00 9.008931745683901681e+03
1.699579197458797353e+03 1.884490144474884943e+00 7.480119427534037690e+00 9.008979383772710207e+03
1.517827781952564010e+03 2.236599070557730329e+00 7.489825668601045372e+00 9.008985766944631905e+03
1.916360149653715325e+03 1.434745708204804515e+00 7.460204530948583823e+00 9.009000306768806695e+03
1.538763644347393210e+03 2.155043633407551784e+00 7.468220479377330356e+00 9.009049726028397345e+03
1.609506430115532112e+03 2.111839956694329334e+00 7.447460942991826371e+00 9.009184158143805689e+03
1.562194145827973671e+03 2.050569291739854805e+00 7.440109539406685180e+00 9.009314459135959623e+03
1.799505346971585141e+03 1.625620866595425928e+00 7.478059009567396664e+00 9.009344316696553506e+03
1.706597324944176989e+03 1.811857455985944609e+00 7.461889607426215321e+00 9.009671163586142939e+03
1.554593183949146123e+03 2.121189686781619343e+00 7.492949630622209867e+00 9.009958289235475604e+03
1.767722360942459318e+03 1.671766257720661786e+00 7.463891555215972140e+00 9.010010304559213182e+03
1.558753597654221039e+03 2.105479775770466411e+00 7.460450451277916173e+00 9.010142137863702374e+03
1.973716275054661764e+03 1.342052454135707951e+00 7.469997357943876537e+00 9.010154862981513361e+03
1.723614817633473876e+03 1.822466937661297859e+00 7.455227878413524856e+00 9.010425493310811362e+03
1.936925221942785583e+03 1.341504064003307573e+00 7.456349448834832749e+00 9.010515125662683204e+03
1.924552375995941020e+03 1.416263563180192531e+00 7.462475760071547448e+00 9.010671321783514941e+03
1.631857979092195592e+03 1.974865650135354755e+00 7.472083982821364323e+00 9.010687151503529094e+03
1.898596336977116607e+03 1.500097493737460708e+00 7.461025576761558753e+00 9.010694134638033574e+03
1.598644406684787100e+03 2.037798694279206124e+00 7.469330282346643202e+00 9.010853875906659596e+03
1.529087146543511381e+03 2.233189982382702610e+00 7.449087492386230025e+00 9.011008677449890456e+03
1.814977282797280395e+03 1.597102958891524205e+00 7.470199158510883564e+00 9.011034446298126568e+03
1.993247774837576799e+03 1.315715220280623265e+00 7.472863404229799222e+00 9.011115353280587442e+03
1.805758387531349172e+03 1.641079893810609480e+00 7.473051051756917751e+00 9.011131240735119718e+03
1.665869653663584813e+03 1.951572449488250927e+00 7.480561727729739374e+00 9.011134491308355791e+03
1.712075766954312712e+03 1.801322051084381259e+00 7.478630829134239377e+00 9.011287693898786529e+03
1.564279420476680571e+03 2.068434488485138445e+00 7.471224923738487789e+00 9.011524236679992100e+03
1.508849939224104673e+03 2.259890648517550726e+00 7.467953341224779606e+00 9.011568202817214114e+03
1.896394672354452268e+03 1.485370797065037163e+00 7.470062691918285758e+00 9.011587314657412207e+03
1.776221107330835139e+03 1.639207097459103313e+00 7.460755724205776929e+00 9.011601606572616220e+03
1.889669319828383323e+03 1.513297953311138366e+00 7.438391891549671620e+00 9.011656228627054588e+03
1.762567903634558661e+03 1.703151229210285056e+00 7.456076879638267485e+00 9.012017696590490232e+03
1.556282154131248944e+03 2.229075787730666391e+00 7.465936691001912706e+00 9.012029057725756502e+03
1.661346244265798305e+03 1.828321809082450455e+00 7.478911645305610811e+00 9.012107806624500881e+03
1.642875024096753123e+03 1.981491099649251852e+00 7.464927182087660817e+00 9.012113674772470404e+03
1.913322696919187365e+03 1.436199065318439105e+00 7.471077080602772647e+00 9.012125654481784295e+03
1.841871009961645996e+03 1.588195276898804353e+00 7.469262443081335689e+00 9.012202383458845361e+03
1.822763014790366469e+03 1.572016085242074812e+00 7.470814236033205269e+00 9.012241187461302616e+03
1.712439702131086051e+03 1.833602451178476977e+00 7.468031781967432892e+00 9.012266956900935838e+03
1.569567334814571495e+03 2.008806310261587846e+00 7.460263979248211719e+00 9.012277776489789176e+03
1.765004519546874917e+03 1.757352448093443487e+00 7.433130849373731586e+00 9.012328763963212623e+03
1.946934107187102200e+03 1.446553352969111916e+00 7.467248255460663842e+00 9.012469791301875375e+03
1.606408496213846092e+03 1.930238420355099738e+00 7.486450878626675909e+00 9.012504232717790728e+03
1.941971247490511132e+03 1.404276259884573275e+00 7.459364263546909513e+00 9.012534001943262410e+03
1.787973105852212939e+03 1.589468442374754709e+00 7.474941659401933336e+00 9.012572232414384416e+03
1.555466683528673684e+03 2.056670417517771021e+00 7.438424967061479265e+00 9.012584147713430866e+03
1.508849939224104673e+03 2.259890648517550726e+00 7.467953341224779606e+00 9.012591694175505836e+03
1.602430905813310119e+03 2.084331567598308510e+00 7.456326187910166325e+00 9.012697881192565546e+03
1.610420644526474462e+03 1.956967236623729178e+00 7.472975818298253081e+00 9.012728034839048632e+03
1.615097978109351970e+03 1.991091164346177056e+00 7.427989045110601651e+00 9.013027539414775674e+03
1.939011170695076544e+03 1.421050205852627091e+00 7.485813477256177073e+00 9.013048790966055094e+03
1.906421872683530637e+03 1.495355002343481843e+00 7.478663097596160547e+00 9.013069039827170855e+03
1.907228680365619311e+03 1.509970507719680111e+00 7.425049658666727836e+00 9.013149598911568319e+03
1.833302002397905653e+03 1.561590947407291985e+00 7.450168034272867779e+00 9.013205453926808332e+03
1.725514986938318998e+03 1.830516681177154936e+00 7.428736152914056312e+00 9.013210481076775977e+03
1.675325345179831857e+03 1.933096556847593295e+00 7.465634731554604997e+00 9.013241095310981109e+03
1.962036748853450490e+03 1.347748673724419088e+00 7.466258791444984055e+00 9.013276018488451882e+03
1.911007679728806806e+03 1.509650305351427857e+00 7.433058565030219000e+00 9.013280553730290194e+03
1.656218351318697160e+03 1.834673928824057443e+00 7.458656741160310411e+00 9.013385543646108999e+03
1.936169603401448512e+03 1.386157419932770640e+00 7.451292478931771157e+00 9.013494006977880417e+03
1.679710019674705109e+03 1.866908950891511765e+00 7.477218364665526806e+00 9.013530065339413341e+03
1.688245072871211278e+03 1.976606639827469092e+00 7.446123733334017558e+00 9.013616637694211022e+03
1.944521692760171618e+03 1.386547938090722409e+00 7.456038830512595084e+00 9.013625521688780282e+03
1.909660490935618554e+03 1.568044507293493650e+00 7.462401598367893740e+00 9.013724949542000104e+03
1.616822706765042994e+03 2.028841051192876055e+00 7.441036759897220243e+00 9.013888938060950750e+03
1.621720922098402298e+03 1.919725323064838340e+00 7.470589623237788857e+00 9.013918446857194795e+03
1.725094985669230482e+03 1.875790195752152556e+00 7.484479257649870654e+00 9.013943217777827158e+03
1.570819404999240078e+03 2.218578418117779449e+00 7.460023253091656592e+00 9.014001044572298269e+03
1.966167888738360944e+03 1.352269132203856028e+00 7.454548524920411978e+00 9.014002799196485284e+03
1.981106336505648642e+03 1.285204284349309667e+00 7.438567068351100708e+00 9.014048268388773067e+03
1.635651237932118420e+03 1.902924181219093569e+00 7.438410038647403688e+00 9.014053329250265961e+03
1.739763412180654541e+03 1.799175154403820587e+00 7.432636609453235899e+00 9.014210529193429466e+03
1.987867687987159570e+03 1.333343501050603841e+00 7.468403861510322983e+00 9.014252240915953735e+03
1.944203605120247630e+03 1.397440735625072872e+00 7.434641730082256927e+00 9.014303187999777947e+03
1.951961134756667889e+03 1.354129487835487478e+00 7.461970051512646585e+00 9.014340745793750102e+03
1.597214820936934075e+03 2.026015477973591938e+00 7.478076473972565807e+00 9.014357975670587621e+03
1.860144180279578222e+03 1.521593705977460464e+00 7.431695742164809104e+00 9.014410311157796968e+03
1.554082114859456624e+03 2.118459195087464053e+00 7.451618261892209105e+00 9.014568699241852300e+03
1.654556947722534460e+03 1.961495264323817933e+00 7.469445870733771642e+00 9.014637736157679683e+03
1.745459289030262880e+03 1.672086611504229214e+00 7.482788580748183094e+00 9.014657722290075981e+03
1.738876593282652721e+03 1.665163553672526220e+00 7.434349115387295370e+00 9.014719254775698573e+03
1.876110489717213568e+03 1.531298097021769333e+00 7.468468470853197871e+00 9.014877573986999778e+03
1.776579771828770390e+03 1.675753989724435788e+00 7.447621216203648586e+00 9.014905907694132111e+03
1.627455904228504778e+03 2.040727880233204949e+00 7.482107393810274232e+00 9.014982901243796732e+03
1.609102942364201454e+03 2.118598615148489461e+00 7.471071107195743188e+00 9.015039766500369296e+03
1.647580478243143261e+03 2.027972875030249256e+00 7.457279163133896382e+00 9.015096037464092660e+03
1.984059379792597611e+03 1.302068963487652553e+00 7.445153355615923729e+00 9.015096285031217121e+03
1.564279420476680571e+03 2.068434488485138445e+00 7.471224923738487789e+00 9.015117651982518510e+03
1.680197979339184712e+03 1.918265259469692730e+00 7.445528923501429475e+00 9.015156728753530842e+03
1.833927051137644867e+03 1.515002924707611998e+00 7.457981695600095939e+00 9.015211273245708071e+03
1.904968852217132053e+03 1.457092181254484364e+00 7.472779480544402553e+00 9.015233314547838745e+03
1.684798820387887190e+03 1.947017406462232980e+00 7.449505695957189921e+00 9.015251294738354773e+03
1.587478151901235833e+03 2.134274987427548176e+00 7.457425318476991194e+00 9.015318609808333349e+03
1.659064061461893743e+03 1.817452739441496767e+00 7.467140074954985884e+00 9.015361642909410875e+03
1.677169949930691018e+03 1.848117308913135304e+00 7.463113120748639417e+00 9.015375769421725636e+03
1.683733688156468133e+03 1.897117579618769589e+00 7.482098883469892492e+00 9.015457232386308533e+03
1.594462050673761269e+03 1.955044329637082967e+00 7.440551209704396207e+00 9.015608581539698207e+03
1.745459289030262880e+03 1.672086611504229214e+00 7.482788580748183094e+00 9.015758240091079642e+03
1.738144118207759675e+03 1.699173773806370802e+00 7.449504470136826484e+00 9.015760678360900783e+03
1.818435577947524735e+03 1.589472869783474573e+00 7.467910986799910944e+00 9.015777303947064865e+03
1.986163385204106362e+03 1.294447394441787136e+00 7.460860665078528520e+00 9.015780075318996751e+03
1.619739402058900396e+03 1.937467456265758781e+00 7.451130914198991206e+00 9.015797329171862657e+03
1.505521595434890287e+03 2.248556153984830441e+00 7.455965618591579691e+00 9.015799296891422273e+03
1.657087124729011521e+03 1.959866549156438209e+00 7.454856287239280732e+00 9.015818534958012606e+03
1.928575580099414765e+03 1.419602810921159586e+00 7.474420488391467110e+00 9.015845487227488775e+03
1.605174946939619304e+03 2.077687639018697130e+00 7.417363744181990626e+00 9.015998238986820070e+03
1.744263476755507099e+03 1.695953157222215513e+00 7.462257484472459623e+00 9.016055708300342303e+03
1.632622555388166347e+03 1.976498122030207361e+00 7.468559301882700119e+00 9.016055967965663513e+03
1.859422434400729571e+03 1.564254207291541965e+00 7.473806259004994956e+00 9.016066029207977408e+03
1.815205746314496537e+03 1.595837738092111380e+00 7.460429841942516127e+00 9.016160362114693271e+03
1.730605065825272050e+03 1.775399751796333803e+00 7.471033093038538020e+00 9.016207967343070777e+03
1.863750849357943707e+03 1.471794174160294233e+00 7.472244367521300390e+00 9.016216852100731558e+03
1.765785199633261982e+03 1.753120804582397385e+00 7.469380949195842945e+00 9.016240522413678264e+03
1.750880089849441447e+03 1.686664028897529199e+00 7.463165011465723531e+00 9.016284686341174165e+03
1.775524452610238541e+03 1.662290968853941342e+00 7.465797198341857843e+00 9.016302101558725553e+03
1.983937526986681860e+03 1.349805073864349891e+00 7.466121051960314503e+00 9.016321684007405565e+03
1.694053253932958341e+03 1.976434361682809060e+00 7.449746163839868096e+00 9.016420283845158337e+03
1.989828492118066151e+03 1.240930858344410526e+00 7.456380320955162233e+00 9.016514561315363608e+03
1.752390164280342560e+03 1.730809786147587737e+00 7.467391712347936306e+00 9.016538915028138945e+03
1.584286493411986839e+03 2.031545678639800290e+00 7.419972151196223997e+00 9.016567637165206179e+03
1.580225672458763256e+03 2.123367561685272076e+00 7.461201892259852642e+00 9.016666655738705231e+03
1.693660816465020162e+03 1.833532744156002536e+00 7.449388659720152184e+00 9.016675500596142228e+03
1.595548718763426905e+03 2.051491658157325926e+00 7.479639976091445597e+00 9.016716856254324739e+03
1.984959946513288287e+03 1.274565642675255628e+00 7.484200408658779224e+00 9.016821471554687378e+03
1.523784339559034606e+03 2.214796851506251496e+00 7.486110146466783632e+00 9.016835548170392940e+03
1.682741716401729491e+03 1.899560986055440548e+00 7.458076217675207786e+00 9.016842464108020067e+03
1.568703899102353944e+03 2.104991510233534591e+00 7.482340841665997111e+00 9.016843283657777647e+03
1.993214339477241083e+03 1.315055512159036155e+00 7.488304687576860630e+00 9.016845108952260489e+03
1.731976998356260083e+03 1.708275803335509657e+00 7.478730952731872605e+00 9.016859925345974261e+03
1.523784339559034606e+03 2.214796851506251496e+00 7.486110146466783632e+00 9.016921649635020003e+03
1.675719698776343876e+03 1.891859696421990034e+00 7.468441982963534898e+00 9.016941430681396014e+03
1.676568275463465625e+03 1.796703727478473178e+00 7.439726944002543085e+00 9.016986100725651340e+03
1.664059973954775842e+03 1.941900368458627346e+00 7.471955753251715571e+00 9.017092035676409068e+03
1.633586532370466102e+03 1.889980664949751477e+00 7.456872731472033777e+00 9.017095997826138046e+03
1.925942545060323710e+03 1.433771826181378994e+00 7.479643989269956883e+00 9.017121363532265605e+03
1.800215153144577243e+03 1.577112536845680424e+00 7.462068606390251269e+00 9.017129695362900748e+03
1.725514986938318998e+03 1.830516681177154936e+00 7.428736152914056312e+00 9.017421403802592977e+03
1.927999133425457558e+03 1.445312940458333362e+00 7.428123263660414644e+00 9.017421965479459686e+03
1.918030075046820002e+03 1.436297739409317265e+00 7.475616896707336423e+00 9.017507440727225912e+03
1.834037197918057473e+03 1.577940931363298160e+00 7.475652530578581256e+00 9.017524190380538130e+03
1.885540359108509165e+03 1.432526392467765808e+00 7.453995625439450379e+00 9.017534844543091822e+03
1.870811527176598247e+03 1.563284099149202078e+00 7.462251246448983188e+00 9.017542746709978019e+03
1.936886472345590619e+03 1.427232262683518549e+00 7.481902944391371157e+00 9.017578919824280092e+03
1.517307412438224901e+03 2.195484098165780829e+00 7.479801980175272647e+00 9.017620067194626245e+03
1.708977687163315750e+03 1.875370681345364110e+00 7.451827563260912335e+00 9.017626311795553192e+03
1.929285022847117489e+03 1.421230213929583819e+00 7.474948221623115785e+00 9.017653893951093778e+03
1.607358303892215872e+03 2.032962189324422297e+00 7.458498663681774943e+00 9.017717671432794305e+03
1.568328442419744306e+03 2.125999866639211255e+00 7.499457038924674634e+00 9.017782292595775289e+03
1.991626930446278493e+03 1.281749953833184907e+00 7.475410048906275584e+00 9.017862778118735150e+03
1.691152987833562520e+03 1.799575386833228263e+00 7.463702816737268542e+00 9.017960782877009478e+03
1.770044474185461240e+03 1.674753644873883118e+00 7.472226050498451677e+00 9.017990530916918942e+03
1.666982240869701172e+03 1.893332727859236897e+00 7.447144902900342700e+00 9.018065077137189292e+03
1.964922188846670679e+03 1.297179967245018828e+00 7.494232269201021701e+00 9.018123307347748778e+03
1.616842699105234715e+03 2.013858899410681857e+00 7.481512096486381047e+00 9.018194498563350862e+03
1.657824116751280144e+03 1.910790754603675312e+00 7.463478152390516485e+00 9.018276184917745923e+03
1.783883948925815503e+03 1.615654727229099086e+00 7.453801118366571110e+00 9.018379551911444651e+03
1.921989824041325164e+03 1.427966944310987474e+00 7.470595246422949032e+00 9.018422419135429664e+03
1.853731142475529623e+03 1.523835293995095652e+00 7.472600165427137675e+00 9.018441326463298537e+03
1.964844102764543777e+03 1.373564526702671262e+00 7.443099964693645987e+00 9.018451630760691842e+03
1.977013513778911147e+03 1.345722944957370659e+00 7.472787216422082324e+00 9.018499386939814940e+03
1.712034792788530922e+03 1.814538060773240202e+00 7.482033757074848523e+00 9.018639191585538356e+03
1.610905687468332872e+03 1.974693006265620276e+00 7.448008606175710256e+00 9.018670795360621923e+03
1.563578806776543615e+03 1.996338989341319481e+00 7.470914932321822022e+00 9.018704298467728222e+03
1.580210106851345472e+03 2.110583341995176276e+00 7.476501140115329846e+00 9.018709984802704639e+03
1.677500542783333685e+03 1.815168951304773071e+00 7.478308954080454818e+00 9.018801155745766664e+03
1.566927095437439220e+03 2.100416322593263718e+00 7.462606691456093344e+00 9.018839172313410018e+03
1.719656841295462300e+03 1.833780134712717835e+00 7.487999638292316185e+00 9.018870638534323007e+03
1.704594953783726396e+03 1.850758358610910204e+00 7.442195019509954435e+00 9.018915184630426666e+03
1.757016322952087648e+03 1.663639660692640243e+00 7.443306891648840740e+00 9.018953532157254813e+03
1.663983465962190166e+03 2.004990560678246325e+00 7.470381660579765715e+00 9.018986343346483409e+03
1.656410371928882341e+03 1.909228644671630892e+00 7.486105590478194571e+00 9.019017373646824126e+03
1.559024043146980603e+03 2.177524974860148621e+00 7.482555527365430947e+00 9.019030088503093793e+03
1.526590788901215092e+03 2.166425913010284532e+00 7.443074663458651763e+00 9.019041277817164882e+03
1.690411394274804934e+03 1.886661536402207906e+00 7.476043443196177307e+00 9.019043459077516673e+03
1.935471891125815091e+03 1.319988655513672393e+00 7.484342295847612014e+00 9.019066411731309927e+03
1.938459471866908871e+03 1.368318343504239420e+00 7.456755245425376266e+00 9.019106087136999122e+03
1.838857321219887581e+03 1.555899862119715982e+00 7.481088417856080142e+00 9.019119518686684387e+03
1.662484319558757534e+03 1.886867145290347825e+00 7.446296473019125450e+00 9.019128015797050466e+03
1.637384945548002406e+03 2.031409733136982698e+00 7.473308739989518834e+00 9.019249601525296384e+03
1.661346745374113652e+03 1.891098246559886897e+00 7.440881613423781182e+00 9.019289345131986920e+03
1.797383190449754466e+03 1.525961894571190136e+00 7.469473940754272512e+00 9.019405045916993913e+03
1.846782898397122153e+03 1.529465767205831606e+00 7.454139398710108111e+00 9.019442381819160801e+03
1.598644406684787100e+03 2.037798694279206124e+00 7.469330282346643202e+00 9.019476957773766117e+03
1.645686669356468883e+03 1.918921945887138936e+00 7.471877268921954141e+00 9.019481393415848288e+03
1.821268428015949212e+03 1.626662665128012719e+00 7.454471083140876253e+00 9.019557473397393551e+03
1.917200585614570855e+03 1.461202907278209562e+00 7.455374240294143640e+00 9.019645263906615583e+03
1.953147239081461748e+03 1.348287266731008627e+00 7.490691632498817754e+00 9.019649124305131409e+03
1.886548191086900943e+03 1.496934339673253733e+00 7.455233003223831645e+00 9.019660701274709936e+03
1.974594180974804203e+03 1.224066602219729516e+00 7.471232578443792960e+00 9.019704598571795941e+03
1.601303293409984235e+03 2.031065132840169873e+00 7.449193876131783298e+00 9.019720316772969454e+03
1.665510788248755489e+03 1.894112351188437016e+00 7.469252955863725063e+00 9.019722756001658126e+03
1.767297084391203271e+03 1.755137515949358962e+00 7.458657351406065672e+00 9.019739307682955769e+03
1.675847489168886113e+03 1.876846110333977746e+00 7.477296076855441953e+00 9.019760885930467339e+03
1.972562396467002827e+03 1.304223264985846953e+00 7.464304589244011190e+00 9.019773180979427707e+03
1.549543258583909619e+03 2.209579189473700911e+00 7.443681969190294900e+00 9.019855192053719293e+03
1.694632859664092848e+03 1.852001934414482465e+00 7.451030354480821849e+00 9.019894187961945136e+03
1.684862076335770553e+03 1.858951314103549635e+00 7.440545851917257814e+00 9.019896139928607226e+03
1.738338470565744956e+03 1.817134236275379733e+00 7.476451035936435119e+00 9.019922942844264981e+03
1.820158198059476035e+03 1.641055906931092156e+00 7.447858906099733112e+00 9.019963088315074856e+03
1.928615054734194473e+03 1.415875355965475313e+00 7.445954072839313653e+00 9.019974849997537603e+03
1.597214820936934075e+03 2.026015477973591938e+00 7.478076473972565807e+00 9.020000974736023636e+03
1.847606326292014273e+03 1.518325932767758957e+00 7.451782551470672367e+00 9.020015325386149925e+03
1.944203605120247630e+03 1.397440735625072872e+00 7.434641730082256927e+00 9.020018296561762327e+03
1.673340654628197854e+03 1.904311150502144834e+00 7.485413662959798486e+00 9.020047400730905792e+03
1.821268428015949212e+03 1.626662665128012719e+00 7.454471083140876253e+00 9.020053411348595546e+03
1.989828492118066151e+03 1.240930858344410526e+00 7.456380320955162233e+00 9.020106012129903320e+03
1.887425570723415149e+03 1.543279067838050134e+00 7.432507069222533680e+00 9.020143963042388350e+03
1.809778111391645325e+03 1.552374579628569951e+00 7.470722488116488869e+00 9.020168694332131054e+03
1.793112627468746496e+03 1.641548351236542524e+00 7.453256572737508634e+00 9.020173852830879696e+03
1.967416555523929219e+03 1.322177026643758690e+00 7.464306954932919957e+00 9.020176351896880078e+03
1.604077792773198553e+03 1.955686130919549015e+00 7.443523203778728003e+00 9.020200065522176374e+03
1.897338551036653826e+03 1.540383320782279242e+00 7.463426472174176318e+00 9.020252245009391117e+03
1.575099309672255231e+03 2.091399488858311173e+00 7.451270993408674492e+00 9.020280806644643235e+03
1.646346926122117566e+03 1.889803660206345493e+00 7.438724219805900262e+00 9.020328851287700672e+03
1.894879464830719826e+03 1.571127337996900852e+00 7.443277986211020547e+00 9.020356187136512744e+03
1.900404169236630878e+03 1.423963549099516612e+00 7.458382177330793894e+00 9.020383999404841234e+03
1.728622245728582129e+03 1.740158655950876376e+00 7.477174704686568418e+00 9.020441774792025171e+03
1.737224664573954669e+03 1.776746176298994895e+00 7.465491152110608652e+00 9.020459419900498688e+03
1.969739685169541872e+03 1.341286050151258902e+00 7.457260674148542101e+00 9.020497296924651891e+03
1.591282901012166576e+03 2.058874356215518731e+00 7.461007216109767803e+00 9.020499414372070532e+03
1.655065502238023100e+03 1.847574966452454559e+00 7.494123566682810988e+00 9.020531137200672674e+03
1.641954725270917379e+03 1.951835890724477052e+00 7.467021739087986276e+00 9.020531307607108829e+03
1.727325182721930787e+03 1.854528650247465604e+00 7.458497773938259634e+00 9.020533096138506153e+03
1.720991137170104366e+03 1.794207386106150715e+00 7.484453734403090586e+00 9.020547423623245777e+03
1.928000496691069429e+03 1.448654057172927834e+00 7.449981198516065994e+00 9.020593893155870319e+03
1.678929557219109483e+03 1.928613470811584296e+00 7.476484185430305018e+00 9.020661760811271961e+03
1.814844350822282195e+03 1.599065093708119001e+00 7.455390326160850734e+00 9.020665130870729627e+03
1.995077528363847932e+03 1.267188772094703042e+00 7.469816365557909954e+00 9.020730140694835427e+03
1.602274397325635618e+03 1.986698692223281881e+00 7.484634664084619082e+00 9.020732522761491055e+03
1.686015852634899147e+03 1.875533811669706008e+00 7.437842741887271458e+00 9.020743349893491541e+03
1.997311644345896184e+03 1.288201700006858630e+00 7.452968968501740399e+00 9.020792146609930569e+03
1.698405552951222944e+03 1.832066143780960887e+00 7.446405613071142682e+00 9.020797278065112550e+03
1.864325426866466159e+03 1.542297578061447627e+00 7.458764412927464171e+00 9.020820503855400602e+03
1.939933251193507658e+03 1.394835520313793653e+00 7.471457670980978349e+00 9.020852180727766608e+03
1.745401078973247877e+03 1.757422727767251835e+00 7.456961111929493846e+00 9.020892511164882308e+03
1.717197193448079588e+03 1.820129432537449743e+00 7.476968162177911381e+00 9.020957192815329108e+03
1.787654298245732207e+03 1.650065195704350174e+00 7.470252097626612020e+00 9.020991104322110914e+03
1.515389123966539273e+03 2.329653350682720614e+00 7.489027636064935933e+00 9.020995851580248200e+03
1.730005746696843971e+03 1.710791323209658765e+00 7.493703787934372862e+00 9.021002893619270253e+03
1.774797336948382963e+03 1.637532725348958884e+00 7.495773818895679952e+00 9.021022830105617686e+03
1.834157253485108640e+03 1.580479290082393629e+00 7.476821394751390848e+00 9.021042456175022380e+03
1.850012936467152031e+03 1.673471404947151964e+00 7.468060189023693063e+00 9.021047792568539080e+03
1.600817097837350730e+03 2.096365222828182162e+00 7.461195617056220364e+00 9.021083706080327829e+03
1.579183515599358316e+03 2.040510157995397478e+00 7.467774399521738715e+00 9.021098041943499993e+03
1.992643361820937571e+03 1.327655548078368941e+00 7.444135360646897404e+00 9.021133271724429505e+03
1.767349067715381125e+03 1.776993527644402215e+00 7.436271833290152955e+00 9.021149935462542999e+03
1.670753761666692299e+03 1.960644627515135019e+00 7.470309116367491953e+00 9.021159492506367314e+03
1.669199058958638943e+03 1.844336013427492871e+00 7.465392818066870717e+00 9.021199670832224001e+03
1.638068570834318962e+03 1.973386385456494585e+00 7.464324950476086684e+00 9.021228725376096918e+03
1.973350080355910677e+03 1.333612955882412132e+00 7.455438748911449309e+00 9.021258558199020626e+03
1.659898716376793345e+03 1.892574918371908721e+00 7.503860827303854286e+00 9.021268276795179190e+03
1.998838266205491436e+03 1.221623097659341184e+00 7.451181544570660620e+00 9.021271434297073938e+03
1.518208392153035220e+03 2.197311527174941048e+00 7.468207226492286743e+00 9.021281001669460238e+03
1.988439161728371346e+03 1.278260265905381221e+00 7.463037027965380155e+00 9.021286431522812563e+03
1.618764359868750944e+03 2.044756561404631690e+00 7.486300736244816179e+00 9.021299352603889929e+03
1.661467630401938777e+03 2.040980371636901936e+00 7.480663945711338414e+00 9.021307036623527893e+03
1.922634855758215735e+03 1.444047612561734528e+00 7.506660922552911508e+00 9.021309762504813989e+03
1.979890597250674318e+03 1.282943285478247653e+00 7.468458482756879846e+00 9.021320109904905621e+03
1.638968973839823093e+03 2.001349008461752899e+00 7.455892868670359164e+00 9.021333517745686549e+03
1.765785199633261982e+03 1.753120804582397385e+00 7.469380949195842945e+00 9.021372161255230822e+03
1.575434405227218576e+03 2.028526222554942748e+00 7.491477177879525939e+00 9.021524611837241537e+03
1.729228957707076233e+03 1.798577470619573626e+00 7.469388528591180076e+00 9.021547275617931518e+03
1.851418262772819617e+03 1.545003775745685815e+00 7.464232725085210518e+00 9.021557782064306593e+03
1.542750288524491907e+03 2.168250474353483170e+00 7.470727953165094526e+00 9.021580913001815134e+03
1.667132267696152667e+03 1.926952722283886477e+00 7.455684804345023231e+00 9.021724537993957711e+03
1.567970269288516420e+03 2.169679497770243159e+00 7.447211738687476767e+00 9.021749857937506022e+03
1.717290886405754918e+03 1.788144285100418562e+00 7.477700130857092731e+00 9.021813735653526237e+03
1.634688296046614141e+03 2.016643533852771064e+00 7.467541859015210726e+00 9.021835519306576316e+03
1.870811527176598247e+03 1.563284099149202078e+00 7.462251246448983188e+00 9.021841891811700407e+03
1.635480827880632887e+03 2.003166321167371144e+00 7.450844992669297895e+00 9.021880178889383387e+03
1.969284596402088482e+03 1.292011973966710414e+00 7.477041194616082187e+00 9.021937282799493914e+03
1.683726209883905540e+03 1.876035715943137561e+00 7.445547017513894694e+00 9.021978490262285050e+03
1.581237765151312487e+03 2.044493062863972810e+00 7.485114673577149880e+00 9.021982869879033387e+03
1.940451216857442205e+03 1.388703259824210168e+00 7.453809290143211363e+00 9.022022364869917510e+03
1.748323603424178373e+03 1.793291046099586117e+00 7.470205665242755977e+00 9.022041383162699276e+03
1.564904882714761470e+03 2.181543637257842505e+00 7.483764165891972020e+00 9.022048148988154935e+03
1.549561253763991772e+03 2.127524063955872347e+00 7.464399066527778182e+00 9.022085167288825687e+03
1.649210456329017688e+03 1.943163717539873048e+00 7.469445515293237747e+00 9.022096957659787222e+03
1.886367050393244881e+03 1.459813384385786561e+00 7.445601775668430733e+00 9.022099392302627166e+03
1.753892013627074903e+03 1.775012978112564976e+00 7.445009484251243315e+00 9.022165512592353480e+03
1.869619547453441328e+03 1.510537067228753028e+00 7.471400521109023529e+00 9.022170194327945865e+03
1.945848500188139042e+03 1.430544447123089702e+00 7.481248584664885293e+00 9.022194176768571197e+03
1.773465453790949141e+03 1.667100928424567030e+00 7.465457171970669492e+00 9.022194269277268177e+03
1.566398812680087076e+03 1.952273219313169772e+00 7.462001540655704979e+00 9.022210390024127264e+03
1.847572283220904410e+03 1.532531423771028356e+00 7.464476709503756524e+00 9.022226915941071638e+03
1.788351149653173024e+03 1.624242745949304956e+00 7.463164231584871189e+00 9.022251267339617698e+03
1.897560082794935170e+03 1.460723681775097260e+00 7.468419637118569376e+00 9.022269615299383076e+03
1.664698718854320077e+03 1.905438871118133592e+00 7.450736762284360992e+00 9.022285380151890422e+03
1.554082114859456624e+03 2.118459195087464053e+00 7.451618261892209105e+00 9.022305480825063569e+03
1.567295235976134791e+03 2.046396636951289150e+00 7.461808504151436594e+00 9.022310592454276048e+03
1.557872009844472814e+03 2.129650368796570881e+00 7.454217471774081893e+00 9.022328016899780778e+03
1.787884839506343269e+03 1.713625152374039784e+00 7.455942993730795720e+00 9.022333266719859239e+03
1.709970938634468666e+03 1.835311232530151937e+00 7.450026570097710632e+00 9.022341438122397449e+03
1.723726534589279254e+03 1.818950209090127501e+00 7.460932701401142175e+00 9.022341537450223768e+03
1.740598663434884656e+03 1.746182069091954725e+00 7.446845574632922293e+00 9.022347575659148788e+03
1.862518222802729269e+03 1.546983897952061371e+00 7.465871409485342447e+00 9.022359592066386540e+03
1.691152987833562520e+03 1.799575386833228263e+00 7.463702816737268542e+00 9.022364370938823413e+03
1.575434405227218576e+03 2.028526222554942748e+00 7.491477177879525939e+00 9.022401227538841340e+03
1.880260627549188030e+03 1.520438738165409864e+00 7.466885419317868866e+00 9.022405013577264981e+03
1.958726831639560714e+03 1.349413133554083766e+00 7.463206112787684532e+00 9.022432253879722339e+03
1.667171619547271803e+03 1.931216509436902928e+00 7.455525367179236973e+00 9.022443320111107823e+03
1.842866392238172466e+03 1.569739058600760684e+00 7.488912813252620815e+00 9.022559811561457536e+03
1.539927585405521313e+03 2.191042459093339723e+00 7.499112823898456348e+00 9.022655511328483044e+03
1.612270587424322684e+03 2.046622748183920759e+00 7.477199069397953757e+00 9.022685796873218351e+03
1.928615054734194473e+03 1.415875355965475313e+00 7.445954072839313653e+00 9.022706861204558663e+03
1.567323384532300679e+03 2.022340441018190216e+00 7.446181074903607922e+00 9.022710692588916572e+03
1.772450361744860402e+03 1.639099836956113831e+00 7.470198681385290307e+00 9.022733052375493571e+03
1.995439507263703263e+03 1.279636951775418030e+00 7.467224321529002395e+00 9.022734218068786504e+03
1.714302759429902608e+03 1.852465225842659047e+00 7.443796735261031472e+00 9.022738006091927673e+03
1.606408496213846092e+03 1.930238420355099738e+00 7.486450878626675909e+00 9.022743022135719002e+03
1.986383753520139408e+03 1.286756633454484877e+00 7.466717417081376595e+00 9.022754656884515498e+03
1.684837529276719579e+03 1.833830314762362468e+00 7.466578767415404272e+00 9.022855880091163272e+03
1.705699329874152454e+03 1.822975630305096351e+00 7.464644000358488185e+00 9.022856562044269594e+03
1.938127233487460444e+03 1.406581697180663282e+00 7.463883247148444866e+00 9.022881099617003201e+03
1.560947029867382753e+03 2.224154569054394681e+00 7.441203778670320901e+00 9.022935140246518131e+03
1.920092257936806391e+03 1.414306516484286513e+00 7.466132948369659239e+00 9.022941107939326685e+03
1.969284596402088482e+03 1.292011973966710414e+00 7.477041194616082187e+00 9.022985069273981935e+03
1.685179115609690598e+03 1.981552192651728106e+00 7.457396127460960145e+00 9.023007803862155924e+03
1.938341508777567924e+03 1.415843270889893146e+00 7.472579571535494125e+00 9.023017587310543604e+03
1.849296387446836889e+03 1.554477930100579330e+00 7.462331758798768533e+00 9.023024156007064448e+03
1.838857321219887581e+03 1.555899862119715982e+00 7.481088417856080142e+00 9.023101748418534044e+03
1.637309737228101085e+03 1.971836516872766731e+00 7.481124431627620197e+00 9.023107625331931558e+03
1.729322081943148305e+03 1.774209272907063539e+00 7.480708311846156811e+00 9.023132984883688550e+03
1.722869959345543521e+03 1.761616134050708604e+00 7.466185798300862153e+00 9.023150740066317667e+03
1.715750311646506816e+03 1.708965566148435089e+00 7.481933173616247323e+00 9.023160216337360907e+03
1.644809520652223455e+03 1.934756946420293833e+00 7.463025655641082778e+00 9.023203444975630191e+03
1.606315637401474078e+03 2.008751443094020317e+00 7.456065228138602841e+00 9.023207778425279685e+03
1.920230311323106662e+03 1.451572478022402191e+00 7.455636204423022662e+00 9.023300362583260721e+03
1.590667930257657417e+03 2.046942937307738575e+00 7.461312931083055489e+00 9.023301372792482653e+03
1.681878496864219414e+03 1.918736073376985152e+00 7.471609968534375312e+00 9.023343706894223942e+03
1.507404677411033390e+03 2.162461579128509559e+00 7.443424599787201501e+00 9.023351495305212666e+03
1.556637208016393060e+03 2.163375878696253807e+00 7.482242857388587076e+00 9.023358891252140893e+03
1.549543258583909619e+03 2.209579189473700911e+00 7.443681969190294900e+00 9.023378360371725648e+03
1.799101517956594307e+03 1.602981509061188969e+00 7.457530373723768591e+00 9.023435691722081174e+03
1.681539858594449470e+03 1.865400159660132617e+00 7.478854308520660688e+00 9.023495999912593106e+03
1.998718596722855864e+03 1.232438528605743322e+00 7.473920746457410225e+00 9.023508045264385146e+03
1.611246019966818722e+03 2.043900874563666648e+00 7.472688049594611748e+00 9.023529633166230269e+03
1.582947181061065749e+03 2.027073607432325009e+00 7.436873996960653876e+00 9.023535496402892022e+03
1.587890885411976114e+03 2.038200355817704867e+00 7.443041121375814306e+00 9.023624555295176833e+03
1.559767236082029513e+03 2.134981134017639448e+00 7.473725444733756440e+00 9.023630488167817020e+03
1.667276252862884348e+03 1.870867418735740584e+00 7.491318285451179726e+00 9.023644504081403284e+03
1.556208006539533017e+03 2.227346135930539539e+00 7.469445244848457399e+00 9.023681573116899017e+03
1.944203605120247630e+03 1.397440735625072872e+00 7.434641730082256927e+00 9.023714107217103447e+03
1.687412715749424706e+03 1.931085664974398597e+00 7.502473163170829018e+00 9.023720922611712012e+03
1.658709861435344465e+03 2.032079668781161086e+00 7.454902698748790080e+00 9.023741065599560898e+03
1.815330630972408926e+03 1.569610245754137878e+00 7.464492213039247481e+00 9.023796242933418398e+03
1.708315390758681133e+03 1.884497483962355169e+00 7.477190701357225855e+00 9.023810413462228098e+03
1.687896537287837418e+03 1.790926106132924245e+00 7.482336366169614728e+00 9.023823649226502312e+03
1.927999133425457558e+03 1.445312940458333362e+00 7.428123263660414644e+00 9.023829996362564998e+03
1.837541178727465649e+03 1.527635898103699708e+00 7.493068987454681640e+00 9.023837730829553038e+03
1.809644043962641035e+03 1.648865882949461570e+00 7.455536258883969758e+00 9.023881893722731547e+03
1.690183712494950669e+03 1.872304857907232112e+00 7.473473670448273154e+00 9.023896047771997473e+03
1.640258586620461983e+03 1.891670994228611402e+00 7.477513156201581523e+00 9.023940492222860485e+03
1.613594804554242501e+03 2.049880395376722841e+00 7.457369923776386855e+00 9.023942507092824599e+03
1.702596118980938627e+03 1.859018157074123101e+00 7.461939414146245397e+00 9.023993420490653079e+03
1.733833599008631836e+03 1.775588306266800975e+00 7.466640686130280535e+00 9.024026264088441167e+03
1.851245704043249589e+03 1.524134576820419529e+00 7.470414887048770325e+00 9.024034289184182853e+03
1.781638477434873266e+03 1.691258368302856363e+00 7.445490133362201668e+00 9.024046419808249993e+03
1.776473275629797172e+03 1.675986570898351458e+00 7.441175021409430990e+00 9.024047493116822807e+03
1.651996457537387641e+03 1.966472591780128676e+00 7.467563925346493825e+00 9.024054003624794859e+03
1.986020955011827482e+03 1.312026072946490984e+00 7.454616529041306450e+00 9.024060506809428261e+03
1.957983786208187666e+03 1.329980346361443244e+00 7.473216664172048773e+00 9.024060819008456747e+03
1.661098932985101555e+03 1.957963415093286308e+00 7.486121835769907307e+00 9.024071605442706641e+03
1.518996224440244987e+03 2.214256855727798623e+00 7.463446178600471548e+00 9.024074101905634961e+03
1.568703899102353944e+03 2.104991510233534591e+00 7.482340841665997111e+00 9.024084553737196984e+03
1.838070981154425226e+03 1.537835288736592698e+00 7.460756586227264897e+00 9.024085676457349109e+03
1.606485023153847123e+03 2.002965337206119578e+00 7.441643319553999270e+00 9.024110504714495619e+03
1.856106944745112514e+03 1.592623445419921957e+00 7.471016378005359115e+00 9.024113039576252049e+03
1.789153846613073938e+03 1.684262648841639898e+00 7.460427630439611768e+00 9.024150226406416550e+03
1.601906640519324810e+03 2.157803869765631433e+00 7.455668825775329189e+00 9.024210812783843721e+03
1.923244713636921915e+03 1.514497686137304289e+00 7.450864770988990138e+00 9.024229657001762462e+03
1.786520587951601556e+03 1.626169504830042634e+00 7.461409274600387498e+00 9.024238648017222658e+03
1.705706673710224322e+03 1.744981295469768323e+00 7.489056604478822265e+00 9.024241158426861148e+03
1.568263407197383458e+03 2.048953916112475682e+00 7.465932111688345252e+00 9.024246047438300593e+03
1.549295392289844131e+03 2.145028053082829622e+00 7.437729431528919299e+00 9.024354440382026951e+03
1.929551197768359089e+03 1.420246094481921739e+00 7.456349367258473748e+00 9.024373825440768996e+03
1.966134724930864195e+03 1.350876916424873064e+00 7.471110747157828413e+00 9.024404512721524952e+03
1.671489552107774898e+03 1.912589879240358393e+00 7.467464406750779382e+00 9.024404951686403365e+03
1.754833307575856452e+03 1.691209753033834584e+00 7.487496873379074103e+00 9.024413094555186035e+03
1.893040998608808195e+03 1.532712266376839549e+00 7.470113673083774053e+00 9.024430249891829590e+03
1.673519030746384033e+03 1.970048700742284886e+00 7.456752644922102213e+00 9.024458108218008419e+03
1.514712492600493988e+03 2.302939776871236077e+00 7.489205967178348189e+00 9.024462580299756155e+03
1.638968973839823093e+03 2.001349008461752899e+00 7.455892868670359164e+00 9.024474224792587847e+03
1.568328442419744306e+03 2.125999866639211255e+00 7.499457038924674634e+00 9.024491781438560793e+03
1.537680437182566948e+03 2.176770821813748924e+00 7.477098900721035335e+00 9.024499553531284619e+03
1.517740750157841148e+03 2.206613426851530058e+00 7.453322108573809501e+00 9.024508307855627208e+03
1.739806397487419872e+03 1.790155113528591579e+00 7.457138261461465412e+00 9.024560837627035653e+03
1.946761207634169750e+03 1.323672863901776964e+00 7.467751212908614988e+00 9.024579222585354728e+03
1.593201224318666846e+03 2.118254967828963942e+00 7.451064411553189437e+00 9.024591294896947147e+03
1.760661345309110402e+03 1.776169256636870530e+00 7.451380259122778682e+00 9.024612985929241404e+03
1.771632345819199600e+03 1.730381224162049092e+00 7.449946037432425783e+00 9.024632161790130340e+03
1.646346926122117566e+03 1.889803660206345493e+00 7.438724219805900262e+00 9.024634118246975049e+03
1.866580304355621138e+03 1.549267007423017262e+00 7.481178118642888286e+00 9.024668942888531092e+03
1.560947029867382753e+03 2.224154569054394681e+00 7.441203778670320901e+00 9.024684466172186148e+03
1.931744325273366485e+03 1.407244995673348154e+00 7.457923782720961903e+00 9.024694771538210261e+03
1.971286833494295479e+03 1.358787446154130496e+00 7.462341059782765740e+00 9.024701485608113217e+03
1.558659542450282743e+03 2.108334302997858956e+00 7.487498687853766377e+00 9.024730013229396718e+03
1.747336561680836894e+03 1.720109968426875469e+00 7.475081517148718824e+00 9.024732521939800790e+03
1.951449552229570145e+03 1.417009289570890118e+00 7.453694862760481321e+00 9.024744309710025846e+03
1.875379349892505616e+03 1.525632088566515998e+00 7.446776677106511144e+00 9.024756911796646818e+03
1.761421198243380559e+03 1.713656982832944875e+00 7.497588775685928297e+00 9.024760839640817721e+03
1.714456321685906687e+03 1.764030157320434888e+00 7.470623922713450327e+00 9.024765949875532897e+03
1.568703899102353944e+03 2.104991510233534591e+00 7.482340841665997111e+00 9.024785709803058126e+03
1.652127400377500862e+03 1.923605695452915043e+00 7.459932362751063195e+00 9.024815090624339064e+03
1.825230684381072479e+03 1.622017440979595548e+00 7.481498067611076941e+00 9.024849453938741135e+03
1.990730688826651203e+03 1.248315952649507787e+00 7.442051491770808269e+00 9.024853559834571570e+03
1.959776578002946280e+03 1.333158462675716915e+00 7.481776827793177986e+00 9.024856213781493352e+03
1.632612579226576599e+03 2.030350212953057287e+00 7.447110980989241291e+00 9.024860565769786263e+03
1.680049537927743813e+03 1.923788968995383541e+00 7.490263517535638016e+00 9.024870881139968333e+03
1.944813768746103960e+03 1.378019872050908701e+00 7.470570215012336313e+00 9.024875303879200146e+03
1.661098932985101555e+03 1.957963415093286308e+00 7.486121835769907307e+00 9.024885851874852960e+03
1.813717640917074277e+03 1.601937588091409292e+00 7.465613850411823016e+00 9.024915620874136948e+03
1.956271009948479559e+03 1.380694166289090363e+00 7.480161375556942716e+00 9.024931518760236941e+03
1.804838300867333146e+03 1.610463473040018911e+00 7.476815838332640851e+00 9.024944184667509035e+03
1.591277274199279418e+03 2.142171595234996229e+00 7.448616460623251001e+00 9.024968475253586803e+03
1.625940489554485794e+03 2.097088075150275621e+00 7.442826013884894287e+00 9.024985370966753180e+03
1.747745292399991058e+03 1.732449094501137488e+00 7.455996821684586884e+00 9.025002193295469624e+03
1.949095062126649509e+03 1.412807011684534153e+00 7.465634585253027034e+00 9.025003091147162195e+03
1.531097491744079662e+03 2.310000907301120510e+00 7.476680634692891125e+00 9.025026786504671691e+03
1.683726209883905540e+03 1.876035715943137561e+00 7.445547017513894694e+00 9.025040485301648005e+03
1.556067956434198550e+03 2.099759926380572406e+00 7.496388208699310773e+00 9.025051565834781286e+03
1.718003233884863221e+03 1.772556348299340501e+00 7.487092501977982373e+00 9.025056456924892700e+03
1.549561253763991772e+03 2.127524063955872347e+00 7.464399066527778182e+00 9.025073128915510097e+03
1.705077749683799539e+03 1.848144551004895053e+00 7.451521553620024108e+00 9.025081748614975368e+03
1.740410910420868731e+03 1.674513348083894293e+00 7.471070059363055016e+00 9.025086304552422007e+03
1.729330472156372707e+03 1.771733726911181250e+00 7.478456534842989889e+00 9.025088192564802739e+03
1.647580478243143261e+03 2.027972875030249256e+00 7.457279163133896382e+00 9.025141248604146313e+03
1.605174946939619304e+03 2.077687639018697130e+00 7.417363744181990626e+00 9.025144063419405938e+03
1.975656623532541289e+03 1.268426287635704863e+00 7.489928828147569995e+00 9.025159167863925177e+03
1.994071567850186284e+03 1.253518283899391905e+00 7.503876134897856431e+00 9.025169316756651824e+03
1.922570747722655597e+03 1.350412553697386997e+00 7.459092077257380105e+00 9.025171540000725145e+03
1.878593240814623414e+03 1.504036785614156546e+00 7.481610996128702951e+00 9.025178568966064631e+03
1.860144180279578222e+03 1.521593705977460464e+00 7.431695742164809104e+00 9.025200868385043577e+03
1.630159216098331626e+03 1.905532032481225935e+00 7.452380263693178186e+00 9.025205611163446520e+03
1.870102950089662045e+03 1.530958707796636675e+00 7.453127022446703442e+00 9.025213452292846341e+03
1.990088808040718504e+03 1.289340445118180245e+00 7.463210583603343551e+00 9.025218414246055545e+03
1.985763519387639235e+03 1.250191527756053134e+00 7.470328081228707617e+00 9.025219660723576453e+03
1.805219110300432021e+03 1.678455812249682877e+00 7.458042503850369265e+00 9.025249751760549771e+03
1.998771093544297855e+03 1.333462832386977714e+00 7.450542949425733141e+00 9.025264100877593592e+03
1.704187602405449979e+03 1.927026911668328513e+00 7.471160446591391668e+00 9.025265520669070611e+03
1.930724539469663796e+03 1.463655433550886897e+00 7.473476650210162830e+00 9.025310421908878197e+03
1.608826471590054553e+03 2.018547464862401775e+00 7.446407857774392625e+00 9.025322876447216913e+03
1.662433393570707722e+03 1.990820324541027864e+00 7.455967842539375390e+00 9.025354540244205054e+03
1.714286782757245419e+03 1.806772053561595870e+00 7.476550679543368716e+00 9.025366407645406071e+03
1.533395632899506609e+03 2.239331958091063335e+00 7.480424456352693596e+00 9.025398047706074067e+03
1.633541991616376890e+03 1.861519704740667969e+00 7.438437460605030083e+00 9.025407509789039977e+03
1.502139161079211135e+03 2.257193756740999646e+00 7.478907784507996759e+00 9.025437314105574842e+03
1.890213452760664268e+03 1.508391671134653444e+00 7.457204498731510256e+00 9.025438572432936780e+03
1.839133849444457610e+03 1.620634309043044397e+00 7.480400603374297575e+00 9.025445908406292801e+03
1.936577926857518833e+03 1.390304673287901416e+00 7.449254066082565906e+00 9.025486870347125659e+03
1.668425940707101745e+03 1.899978278105233676e+00 7.470076303526306916e+00 9.025528522663544209e+03
1.642268757717038397e+03 1.952185651930794741e+00 7.493292899271475349e+00 9.025544593832995815e+03
1.943406400785593632e+03 1.394534383176065262e+00 7.473944711773272687e+00 9.025549064972263295e+03
1.542664241358098025e+03 2.199680742801517042e+00 7.452864372883155397e+00 9.025556848728327168e+03
1.926781737505884166e+03 1.378973711506670474e+00 7.450250161515478808e+00 9.025577490513727753e+03
1.940602034339921602e+03 1.362764205334766610e+00 7.473238634669383984e+00 9.025582726225014994e+03
1.754347012857781010e+03 1.705253275043265848e+00 7.478275671290711024e+00 9.025583858036323363e+03
1.858611054282089526e+03 1.493633568131210732e+00 7.440396465283670935e+00 9.025594764559280520e+03
1.951449552229570145e+03 1.417009289570890118e+00 7.453694862760481321e+00 9.025596685707450888e+03
1.636772698401759499e+03 1.983446563594628564e+00 7.462216204696741961e+00 9.025601459577981586e+03
1.626858611752778643e+03 1.903413729218352834e+00 7.460732801502495626e+00 9.025606843372730509e+03
1.610502939811218312e+03 1.961935228191077130e+00 7.458373850767731739e+00 9.025610084606221790e+03
1.894556917254296422e+03 1.482065041520513660e+00 7.457067858063207488e+00 9.025626475902865423e+03
1.743720544709572096e+03 1.730409362100713500e+00 7.449457042640033499e+00 9.025638623945842482e+03
1.551540342865449702e+03 2.060948433983907258e+00 7.491628159455770763e+00 9.025641556837077587e+03
1.710148992478951413e+03 1.780319358185293188e+00 7.486513328691465574e+00 9.025642894071866976e+03
1.710148992478951413e+03 1.780319358185293188e+00 7.486513328691465574e+00 9.025649079797676677e+03
1.561031072164913439e+03 2.154034820534897143e+00 7.453690368360510909e+00 9.025649763511280980e+03
1.636510549546753964e+03 1.911317760264721555e+00 7.461331566129540960e+00 9.025667380569893794e+03
1.541330230915309357e+03 2.143530662559430588e+00 7.442671716128670845e+00 9.025678214594641759e+03
1.628940712807009049e+03 2.057623114172157486e+00 7.489433540161231306e+00 9.025685214771523533e+03
1.759986331644303846e+03 1.627875126516245219e+00 7.459162384742754170e+00 9.025698786108627246e+03
1.979708757410828639e+03 1.365202918051991121e+00 7.449181465197727725e+00 9.025708590179126986e+03
1.674708975151025015e+03 1.952198712570888839e+00 7.452163526021632123e+00 9.025724741112271658e+03
1.944608116959977906e+03 1.374478413187955272e+00 7.499604453829071815e+00 9.025727475504050744e+03
1.938429440409902099e+03 1.384874457721062768e+00 7.456610436571417644e+00 9.025735402441436236e+03
1.994912964838835478e+03 1.313920736799814248e+00 7.477822355221052320e+00 9.025738962573248500e+03
1.777805464212437300e+03 1.681131589665600057e+00 7.445776909417719303e+00 9.025757473788022253e+03
1.761705054939006232e+03 1.589601291856719278e+00 7.468816615003287751e+00 9.025765399741076180e+03
1.691152987833562520e+03 1.799575386833228263e+00 7.463702816737268542e+00 9.025767868204085971e+03
1.579336173192317801e+03 2.150283735722784861e+00 7.448835199669838758e+00 9.025768579939729534e+03
1.940414946339248218e+03 1.357096097502324294e+00 7.466652742763869810e+00 9.025774237709058070e+03
1.816032891621248154e+03 1.659040514455305981e+00 7.444752015119159516e+00 9.025793603380776403e+03
1.864960646545178633e+03 1.562180699100065961e+00 7.482596617177372345e+00 9.025803949731700413e+03
1.736385710436122963e+03 1.721068293416418760e+00 7.459243508109818954e+00 9.025806925715956822e+03
1.682661909991432140e+03 1.900858549532048469e+00 7.461326614219318643e+00 9.025828691941898796e+03
1.602492967756059898e+03 2.051093364424970922e+00 7.443280166754464133e+00 9.025828860079658625e+03
1.736606650904788921e+03 1.766081554792148012e+00 7.430584845159065921e+00 9.025832072419683755e+03
1.859521234872210698e+03 1.502729681561612018e+00 7.463897021175943003e+00 9.025854752147939507e+03
1.668368625151954120e+03 1.844656647221728285e+00 7.440544075683300562e+00 9.025866217365797638e+03
1.964657773941921278e+03 1.387990817119167053e+00 7.484948127412105023e+00 9.025894790381908024e+03
1.998838266205491436e+03 1.221623097659341184e+00 7.451181544570660620e+00 9.025916133427779641e+03
1.579624427579245548e+03 2.087120418910212827e+00 7.448527796779650600e+00 9.025920706559916653e+03
1.610905687468332872e+03 1.974693006265620276e+00 7.448008606175710256e+00 9.025960380434713443e+03
1.659390869543915414e+03 1.957913904854272857e+00 7.450287141328191254e+00 9.025975593086623121e+03
1.852119240425259022e+03 1.548893030317481045e+00 7.467435745004612713e+00 9.025990898493473651e+03
1.819977492956523974e+03 1.623406332668158925e+00 7.424866470748674452e+00 9.025994726183909734e+03
1.983315394716958053e+03 1.324095622426163521e+00 7.442788984128818619e+00 9.026009886984726108e+03
1.965692783668090897e+03 1.290297151719643542e+00 7.474986923172575182e+00 9.026025839470808933e+03
1.642117464613095990e+03 1.855498244667468155e+00 7.487833485409989720e+00 9.026035598368773208e+03
1.563068645742446506e+03 2.185212231259175297e+00 7.500857338699928434e+00 9.026067359018063144e+03
1.583237840025783726e+03 2.110312107565019524e+00 7.453358229144980918e+00 9.026090772586201638e+03
1.993165018709153856e+03 1.287597985209449902e+00 7.464578529407726037e+00 9.026095230570490457e+03
1.936884582868866346e+03 1.409384638705879933e+00 7.459107660865089251e+00 9.026100013265202506e+03
1.833382781263055222e+03 1.606721474280737860e+00 7.463131669603703777e+00 9.026109307885786620e+03
1.518852875188320695e+03 2.218950181343376293e+00 7.475059900363842935e+00 9.026116280415672009e+03
1.759573641879225306e+03 1.711996271798266633e+00 7.465213699590731444e+00 9.026138310858272234e+03
1.653068959909251134e+03 1.948980811151584724e+00 7.461840770843894965e+00 9.026147961619473790e+03
1.940193924695226769e+03 1.439716429916283902e+00 7.460152088590613850e+00 9.026162738597626230e+03
1.610420644526474462e+03 1.956967236623729178e+00 7.472975818298253081e+00 9.026165889434752899e+03
1.718186526583700470e+03 1.839507549812515297e+00 7.464217132601644877e+00 9.026172413767828402e+03
1.683052552380641373e+03 1.801619934318166916e+00 7.461252936564028104e+00 9.026173668505509340e+03
1.936597220216312962e+03 1.492948325654990249e+00 7.425275004024426195e+00 9.026175479147785154e+03
1.790059257569764668e+03 1.650973262952367238e+00 7.465596598516588855e+00 9.026184495035578948e+03
1.752066111283639202e+03 1.733771177758351323e+00 7.445677819530359010e+00 9.026185252623155975e+03
1.602274397325635618e+03 1.986698692223281881e+00 7.484634664084619082e+00 9.026186083389717169e+03
1.588704369376933982e+03 2.107110454827828327e+00 7.435786960736749940e+00 9.026188983454934714e+03
1.760270390770354425e+03 1.743479523231048045e+00 7.471757264144825328e+00 9.026189917820323899e+03
1.777805464212437300e+03 1.681131589665600057e+00 7.445776909417719303e+00 9.026194965185948604e+03
1.838070981154425226e+03 1.537835288736592698e+00 7.460756586227264897e+00 9.026221482055467277e+03
1.718439079519846473e+03 1.827171973102052149e+00 7.475228198719472417e+00 9.026233314694169167e+03
1.559704198816277312e+03 2.021038428594026826e+00 7.489527637157989304e+00 9.026241256660352519e+03
1.638200208903533849e+03 1.894549609754220265e+00 7.473413565162318584e+00 9.026254179440134976e+03
1.986618234506348927e+03 1.358063234524633511e+00 7.495236160035558370e+00 9.026259083555494726e+03
1.672133180291997178e+03 1.959011928171385808e+00 7.458814851403663404e+00 9.026268767556117382e+03
1.997581430241986709e+03 1.336328457608806586e+00 7.465602527728872673e+00 9.026278833276661317e+03
1.662484319558757534e+03 1.886867145290347825e+00 7.446296473019125450e+00 9.026284244573644173e+03
1.900782475062485446e+03 1.429580753536729754e+00 7.478584436884021969e+00 9.026302126223292362e+03
1.676047854611073717e+03 1.944420891688563025e+00 7.448291927141222679e+00 9.026304891966085052e+03
1.872523072595804933e+03 1.557105252703284259e+00 7.442830501601043203e+00 9.026312628756786580e+03
1.863173703978563935e+03 1.540948492572281836e+00 7.468331903568437014e+00 9.026330882640553682e+03
1.721192249307774773e+03 1.888078044134343658e+00 7.481705673769903697e+00 9.026344318077621210e+03
1.713774032685308384e+03 1.743570181933887797e+00 7.452070707918450942e+00 9.026346043911782544e+03
1.831933140759236494e+03 1.524323841268009350e+00 7.459988828971451547e+00 9.026354912231947310e+03
1.725094985669230482e+03 1.875790195752152556e+00 7.484479257649870654e+00 9.026366131077415048e+03
1.587701738709833535e+03 1.997794578607726912e+00 7.467314803833466463e+00 9.026370225480139197e+03
1.972404144215142423e+03 1.291682185156969309e+00 7.459122723959547230e+00 9.026382264476142154e+03
1.662741430649168251e+03 1.945252022400211667e+00 7.463639970953980907e+00 9.026382579158804219e+03
1.543143740516163916e+03 2.101544512678457544e+00 7.465731537511162585e+00 9.026387049521717927e+03
1.685121485506065710e+03 1.901286407367607012e+00 7.451955989286640936e+00 9.026394708011272087e+03
1.948005251483695247e+03 1.304901799566058118e+00 7.471325181769750579e+00 9.026397585027454625e+03
1.695000666185458613e+03 1.862314799789686504e+00 7.466670141342583555e+00 9.026411501404294540e+03
1.668869319039157517e+03 1.871364436747744442e+00 7.464916799758695376e+00 9.026419945446787096e+03
1.729844277854677330e+03 1.806786190851664919e+00 7.475423856307542358e+00 9.026423876192529860e+03
1.886287851737131859e+03 1.487581701958614389e+00 7.440748885912131350e+00 9.026425021476285110e+03
1.973033733761666554e+03 1.373913179926544492e+00 7.468725298251754019e+00 9.026453472207205778e+03
1.566627559825815297e+03 2.123824009457178086e+00 7.475366806610463044e+00 9.026471777689594091e+03
1.703282260358328358e+03 1.840022443219544446e+00 7.457869705737564026e+00 9.026484397430403988e+03
1.787214095395486311e+03 1.743688223958452355e+00 7.463869055801265695e+00 9.026486116471252899e+03
1.700059378638011367e+03 1.844245901259022880e+00 7.480164669604187466e+00 9.026493519316500169e+03
1.579421161699481218e+03 2.124712435004229238e+00 7.436196120238642848e+00 9.026504713548207292e+03
1.757016322952087648e+03 1.663639660692640243e+00 7.443306891648840740e+00 9.026509484548478213e+03
1.932025942518737565e+03 1.353429721124677743e+00 7.475566738206919304e+00 9.026536589799441572e+03
1.871340842110506856e+03 1.488629837101836717e+00 7.508349194932631754e+00 9.026541252475966758e+03
1.694641859024326550e+03 1.917580594617409373e+00 7.451302887313364209e+00 9.026542340073414380e+03
1.657227620981736663e+03 1.960650971720994340e+00 7.463817334137017312e+00 9.026544987682671490e+03
1.509217226774153687e+03 2.223582706979193802e+00 7.458967998283862144e+00 9.026557920538454709e+03
1.545370676698048328e+03 2.226921988920064877e+00 7.459567817433814696e+00 9.026570451934694574e+03
1.776579771828770390e+03 1.675753989724435788e+00 7.447621216203648586e+00 9.026585885415033772e+03
1.964657773941921278e+03 1.387990817119167053e+00 7.484948127412105023e+00 9.026591978004973498e+03
1.696958225645330913e+03 1.952547914991654476e+00 7.477048419657405631e+00 9.026607841839455432e+03
1.529793933981130749e+03 2.273262188143202689e+00 7.447666085671392544e+00 9.026608620822016746e+03
1.539231724989670283e+03 2.309237957423970755e+00 7.450627902597371843e+00 9.026615633184303078e+03
1.566275754168067351e+03 2.164544226862485488e+00 7.449264359738595687e+00 9.026617594183562687e+03
1.984179692258591786e+03 1.287949819327940837e+00 7.445309774453299667e+00 9.026626293273591727e+03
1.895149401506987942e+03 1.487303827340891393e+00 7.454145584727171148e+00 9.026642716381054925e+03
1.788246393062461948e+03 1.653745795800150242e+00 7.440757045015820026e+00 9.026667780364490682e+03
1.556282154131248944e+03 2.229075787730666391e+00 7.465936691001912706e+00 9.026672673083085101e+03
1.785185785823207198e+03 1.687002318174538829e+00 7.444031149160139194e+00 9.026680983341297178e+03
1.903970930293257652e+03 1.461932500096916998e+00 7.462805614223221973e+00 9.026701829387893667e+03
1.992971117342840444e+03 1.369979620647047813e+00 7.446465282529575624e+00 9.026707106119962191e+03
1.765063471654213117e+03 1.757400869164981616e+00 7.470034490917487169e+00 9.026714103807307765e+03
1.859185067363136341e+03 1.521122499955788410e+00 7.473845424913121427e+00 9.026724412515977747e+03
1.621123765882058933e+03 1.973606571057291204e+00 7.460594056667210872e+00 9.026725140037446181e+03
1.580210106851345472e+03 2.110583341995176276e+00 7.476501140115329846e+00 9.026726900896745065e+03
1.970242431865106028e+03 1.311272234312289786e+00 7.463313787313047953e+00 9.026735641877685339e+03
1.849791974541760737e+03 1.544992576123009442e+00 7.455220510264495282e+00 9.026743368785384519e+03
1.624425307949590433e+03 2.086584673355826425e+00 7.463239020869932183e+00 9.026758212599663239e+03
1.961753076466255607e+03 1.311094603641821621e+00 7.461089338845119379e+00 9.026765424439217895e+03
1.643480893452358032e+03 1.846545941680336922e+00 7.467684917697902769e+00 9.026769220088583097e+03
1.705619815415913081e+03 1.910526906766039090e+00 7.484826253989750988e+00 9.026773042185748636e+03
1.996681419330869630e+03 1.284321935225024802e+00 7.486326193842218757e+00 9.026775385549295606e+03
1.678603610341083595e+03 1.777660807454619851e+00 7.462637222572160667e+00 9.026784465403485228e+03
1.833382781263055222e+03 1.606721474280737860e+00 7.463131669603703777e+00 9.026791314125857753e+03
1.946285170764483382e+03 1.376978442098012678e+00 7.440528184572912096e+00 9.026800560989133373e+03
1.518942348402000789e+03 2.331403272082964051e+00 7.444390325887687787e+00 9.026820031673480116e+03
1.677902179622609538e+03 1.807978795028197139e+00 7.454204701569281610e+00 9.026821143205186672e+03
1.927790744201430471e+03 1.415369299786693791e+00 7.463687096269583598e+00 9.026828047518907624e+03
1.671383320145752805e+03 1.972137922276298250e+00 7.466416464344381332e+00 9.026833356758208538e+03
1.792174848954725803e+03 1.595002017974273434e+00 7.465507358017394068e+00 9.026834146737697665e+03
1.942109717822425637e+03 1.373318382668668791e+00 7.471646552418835796e+00 9.026837182584142283e+03
1.621720922098402298e+03 1.919725323064838340e+00 7.470589623237788857e+00 9.026843471249556387e+03
1.568263407197383458e+03 2.048953916112475682e+00 7.465932111688345252e+00 9.026857501758424405e+03
1.739875045151718496e+03 1.768656307934039162e+00 7.457989837399925825e+00 9.026858507324250240e+03
1.729744330810456177e+03 1.821348934128848462e+00 7.476990391081646870e+00 9.026860526398124421e+03
1.732399566744609047e+03 1.843289996264546371e+00 7.471577912587012982e+00 9.026882536388879089e+03
1.601906640519324810e+03 2.157803869765631433e+00 7.455668825775329189e+00 9.026883188447334760e+03
1.566798184076926873e+03 2.207645890710410175e+00 7.476052815628642101e+00 9.026887175044230389e+03
1.911723221130723232e+03 1.478185632999000187e+00 7.477440222621790866e+00 9.026897660014667053e+03
1.773098421317538623e+03 1.732374438615043477e+00 7.437311477346252531e+00 9.026897665137143122e+03
1.683052552380641373e+03 1.801619934318166916e+00 7.461252936564028104e+00 9.026920663037692066e+03
1.981915693353793586e+03 1.323079300444662820e+00 7.474081289905462278e+00 9.026931356719473115e+03
1.961735482407810878e+03 1.405163090559522931e+00 7.468543613695846517e+00 9.026931410090175632e+03
1.773193421762460275e+03 1.724418624590756011e+00 7.470508776641655579e+00 9.026931661192302272e+03
1.770891096772157653e+03 1.659085504544959289e+00 7.470532962525545884e+00 9.026936399992580846e+03
1.733404176029421478e+03 1.803811333013891627e+00 7.445479485855736712e+00 9.026944951098814272e+03
1.734911302223262055e+03 1.711892577821306327e+00 7.448783263303036861e+00 9.026946875402079968e+03
1.738093737181901133e+03 1.777072505900538779e+00 7.448541496640820547e+00 9.026954782628161411e+03
1.863198498464605109e+03 1.513682258165507832e+00 7.488150286119006793e+00 9.026967239385623543e+03
1.825111929343276415e+03 1.598761994820746102e+00 7.445321977031459149e+00 9.026979037776221958e+03
1.551540342865449702e+03 2.060948433983907258e+00 7.491628159455770763e+00 9.027005348616594347e+03
1.788192864143789848e+03 1.658581209861944350e+00 7.469663498442576710e+00 9.027016186598275453e+03
1.665781082505905033e+03 2.033582005868728615e+00 7.466854743513973602e+00 9.027018355671318204e+03
1.822732352806755671e+03 1.623836468375158715e+00 7.454079245320167857e+00 9.027020173180830170e+03
1.705619815415913081e+03 1.910526906766039090e+00 7.484826253989750988e+00 9.027020400957409947e+03
1.645509140953416136e+03 1.992468204080797500e+00 7.450273065733212796e+00 9.027039557589230753e+03
1.725061071346089875e+03 1.824188603690722665e+00 7.467413827122160619e+00 9.027040012065825067e+03
1.611550747843820318e+03 2.043965510846376787e+00 7.459570348249752847e+00 9.027040363649542996e+03
1.898661750873678102e+03 1.471386214823501737e+00 7.454009168088014725e+00 9.027051244215537736e+03
1.872244089433545923e+03 1.470347064012563321e+00 7.467117477826429983e+00 9.027052619181538830e+03
1.745086116410860086e+03 1.747132740600494838e+00 7.443577267688914922e+00 9.027053462988322281e+03
1.610420644526474462e+03 1.956967236623729178e+00 7.472975818298253081e+00 9.027057506555989676e+03
1.563472584262967302e+03 2.124539168747515916e+00 7.468267867690200568e+00 9.027058895699914501e+03
1.684837529276719579e+03 1.833830314762362468e+00 7.466578767415404272e+00 9.027062287758835737e+03
1.797964377632725245e+03 1.660503488362785385e+00 7.424077280877997786e+00 9.027071108595071564e+03
1.974062280437875870e+03 1.339490864890401589e+00 7.444171578547422286e+00 9.027079942042659241e+03
1.733404176029421478e+03 1.803811333013891627e+00 7.445479485855736712e+00 9.027084962580132924e+03
1.973033733761666554e+03 1.373913179926544492e+00 7.468725298251754019e+00 9.027086880216502323e+03
1.919213321055155120e+03 1.426663974909381460e+00 7.455590805501195462e+00 9.027088569896988702e+03
1.564279420476680571e+03 2.068434488485138445e+00 7.471224923738487789e+00 9.027096770889085747e+03
1.566798184076926873e+03 2.207645890710410175e+00 7.476052815628642101e+00 9.027102330161602367e+03
1.709843267774175047e+03 1.842486687281408964e+00 7.470731990991302141e+00 9.027104504990174973e+03
1.920173407859413601e+03 1.483332981119506844e+00 7.448587258039642833e+00 9.027115506203557743e+03
1.670178573122249418e+03 1.957973441275715931e+00 7.467578095543779604e+00 9.027129097529446881e+03
1.711762201252917976e+03 1.737414665743015174e+00 7.469178746066607033e+00 9.027144861292348651e+03
1.505881687008326480e+03 2.295078149824764768e+00 7.464345119293855468e+00 9.027153150079038824e+03
1.652959112274788595e+03 1.906668076609929319e+00 7.470636940848742746e+00 9.027162857878884097e+03
1.965530353446366007e+03 1.270142228323887013e+00 7.458877549363058357e+00 9.027163013533936464e+03
1.575758173950641094e+03 2.145567596655457265e+00 7.461712858881083044e+00 9.027169732104039213e+03
1.730005746696843971e+03 1.710791323209658765e+00 7.493703787934372862e+00 9.027175829695041102e+03
1.773877585496439906e+03 1.648939727941267641e+00 7.488604276828688455e+00 9.027177210487852790e+03
1.825230684381072479e+03 1.622017440979595548e+00 7.481498067611076941e+00 9.027187102387546474e+03
1.761467927337036372e+03 1.684467374211933377e+00 7.452205963811539213e+00 9.027188743159957085e+03
1.748479011528378578e+03 1.784432238431427509e+00 7.439291281352483409e+00 9.027192365582131970e+03
1.863918549627327820e+03 1.593255847312980755e+00 7.478390660850063654e+00 9.027194037912548083e+03
1.964883719245663769e+03 1.355676268187904432e+00 7.465221478505501551e+00 9.027200716721203207e+03
1.534495970005258641e+03 2.255091488643845565e+00 7.465799916282481519e+00 9.027213109047323087e+03
1.634688296046614141e+03 2.016643533852771064e+00 7.467541859015210726e+00 9.027227039219857033e+03
1.917761411930787744e+03 1.459740574941452484e+00 7.464448440389376493e+00 9.027227841680090933e+03
1.686015852634899147e+03 1.875533811669706008e+00 7.437842741887271458e+00 9.027230078146816595e+03
1.941211295168314791e+03 1.377732745498341238e+00 7.457593889133518950e+00 9.027242601095367718e+03
1.992971117342840444e+03 1.369979620647047813e+00 7.446465282529575624e+00 9.027249924514871964e+03
1.867662905681963821e+03 1.600272767449079536e+00 7.473652778918358663e+00 9.027252439747240714e+03
1.678497417477670524e+03 1.908427579323161760e+00 7.487268827268172444e+00 9.027254315484491599e+03
1.672133180291997178e+03 1.959011928171385808e+00 7.458814851403663404e+00 9.027254797599049198e+03
1.738377789299173401e+03 1.774723930533286920e+00 7.455434240619507769e+00 9.027258903630185159e+03
1.819611870948286196e+03 1.625129875923440048e+00 7.467291998801394826e+00 9.027262671380534812e+03
1.523816186010193633e+03 2.230838931505257250e+00 7.473451598798773077e+00 9.027264688764265884e+03
1.715798983292891080e+03 1.831375789087805739e+00 7.439012449877741240e+00 9.027266650529054459e+03
1.926781737505884166e+03 1.378973711506670474e+00 7.450250161515478808e+00 9.027269446339556453e+03
1.621192664946710238e+03 2.041667859238617488e+00 7.468736451092203410e+00 9.027269938995174016e+03
1.681363904592417612e+03 1.795962916849274338e+00 7.473335409258972106e+00 9.027270992932330046e+03
1.903181859218628915e+03 1.531104580501739809e+00 7.442099335806896754e+00 9.027272137600928545e+03
1.885540359108509165e+03 1.432526392467765808e+00 7.453995625439450379e+00 9.027274902633003876e+03
1.923950878634237597e+03 1.436405324425672703e+00 7.448871938666186132e+00 9.027277628322393866e+03
1.904189592056295623e+03 1.428096912289998466e+00 7.470253891705490368e+00 9.027278718163472149e+03
1.983205651184377757e+03 1.320454201519960513e+00 7.463369710000543833e+00 9.027283841767984995e+03
1.659681263558941737e+03 1.878839378851705710e+00 7.481034171050608528e+00 9.027292524289310677e+03
1.626706440960079817e+03 2.093698924405444473e+00 7.466235478486705546e+00 9.027293964693561065e+03
1.577064758979288627e+03 2.233580634116120844e+00 7.464602720778954037e+00 9.027305994902755629e+03
1.767349067715381125e+03 1.776993527644402215e+00 7.436271833290152955e+00 9.027307672772505612e+03
1.866045876457245868e+03 1.498370687252206013e+00 7.465986987258529162e+00 9.027328602204135677e+03
1.884314057456561386e+03 1.558419449842632920e+00 7.456330226574015896e+00 9.027330734839059005e+03
1.774797336948382963e+03 1.637532725348958884e+00 7.495773818895679952e+00 9.027337069043669544e+03
1.852119240425259022e+03 1.548893030317481045e+00 7.467435745004612713e+00 9.027338351561782474e+03
1.562238307822389743e+03 2.149926181978442763e+00 7.476095792360612613e+00 9.027342063202790087e+03
1.988122160190359637e+03 1.279718466769855123e+00 7.461345786461791363e+00 9.027347492850971321e+03
1.590954192754151109e+03 2.049618198707339189e+00 7.479525903639962614e+00 9.027347899446218435e+03
1.770730749740874444e+03 1.590360750535165568e+00 7.460180429296398685e+00 9.027353978485471089e+03
1.974429742053107702e+03 1.276194178852977590e+00 7.474364863891392652e+00 9.027358585363170278e+03
1.787973105852212939e+03 1.589468442374754709e+00 7.474941659401933336e+00 9.027362193068280249e+03
1.723053356411282948e+03 1.841673709661835634e+00 7.433572135939465753e+00 9.027363377712068541e+03
1.980975607187036758e+03 1.354252647044191571e+00 7.466087898019263314e+00 9.027367823451861113e+03
1.691651066893959751e+03 1.894204007674465284e+00 7.484489943785875177e+00 9.027370558375943801e+03
1.657727647484302906e+03 1.944579526714990125e+00 7.502259949268169414e+00 9.027382672826783164e+03
1.847572283220904410e+03 1.532531423771028356e+00 7.464476709503756524e+00 9.027385019035878940e+03
1.831933140759236494e+03 1.524323841268009350e+00 7.459988828971451547e+00 9.027385648493484041e+03
1.724471637851320565e+03 1.836063772657812176e+00 7.421712201605656922e+00 9.027388237618697531e+03
1.761606684357983340e+03 1.649430020269947006e+00 7.466493106337340535e+00 9.027390095673070391e+03
1.502400163045726231e+03 2.224087702862155957e+00 7.478504420445041490e+00 9.027409318381545745e+03
1.929000877668543808e+03 1.423930998361764733e+00 7.455782011032316525e+00 9.027409898670033726e+03
1.698064603755590269e+03 1.817983299247524442e+00 7.474228838745529124e+00 9.027412434373753058e+03
1.618230744178487384e+03 1.996202503889408009e+00 7.455026166597383153e+00 9.027412454580484336e+03
1.753778823683307110e+03 1.690165531324033799e+00 7.453605123685941081e+00 9.027418237828358542e+03
1.678070899271094504e+03 1.801964282031405240e+00 7.476269888197903057e+00 9.027424501023861012e+03
1.925128050715252812e+03 1.467391659851944530e+00 7.472376209939586289e+00 9.027435204393694221e+03
1.862518222802729269e+03 1.546983897952061371e+00 7.465871409485342447e+00 9.027450814147694473e+03
1.959931912080974598e+03 1.280701359591446042e+00 7.471349431602269497e+00 9.027472101536468472e+03
1.737717678539454027e+03 1.780610608789902516e+00 7.467778740846396701e+00 9.027472128614237590e+03
1.518508748539782800e+03 2.263210924113925326e+00 7.483104853727823524e+00 9.027479460776294218e+03
1.861888550876369663e+03 1.613606283440041533e+00 7.461436105315813805e+00 9.027479833319635873e+03
1.954474620576686220e+03 1.416258303136729069e+00 7.444519204136109458e+00 9.027481878979158864e+03
1.621551866355015818e+03 2.008640704566847290e+00 7.459589400725761266e+00 9.027492639255024187e+03
1.995627944945081936e+03 1.209229070322125343e+00 7.468004714991485216e+00 9.027493889801109617e+03
1.747404461462587733e+03 1.723413868681804351e+00 7.458576442316718236e+00 9.027509925935153660e+03
1.585671179726007267e+03 2.036484813564849006e+00 7.469607170960341769e+00 9.027512291391492909e+03
1.603771203508925964e+03 2.073272435708582329e+00 7.455009109919608967e+00 9.027514074595317652e+03
1.858391332345948967e+03 1.568742937295424467e+00 7.457470225612361503e+00 9.027518736630345302e+03
1.598743123955553756e+03 2.013193419206906309e+00 7.477957662697315655e+00 9.027525242832360163e+03
1.778210562443790195e+03 1.675374390353736365e+00 7.457321513254092871e+00 9.027525845135880445e+03
1.908702369781875404e+03 1.492491039686037357e+00 7.451731818262967266e+00 9.027526630931737600e+03
1.505521595434890287e+03 2.248556153984830441e+00 7.455965618591579691e+00 9.027527901603565624e+03
1.638688053979460165e+03 2.044129152181443310e+00 7.449993038053147387e+00 9.027528677899133982e+03
1.682479897774445135e+03 1.914246014830784715e+00 7.460826063932516128e+00 9.027530307805738630e+03
1.733851881867895827e+03 1.723753378005523196e+00 7.469945315576987710e+00 9.027531883181913145e+03
1.681516516714514182e+03 1.884488012007525581e+00 7.438283027761569244e+00 9.027539290418351811e+03
1.602492967756059898e+03 2.051093364424970922e+00 7.443280166754464133e+00 9.027546644663503685e+03
1.687547859404569181e+03 1.872626965641030150e+00 7.456536940588563311e+00 9.027552000026904352e+03
1.598763238989323327e+03 2.016031165971359229e+00 7.441419957040864119e+00 9.027552624329378887e+03
1.909292477921000454e+03 1.512047511570666636e+00 7.480870153004947731e+00 9.027553589864995956e+03
1.576692581735843305e+03 2.137867856457785098e+00 7.444674126394738245e+00 9.027554005640007745e+03
1.816032891621248154e+03 1.659040514455305981e+00 7.444752015119159516e+00 9.027568053398681513e+03
1.737576601433652513e+03 1.816699115604263781e+00 7.487411265062352328e+00 9.027569146649468166e+03
1.760048185075967695e+03 1.704599283510443097e+00 7.464239310226275848e+00 9.027576615689673417e+03
1.895149401506987942e+03 1.487303827340891393e+00 7.454145584727171148e+00 9.027586749450791103e+03
1.818064552387157619e+03 1.632673226476713868e+00 7.460714209618299009e+00 9.027593935868953849e+03
1.748347256912389412e+03 1.753751029362596858e+00 7.472820951451696558e+00 9.027604548846296893e+03
1.566927095437439220e+03 2.100416322593263718e+00 7.462606691456093344e+00 9.027623999130231823e+03
1.686254560492675409e+03 1.759401910563045179e+00 7.434714166417617953e+00 9.027641833212492202e+03
1.743834415026055240e+03 1.710541119315339031e+00 7.462704999100994385e+00 9.027644152998191203e+03
1.991465904256740941e+03 1.275881129651881274e+00 7.458786882015202124e+00 9.027647907721067895e+03
1.585828690589964026e+03 2.076710259731708419e+00 7.465599409642108775e+00 9.027650572608299626e+03
1.683503107500996521e+03 1.850955888649043368e+00 7.474934375678762066e+00 9.027655220899720007e+03
1.722436758293698176e+03 1.821546976810503926e+00 7.463006117477433143e+00 9.027655465657126115e+03
1.602492967756059898e+03 2.051093364424970922e+00 7.443280166754464133e+00 9.027661422258541279e+03
1.540335040285894820e+03 2.190976929740140910e+00 7.449520599659911646e+00 9.027666010061337147e+03
1.678497417477670524e+03 1.908427579323161760e+00 7.487268827268172444e+00 9.027667348264118118e+03
1.571884361610116684e+03 2.127722804747927299e+00 7.461880196931603315e+00 9.027671842393412589e+03
1.812133918519488361e+03 1.598159468428773433e+00 7.432898429016449704e+00 9.027676189361733122e+03
1.677902179622609538e+03 1.807978795028197139e+00 7.454204701569281610e+00 9.027678078306600582e+03
1.803246918920614007e+03 1.634609180221778368e+00 7.471119997715887528e+00 9.027687184783353587e+03
1.781164453482029330e+03 1.611755239021237740e+00 7.481322048310882877e+00 9.027689835957924515e+03
1.936511575860179619e+03 1.418780294858852820e+00 7.461978833361395225e+00 9.027702203930544783e+03
1.971613320181228573e+03 1.341381227231513762e+00 7.463909065435381684e+00 9.027703053017148704e+03
1.831994428604811674e+03 1.502243747056907441e+00 7.452788647558525881e+00 9.027705660919185902e+03
1.625004793195080538e+03 2.026492827177645673e+00 7.472726513353117106e+00 9.027714602247795483e+03
1.564279420476680571e+03 2.068434488485138445e+00 7.471224923738487789e+00 9.027717305092635797e+03
1.789130678338993903e+03 1.638380056101840676e+00 7.452480911409769426e+00 9.027720724293956664e+03
1.872889703048283991e+03 1.543907404084798207e+00 7.465406650838660063e+00 9.027725305095193107e+03
1.964595804850117929e+03 1.358817794277932478e+00 7.475009823525650354e+00 9.027727492896163312e+03
1.699542018260861369e+03 1.828491245308322410e+00 7.470656323337500737e+00 9.027731336363147420e+03
1.805594934951642699e+03 1.604206391159032297e+00 7.490636527826363356e+00 9.027737393202676685e+03
1.557075098546199115e+03 2.163030912762395452e+00 7.444939864871864543e+00 9.027738546413393124e+03
1.661720440255857966e+03 1.954189233703386375e+00 7.475663249109142150e+00 9.027739564858435187e+03
1.640559164015098986e+03 1.871973176910807224e+00 7.451646976317776172e+00 9.027739732896163332e+03
1.815220249748413607e+03 1.639120986133977942e+00 7.475676599361854358e+00 9.027739888753903870e+03
1.896394672354452268e+03 1.485370797065037163e+00 7.470062691918285758e+00 9.027743039192118886e+03
1.509893295907033007e+03 2.358223864415634807e+00 7.469146536746175791e+00 9.027747199171095417e+03
1.762875704857100573e+03 1.672028129809351338e+00 7.467909365204434380e+00 9.027749777439546961e+03
1.956176401970494226e+03 1.318450490496661853e+00 7.446192046057583447e+00 9.027754878783358436e+03
1.970192219051455595e+03 1.333958833549164780e+00 7.452183032383844719e+00 9.027764351605386764e+03
1.591341502283914679e+03 2.146475481612305281e+00 7.450224179873758068e+00 9.027767258526540900e+03
1.765004519546874917e+03 1.757352448093443487e+00 7.433130849373731586e+00 9.027767839563901362e+03
1.619085141531263162e+03 1.969447881575439929e+00 7.452772410467932040e+00 9.027772117491991594e+03
1.778995752286923789e+03 1.668595390881389307e+00 7.468965963750530790e+00 9.027780861064717101e+03
1.592384100818337629e+03 1.996644989914095447e+00 7.440978829360057389e+00 9.027787483404204977e+03
1.729211347249254004e+03 1.756049552540760672e+00 7.468833419899808312e+00 9.027789919916282088e+03
1.970749763171289715e+03 1.297527696082544812e+00 7.485878063401240290e+00 9.027792123170827836e+03
1.906421872683530637e+03 1.495355002343481843e+00 7.478663097596160547e+00 9.027794204803703906e+03
1.822732352806755671e+03 1.623836468375158715e+00 7.454079245320167857e+00 9.027794906410799740e+03
1.676394094484535799e+03 1.785998628569035240e+00 7.466238281413382971e+00 9.027799840218864119e+03
1.899540526336197445e+03 1.511830616687587225e+00 7.466250794967324467e+00 9.027809655999093593e+03
1.708723677048368245e+03 1.833592655902736679e+00 7.459132251494336785e+00 9.027813327896717965e+03
1.733851881867895827e+03 1.723753378005523196e+00 7.469945315576987710e+00 9.027818705162084370e+03
1.895197798887196768e+03 1.469992382600634473e+00 7.471558908176281655e+00 9.027820124382385984e+03
1.746755097211497969e+03 1.731334900009273259e+00 7.471215182450178460e+00 9.027823182194586479e+03
1.663377523850776925e+03 1.955654339542515885e+00 7.473620437836286712e+00 9.027823336513762115e+03
1.975270598380067440e+03 1.289974513396426881e+00 7.479677872716925968e+00 9.027827062235241101e+03
1.700329837431000669e+03 1.829050514388587567e+00 7.480178608899793247e+00 9.027834247451706688e+03
1.573194250890898729e+03 2.063117966521738733e+00 7.478311524408557176e+00 9.027841373694056529e+03
1.537570379036550321e+03 2.103692990821810049e+00 7.435973593123561542e+00 9.027841784346048371e+03
1.809020237506409103e+03 1.624004676101280520e+00 7.468258740975939780e+00 9.027848640063395578e+03
1.975725783553967858e+03 1.301671070120450135e+00 7.471926024396937649e+00 9.027851061001843846e+03
1.998090700750926317e+03 1.359556386962086805e+00 7.490850153728644045e+00 9.027853432289204648e+03
1.653213561004473377e+03 1.986490576239491102e+00 7.459887255697791986e+00 9.027856885579287336e+03
1.750454650316140260e+03 1.754997008586512086e+00 7.485523925640291232e+00 9.027868678862132583e+03
1.931672623782212213e+03 1.415049809905170708e+00 7.465946566760747416e+00 9.027868752257245433e+03
1.738144118207759675e+03 1.699173773806370802e+00 7.449504470136826484e+00 9.027868788999272510e+03
1.994195037680460473e+03 1.240786962280263195e+00 7.471308630942904649e+00 9.027869530638072320e+03
1.687344446552302315e+03 1.907340704343023052e+00 7.460565751713038374e+00 9.027872987607337564e+03
1.797831067848095927e+03 1.609997821261644368e+00 7.446554606338730231e+00 9.027879278986045392e+03
1.511364549371734938e+03 2.309609412957489560e+00 7.452541424886067745e+00 9.027879582040586683e+03
1.901929087699688353e+03 1.488825494640932945e+00 7.486669263734568425e+00 9.027879699617793449e+03
1.669199058958638943e+03 1.844336013427492871e+00 7.465392818066870717e+00 9.027882738323873127e+03
1.682282229088498298e+03 1.907427436048421798e+00 7.449093494390774950e+00 9.027882934843330077e+03
1.780387516331914867e+03 1.640295681348141077e+00 7.463944129569799912e+00 9.027884476863400778e+03
1.577653112348316881e+03 2.067158159332323386e+00 7.472251581014093702e+00 9.027892144184801509e+03
1.839728164557452146e+03 1.548141984220585021e+00 7.440240543769331083e+00 9.027892190997101352e+03
1.616342433951789872e+03 1.958479388901404494e+00 7.471328081170846680e+00 9.027894106082652797e+03
1.678070899271094504e+03 1.801964282031405240e+00 7.476269888197903057e+00 9.027898957163602972e+03
1.781638477434873266e+03 1.691258368302856363e+00 7.445490133362201668e+00 9.027904390159257673e+03
1.570819404999240078e+03 2.218578418117779449e+00 7.460023253091656592e+00 9.027905175823805621e+03
1.932091619982003067e+03 1.397316931543560514e+00 7.452940195350187480e+00 9.027907850567888090e+03
1.674708975151025015e+03 1.952198712570888839e+00 7.452163526021632123e+00 9.027908822678064098e+03
1.545624557832464916e+03 2.142610721224036396e+00 7.457824580883209542e+00 9.027909194499750811e+03
1.677031352597510704e+03 1.849240455962899210e+00 7.473079619997812451e+00 9.027911934306910553e+03
1.700790903294123837e+03 1.874573137687765234e+00 7.459936652923753186e+00 9.027914541610392916e+03
1.659681263558941737e+03 1.878839378851705710e+00 7.481034171050608528e+00 9.027915179187501053e+03
1.733233532566459417e+03 1.787712245031138458e+00 7.474287693624205531e+00 9.027916080851418883e+03
1.877663600582611480e+03 1.459820222508322551e+00 7.484780370766488389e+00 9.027918863029091881e+03
1.693825457108667933e+03 1.915262012493986088e+00 7.464073467165922793e+00 9.027921697644667802e+03
1.757721136595975622e+03 1.667344144053932498e+00 7.443476218581563053e+00 9.027923392371038062e+03
1.732630861763479970e+03 1.712674308376068932e+00 7.461621763646308914e+00 9.027927052473591175e+03
1.845843128780403049e+03 1.541098944059558162e+00 7.469726835335074533e+00 9.027928693410813139e+03
1.737776755252233443e+03 1.785987710444781440e+00 7.481393692063080358e+00 9.027931307176471819e+03
1.863918549627327820e+03 1.593255847312980755e+00 7.478390660850063654e+00 9.027932422978898103e+03
1.772945225315708512e+03 1.586130940684656654e+00 7.474461701516466050e+00 9.027937547493684178e+03
1.619596443548331081e+03 2.003263084347146172e+00 7.464226118794572429e+00 9.027939161585694819e+03
1.781164453482029330e+03 1.611755239021237740e+00 7.481322048310882877e+00 9.027939551683142781e+03
1.839728164557452146e+03 1.548141984220585021e+00 7.440240543769331083e+00 9.027940374076988519e+03
1.570140149128886151e+03 2.106657505122451202e+00 7.468401387839391781e+00 9.027947363162831607e+03
1.534227934792696487e+03 2.207746991290859384e+00 7.470145378677991665e+00 9.027951708557222446e+03
1.814844350822282195e+03 1.599065093708119001e+00 7.455390326160850734e+00 9.027955093673283045e+03
1.941825695665473404e+03 1.388726261320511579e+00 7.455987306339765475e+00 9.027958543299269877e+03
1.920858870938678365e+03 1.407778430555978177e+00 7.489265169272807832e+00 9.027960313775916802e+03
1.964777497122759542e+03 1.378501109244709255e+00 7.484558844299723290e+00 9.027960699549370474e+03
1.689718550883448188e+03 1.852895286395257912e+00 7.450791230052660197e+00 9.027960864154205410e+03
1.947771844376494300e+03 1.374750719365282370e+00 7.479152045888280753e+00 9.027964108624575601e+03
1.797831067848095927e+03 1.609997821261644368e+00 7.446554606338730231e+00 9.027965948951667087e+03
1.722507605502778461e+03 1.803161144914777747e+00 7.475244913325803431e+00 9.027966777299177920e+03
1.600817097837350730e+03 2.096365222828182162e+00 7.461195617056220364e+00 9.027968159738564282e+03
1.965691215539227187e+03 1.326751812822080101e+00 7.463904645734463550e+00 9.027970203185426726e+03
1.591843225878588783e+03 2.045743634313668124e+00 7.461664871062788862e+00 9.027975607902058982e+03
1.599242184177373701e+03 1.988444852366335613e+00 7.463845695565615834e+00 9.027984145313179397e+03
1.837541178727465649e+03 1.527635898103699708e+00 7.493068987454681640e+00 9.027984247824335398e+03
1.721522061462097099e+03 1.844434684084881315e+00 7.452608207758178338e+00 9.027985705605809926e+03
1.711515481346320030e+03 1.783714714507138588e+00 7.488269740803263019e+00 9.027987427080837733e+03
1.953470805739775869e+03 1.353185741121584629e+00 7.475931959910336211e+00 9.027987752184637429e+03
1.775724883196560768e+03 1.557585912507690740e+00 7.457611782924091770e+00 9.027990716723144942e+03
1.659022239231474714e+03 2.017100646680668241e+00 7.468308083019792321e+00 9.027993015620731967e+03
1.597314290687121684e+03 2.126920714927292622e+00 7.485249201298206145e+00 9.027998038918936800e+03
1.989237015495895776e+03 1.265877141069711831e+00 7.462607087637918468e+00 9.027998107725177761e+03
1.736939659324103104e+03 1.734380658129564878e+00 7.466621629047024200e+00 9.028000740729999961e+03
1.941405620558083683e+03 1.422577778647210689e+00 7.442849830608160744e+00 9.028000781886021286e+03
1.895422106961813824e+03 1.529285835454574416e+00 7.454714526732083790e+00 9.028006858980976176e+03
1.908890564375411486e+03 1.466867853161311741e+00 7.473969686499342124e+00 9.028008481010399919e+03
1.947649453081762886e+03 1.362540746922386470e+00 7.486529274745338469e+00 9.028009679465596491e+03
1.536086070241544576e+03 2.200819850541979150e+00 7.470319911186520834e+00 9.028009766471794137e+03
1.579183515599358316e+03 2.040510157995397478e+00 7.467774399521738715e+00 9.028012254361026862e+03
1.722194543142829843e+03 1.813819455130619041e+00 7.483807656536844988e+00 9.028015639382103473e+03
1.593201224318666846e+03 2.118254967828963942e+00 7.451064411553189437e+00 9.028018659409959582e+03
1.831933140759236494e+03 1.524323841268009350e+00 7.459988828971451547e+00 9.028018947960255900e+03
1.540335040285894820e+03 2.190976929740140910e+00 7.449520599659911646e+00 9.028023478277831600e+03
1.732810137639522509e+03 1.773516730122165930e+00 7.449651742240435581e+00 9.028028240655799891e+03
1.804758582002604726e+03 1.607129316613781667e+00 7.484213866705670348e+00 9.028036738555736520e+03
1.640207287315159874e+03 1.856673523542914594e+00 7.454427392854647394e+00 9.028039827193973906e+03
1.698064603755590269e+03 1.817983299247524442e+00 7.474228838745529124e+00 9.028044208391020220e+03
1.842639991834510056e+03 1.575463849673482297e+00 7.463711776201740200e+00 9.028046646916081954e+03
1.859521234872210698e+03 1.502729681561612018e+00 7.463897021175943003e+00 9.028047199351649397e+03
1.674424012923207101e+03 1.891826960044850070e+00 7.456543362949354936e+00 9.028052649501900305e+03
1.561031072164913439e+03 2.154034820534897143e+00 7.453690368360510909e+00 9.028056600661666380e+03
1.773193421762460275e+03 1.724418624590756011e+00 7.470508776641655579e+00 9.028061614789145096e+03
1.937232983855469683e+03 1.459659851712236334e+00 7.494541465136268066e+00 9.028069766180611623e+03
1.583437007642700109e+03 2.093396072183575818e+00 7.461490383508458279e+00 9.028072084011015249e+03
1.947058439223571213e+03 1.366103007917466527e+00 7.486105220863523257e+00 9.028075535971262070e+03
1.708977687163315750e+03 1.875370681345364110e+00 7.451827563260912335e+00 9.028075782524480019e+03
1.744295018003766927e+03 1.619829612640635075e+00 7.493180429206949711e+00 9.028078420861533232e+03
1.804758582002604726e+03 1.607129316613781667e+00 7.484213866705670348e+00 9.028087601538700255e+03
1.982553434094374779e+03 1.237727919761189010e+00 7.448423622348346207e+00 9.028092604150828265e+03
1.634655554676960037e+03 1.959290712850230598e+00 7.466968747174916210e+00 9.028092964914801996e+03
1.763878030998426539e+03 1.697028792520248963e+00 7.488217643147292435e+00 9.028095853013472151e+03
1.769868879631258324e+03 1.698595601629666163e+00 7.453930053662324973e+00 9.028102054201755891e+03
1.878297872842003699e+03 1.506354166113390125e+00 7.488055944343384063e+00 9.028105035925853372e+03
1.866471431266037371e+03 1.546300112090456258e+00 7.478769245516037500e+00 9.028105113752644684e+03
1.995064768339662805e+03 1.280788199633549063e+00 7.457714243981424573e+00 9.028105712331182076e+03
1.884235754815342943e+03 1.511948204223215519e+00 7.468861182670770482e+00 9.028107479656517171e+03
1.627070467411004756e+03 1.984478122851824011e+00 7.470220799771864151e+00 9.028108177050951781e+03
1.926781737505884166e+03 1.378973711506670474e+00 7.450250161515478808e+00 9.028109125041883090e+03
1.618230744178487384e+03 1.996202503889408009e+00 7.455026166597383153e+00 9.028109173402963279e+03
1.700059378638011367e+03 1.844245901259022880e+00 7.480164669604187466e+00 9.028114642318596452e+03
1.895197798887196768e+03 1.469992382600634473e+00 7.471558908176281655e+00 9.028115922420865900e+03
1.834510011076821911e+03 1.579677157881440142e+00 7.476701517888049153e+00 9.028120707927351759e+03
1.850568979875709601e+03 1.565474996803126961e+00 7.462217639689629145e+00 9.028121940345992698e+03
1.619853113954595301e+03 2.023239005317265971e+00 7.490208885738372402e+00 9.028122366251460335e+03
1.706529354310074950e+03 1.811970861889270035e+00 7.493870412669600078e+00 9.028122512541760443e+03
1.518996224440244987e+03 2.214256855727798623e+00 7.463446178600471548e+00 9.028122859745461028e+03
1.997956298625142153e+03 1.269186073969367001e+00 7.465469650304212834e+00 9.028128015902382685e+03
1.911723221130723232e+03 1.478185632999000187e+00 7.477440222621790866e+00 9.028130201971200222e+03
1.717290886405754918e+03 1.788144285100418562e+00 7.477700130857092731e+00 9.028133587956654083e+03
1.625436090580633390e+03 2.048355658112335220e+00 7.471489843522141072e+00 9.028140355410328993e+03
1.523816186010193633e+03 2.230838931505257250e+00 7.473451598798773077e+00 9.028145468586408242e+03
1.642152209785314199e+03 2.015315098649935521e+00 7.493214820222147132e+00 9.028148255141246409e+03
1.505259545167945134e+03 2.311254854490179866e+00 7.457757103875394478e+00 9.028149488883262165e+03
1.745739453394408883e+03 1.678095077816765368e+00 7.431580726387898572e+00 9.028152462079673569e+03
1.987867687987159570e+03 1.333343501050603841e+00 7.468403861510322983e+00 9.028157375204242271e+03
1.974062280437875870e+03 1.339490864890401589e+00 7.444171578547422286e+00 9.028164616398553335e+03
1.553711318038095214e+03 2.012956769278789082e+00 7.457254372986621860e+00 9.028167126411428399e+03
1.579336173192317801e+03 2.150283735722784861e+00 7.448835199669838758e+00 9.028168086894254884e+03
1.980993860156163464e+03 1.294102891436776481e+00 7.487780430263648590e+00 9.028169884581833685e+03
1.928757606460007310e+03 1.531506604257991455e+00 7.484669165882170461e+00 9.028172929353650034e+03
1.944425717055668429e+03 1.401989671134365789e+00 7.475496243430850285e+00 9.028178818834456251e+03
1.621192664946710238e+03 2.041667859238617488e+00 7.468736451092203410e+00 9.028180642641556915e+03
1.688006705166773600e+03 1.989416002137956330e+00 7.473805909513465018e+00 9.028180713133984682e+03
1.606426316124137884e+03 1.947352325687423003e+00 7.462810791094915075e+00 9.028187365789222895e+03
1.783883948925815503e+03 1.615654727229099086e+00 7.453801118366571110e+00 9.028192217881605757e+03
1.771052707336632920e+03 1.667848192411759634e+00 7.467783022074905297e+00 9.028197682327510847e+03
1.990338547214632626e+03 1.320207974270192430e+00 7.467893513114350235e+00 9.028198515401929399e+03
1.579704882404834279e+03 2.081418674605483687e+00 7.465709806594786002e+00 9.028198576554539613e+03
1.665859363690105738e+03 1.936487548460203767e+00 7.487114527065267033e+00 9.028202766333655745e+03
1.675413920786490735e+03 1.897917181292728683e+00 7.457606515241562484e+00 9.028203239432590635e+03
1.955364900687206500e+03 1.353574164224262022e+00 7.450017487974831099e+00 9.028203913097058830e+03
1.659898716376793345e+03 1.892574918371908721e+00 7.503860827303854286e+00 9.028209085717026028e+03
1.681252382251355357e+03 1.903343385027123302e+00 7.476167631997760132e+00 9.028209332646669282e+03
1.938459471866908871e+03 1.368318343504239420e+00 7.456755245425376266e+00 9.028210984364750402e+03
1.704170737834252350e+03 1.819839240881413245e+00 7.460914439742613702e+00 9.028213966373543371e+03
1.765795213368186069e+03 1.599934839467039183e+00 7.457084116198281265e+00 9.028214392797253822e+03
1.787973105852212939e+03 1.589468442374754709e+00 7.474941659401933336e+00 9.028217359761008993e+03
1.864960646545178633e+03 1.562180699100065961e+00 7.482596617177372345e+00 9.028219111827334928e+03
1.887208013296240551e+03 1.456103251468360948e+00 7.468448822038327606e+00 9.028219748702922516e+03
1.585671179726007267e+03 2.036484813564849006e+00 7.469607170960341769e+00 9.028220792709733360e+03
1.964406857136948474e+03 1.283537149907921338e+00 7.440773307597606134e+00 9.028221316847844719e+03
1.642152748201181339e+03 1.935592882798681025e+00 7.461586284631748889e+00 9.028225348233136174e+03
1.655254172166191438e+03 1.922505841781744662e+00 7.482322965928677405e+00 9.028226050536715775e+03
1.928581429754979581e+03 1.543144780158064000e+00 7.447166386240962943e+00 9.028226199969092704e+03
1.754833307575856452e+03 1.691209753033834584e+00 7.487496873379074103e+00 9.028227766243433507e+03
1.849791974541760737e+03 1.544992576123009442e+00 7.455220510264495282e+00 9.028230186742210208e+03
1.970749763171289715e+03 1.297527696082544812e+00 7.485878063401240290e+00 9.028238689458659792e+03
1.544368941905477186e+03 2.191784811412967215e+00 7.493294212050577663e+00 9.028239152048621690e+03
1.886548191086900943e+03 1.496934339673253733e+00 7.455233003223831645e+00 9.028239539642001546e+03
1.673519030746384033e+03 1.970048700742284886e+00 7.456752644922102213e+00 9.028250969587394138e+03
1.518508748539782800e+03 2.263210924113925326e+00 7.483104853727823524e+00 9.028252925809798398e+03
1.781964602773409752e+03 1.664721078697044110e+00 7.464475968043137399e+00 9.028258144720313794e+03
1.964217443976859613e+03 1.326962561558835185e+00 7.457385598217848965e+00 9.028259158539252894e+03
1.886384621283718843e+03 1.540175446638341494e+00 7.481222563580868901e+00 9.028262362234168904e+03
1.660655006313973445e+03 1.961907926403149816e+00 7.463360591086733997e+00 9.028262408378966938e+03
1.600817097837350730e+03 2.096365222828182162e+00 7.461195617056220364e+00 9.028264062838863538e+03
1.884382288775893130e+03 1.553795851381992943e+00 7.467389700940925579e+00 9.028265030661152196e+03
1.564215825748346788e+03 2.114845702849748044e+00 7.449983373824858646e+00 9.028267707803548547e+03
1.770354098239158702e+03 1.739070607178700767e+00 7.456510567430340686e+00 9.028270697915522760e+03
1.641459765777019129e+03 1.826156854053114786e+00 7.468566534699698778e+00 9.028280700807525136e+03
1.683221884859703323e+03 1.885212358985624670e+00 7.469990055206420898e+00 9.028285310494169607e+03
1.595874090446542596e+03 2.160630867052939941e+00 7.465779985830362619e+00 9.028287471210067451e+03
1.637253750981689336e+03 1.965776245506795084e+00 7.453249722983979808e+00 9.028290823231045579e+03
1.935195215357373854e+03 1.407964427840494137e+00 7.471024846935534924e+00 9.028295101170120688e+03
1.943826687331637686e+03 1.423150652685942763e+00 7.435787738825306192e+00 9.028297940832611857e+03
1.563472584262967302e+03 2.124539168747515916e+00 7.468267867690200568e+00 9.028302088038379225e+03
1.544913992583652771e+03 2.210588043426936267e+00 7.469291290921725057e+00 9.028304575831423790e+03
1.688960494587715175e+03 1.909474361774882389e+00 7.475518342361389124e+00 9.028305829189861470e+03
1.902696023867768190e+03 1.499923793064309674e+00 7.451559972113137142e+00 9.028307053351221839e+03
1.628813175210693316e+03 1.988791283357113082e+00 7.459627065101208210e+00 9.028307105436046186e+03
1.676143800602450710e+03 1.968054101335985129e+00 7.452477793695115871e+00 9.028308192631087877e+03
1.588668006648179016e+03 2.190365014254350040e+00 7.475318354541315991e+00 9.028317887364364651e+03
1.585902211760044111e+03 2.080372374292006832e+00 7.453638788658039971e+00 9.028318944540515076e+03
1.761853773217553680e+03 1.722144502756955298e+00 7.430535950317119998e+00 9.028320204779247433e+03
1.792337343911611924e+03 1.633529620052118991e+00 7.492405039350238383e+00 9.028321208563653272e+03
1.966495047340639985e+03 1.336136787505536327e+00 7.480630429356057043e+00 9.028322046735500408e+03
1.957707996455471402e+03 1.337815114898376567e+00 7.473809938208249015e+00 9.028324126253957729e+03
1.689111637131557927e+03 1.910989314917153958e+00 7.462885236394152244e+00 9.028326704762797817e+03
1.771330506696394423e+03 1.589912956490453722e+00 7.460153797200411496e+00 9.028329042906045288e+03
1.934202586031562760e+03 1.376074762044627198e+00 7.461581544443626868e+00 9.028330690263061115e+03
1.893040998608808195e+03 1.532712266376839549e+00 7.470113673083774053e+00 9.028332790067446695e+03
1.737576601433652513e+03 1.816699115604263781e+00 7.487411265062352328e+00 9.028334294049265736e+03
1.658453362475089307e+03 2.010823216086895293e+00 7.461292396801352034e+00 9.028336487395645236e+03
1.689787438964254761e+03 1.884463471516644617e+00 7.473573283247991306e+00 9.028342001958115361e+03
1.668806574257296916e+03 1.872109439664605413e+00 7.474260260735215766e+00 9.028342557926591326e+03
1.526150995178395760e+03 2.215038776157504330e+00 7.483573053505081951e+00 9.028345540402109691e+03
1.528013785113280164e+03 2.191071408202375004e+00 7.483259780559665231e+00 9.028346608066718545e+03
1.520057651812644735e+03 2.191663323748672454e+00 7.475256085928680960e+00 9.028347280464344294e+03
1.684510896055835019e+03 1.896005671678829385e+00 7.473300628483406705e+00 9.028348943238022912e+03
1.852628600724840908e+03 1.532545224808280482e+00 7.469129047507665931e+00 9.028355318873378565e+03
1.839819247664960358e+03 1.561852930994499733e+00 7.470289530459222505e+00 9.028356100481809335e+03
1.824085855059467349e+03 1.580553465918045575e+00 7.482742481306583038e+00 9.028356241347077230e+03
1.941767569743474496e+03 1.401503101405638496e+00 7.451987701498197225e+00 9.028356544568458048e+03
1.605117233806716968e+03 2.053668120068804726e+00 7.466910502352601675e+00 9.028357486498933213e+03
1.678711205371179176e+03 1.908470790577418308e+00 7.463925658026611565e+00 9.028358236149462755e+03
1.521257051314276623e+03 2.164649059419671229e+00 7.469301186920108471e+00 9.028359409691400288e+03
1.815396151527477286e+03 1.567134699287712873e+00 7.459136110420914179e+00 9.028364365031287889e+03
1.796121896283878641e+03 1.655780882656200159e+00 7.484046351175701162e+00 9.028367055254844672e+03
1.946761207634169750e+03 1.323672863901776964e+00 7.467751212908614988e+00 9.028371789073678883e+03
1.693348900692472625e+03 1.853286687243217656e+00 7.449268134342762693e+00 9.028374565308860838e+03
1.971097463933054996e+03 1.306183479009399573e+00 7.477220906215396923e+00 9.028374838595484107e+03
1.836100761938979304e+03 1.573506196117632649e+00 7.475043289295792981e+00 9.028378851821636999e+03
1.610615641841599654e+03 2.042738177225455587e+00 7.448247622861338790e+00 9.028381328706740533e+03
1.752168617882168292e+03 1.707243268452521168e+00 7.459710320162432851e+00 9.028385603217744574e+03
1.732184849661474573e+03 1.800452250958733513e+00 7.483250506343138930e+00 9.028385808207756781e+03
1.604142899225280871e+03 1.996393155515882034e+00 7.467680274139654628e+00 9.028388051120926320e+03
1.956614305806713446e+03 1.432774177016950645e+00 7.471949784628979963e+00 9.028388634575439937e+03
1.972421869519279880e+03 1.309715553836873880e+00 7.458130032205045445e+00 9.028389580404787921e+03
1.895197798887196768e+03 1.469992382600634473e+00 7.471558908176281655e+00 9.028389700449703014e+03
1.963043222622729445e+03 1.384875979099244203e+00 7.473165801219339599e+00 9.028390870509929300e+03
1.853102677600585594e+03 1.553588126209802800e+00 7.471698848833078443e+00 9.028392215193376614e+03
1.745391897498730032e+03 1.719650026863256853e+00 7.471767374670936768e+00 9.028392997675728111e+03
1.982625605850251304e+03 1.330800290300809152e+00 7.471278592527636597e+00 9.028396768850609078e+03
1.968050891408075358e+03 1.267493469392275918e+00 7.485509422765757037e+00 9.028398750676562486e+03
1.780756385922363279e+03 1.682115333200626450e+00 7.456850024969613244e+00 9.028400157942853184e+03
1.663377523850776925e+03 1.955654339542515885e+00 7.473620437836286712e+00 9.028401129161817153e+03
1.737436769141541163e+03 1.714774120931203072e+00 7.459047692244187289e+00 9.028402982314799374e+03
1.960723658830379463e+03 1.345247833594115372e+00 7.486259806806128125e+00 9.028403602468988538e+03
1.787973105852212939e+03 1.589468442374754709e+00 7.474941659401933336e+00 9.028404407004458335e+03
1.546300462024167700e+03 2.238569160058184515e+00 7.465244584248056370e+00 9.028405298922163638e+03
1.911007679728806806e+03 1.509650305351427857e+00 7.433058565030219000e+00 9.028406284969973058e+03
1.566798184076926873e+03 2.207645890710410175e+00 7.476052815628642101e+00 9.028406566847817885e+03
1.705700531161015306e+03 1.831177744691059095e+00 7.458564647782474744e+00 9.028408624402112764e+03
1.918030075046820002e+03 1.436297739409317265e+00 7.475616896707336423e+00 9.028408943218373679e+03
1.542664241358098025e+03 2.199680742801517042e+00 7.452864372883155397e+00 9.028414851605446529e+03
1.776473275629797172e+03 1.675986570898351458e+00 7.441175021409430990e+00 9.028417340060213974e+03
1.609480013796175854e+03 2.066652239537938751e+00 7.468804949067985532e+00 9.028419069698817111e+03
1.755519603220920771e+03 1.675937672071049489e+00 7.460978573301341399e+00 9.028419923541237949e+03
1.742120301775652024e+03 1.741580455642127490e+00 7.454212969920661180e+00 9.028423977234764607e+03
1.517740750157841148e+03 2.206613426851530058e+00 7.453322108573809501e+00 9.028428175811248366e+03
1.813899798061491765e+03 1.557954651443984151e+00 7.486277001104035378e+00 9.028433317812963651e+03
1.965679251181017662e+03 1.379755082033217173e+00 7.466127211807571662e+00 9.028433716016428662e+03
1.805594934951642699e+03 1.604206391159032297e+00 7.490636527826363356e+00 9.028433870622475297e+03
1.688886896939025746e+03 1.817993210856649444e+00 7.473179034081287142e+00 9.028434693096558476e+03
1.999404579731966351e+03 1.295100663135357877e+00 7.484584384831260095e+00 9.028438780184345887e+03
1.662433393570707722e+03 1.990820324541027864e+00 7.455967842539375390e+00 9.028438813510592809e+03
1.665674924662450621e+03 1.927330578723615462e+00 7.500056393939449784e+00 9.028443455105429166e+03
1.795510305315315009e+03 1.627851144962637386e+00 7.451372005844474344e+00 9.028447569377296531e+03
1.708235389074210616e+03 1.863705910421886047e+00 7.479473485964469148e+00 9.028447916398677989e+03
1.884490362315808625e+03 1.553354710993760657e+00 7.470230942804585439e+00 9.028449090844042075e+03
1.672718358488524018e+03 1.921560611798652340e+00 7.455078865829118939e+00 9.028451354511995305e+03
1.690313845407050849e+03 1.904225399355514048e+00 7.484843270254733838e+00 9.028457646885064605e+03
1.760481162774390668e+03 1.726557915984965330e+00 7.457500354302699641e+00 9.028460689795008875e+03
1.750454650316140260e+03 1.754997008586512086e+00 7.485523925640291232e+00 9.028461033991769000e+03
1.787214095395486311e+03 1.743688223958452355e+00 7.463869055801265695e+00 9.028463065987918526e+03
1.566927095437439220e+03 2.100416322593263718e+00 7.462606691456093344e+00 9.028463534871432785e+03
1.813717640917074277e+03 1.601937588091409292e+00 7.465613850411823016e+00 9.028465628360580013e+03
1.975704757202492601e+03 1.362737015057339462e+00 7.460730892939780645e+00 9.028472374465762186e+03
1.699402409133763740e+03 1.841140758961855806e+00 7.465638403825370695e+00 9.028477830826002901e+03
1.667855051317677862e+03 1.904492741919001864e+00 7.463350993563335756e+00 9.028479580256493136e+03
1.753810269707084672e+03 1.706872137029470604e+00 7.452644179118790291e+00 9.028480263123974510e+03
1.790059257569764668e+03 1.650973262952367238e+00 7.465596598516588855e+00 9.028481159953060342e+03
1.953348448874828591e+03 1.374527721499479327e+00 7.484058254641914765e+00 9.028483090762059874e+03
1.689063644222979065e+03 1.834011661591120612e+00 7.462773783942879824e+00 9.028483445607324029e+03
1.909292477921000454e+03 1.512047511570666636e+00 7.480870153004947731e+00 9.028484035740480977e+03
1.542287596985356913e+03 2.226109844259942516e+00 7.478431797441085216e+00 9.028486939876960605e+03
1.838045152385748452e+03 1.625140474879367636e+00 7.458962046919255684e+00 9.028487681301865450e+03
1.953348448874828591e+03 1.374527721499479327e+00 7.484058254641914765e+00 9.028489556896964132e+03
1.856448867375555892e+03 1.565739411866226005e+00 7.456496173647124692e+00 9.028499631498136296e+03
1.673110037674484829e+03 1.977107248506125181e+00 7.444143784592418989e+00 9.028504588211653754e+03
1.532707259512190376e+03 2.201792387419921226e+00 7.478031990141920993e+00 9.028510764194172225e+03
1.736062482471480280e+03 1.680482294150499767e+00 7.445306826220330798e+00 9.028511891951895450e+03
1.812133918519488361e+03 1.598159468428773433e+00 7.432898429016449704e+00 9.028512133624088165e+03
1.734522110734945954e+03 1.742021764695423247e+00 7.455625591021795451e+00 9.028516027056504754e+03
1.763853238854778738e+03 1.688558036401681894e+00 7.473098981028022614e+00 9.028516509910605237e+03
1.580799953152929447e+03 2.035799603869402397e+00 7.465752094333456768e+00 9.028519717569457498e+03
1.788351149653173024e+03 1.624242745949304956e+00 7.463164231584871189e+00 9.028519798244862614e+03
1.663983465962190166e+03 2.004990560678246325e+00 7.470381660579765715e+00 9.028520236652961103e+03
1.670793113223117871e+03 1.948475601271064006e+00 7.453200631892689998e+00 9.028522423731146773e+03
1.738471420848058642e+03 1.764807991445030755e+00 7.489363794312607681e+00 9.028522491977324535e+03
1.689990678254888962e+03 1.917081486626960984e+00 7.461941510674775735e+00 9.028524481340909915e+03
1.748323603424178373e+03 1.793291046099586117e+00 7.470205665242755977e+00 9.028524832676928781e+03
1.989765293093213359e+03 1.298299103715107705e+00 7.474019785872537902e+00 9.028526455181498022e+03
1.739715637594563759e+03 1.709332849046727443e+00 7.457142828243556565e+00 9.028529269304339323e+03
1.679357822836346941e+03 1.888434432835360832e+00 7.451889382417011376e+00 9.028529455002208124e+03
1.610615641841599654e+03 2.042738177225455587e+00 7.448247622861338790e+00 9.028531492401642026e+03
1.682226965098990377e+03 1.930373516258271804e+00 7.456772882792629176e+00 9.028538822104970677e+03
1.505521595434890287e+03 2.248556153984830441e+00 7.455965618591579691e+00 9.028540144633256205e+03
1.776473275629797172e+03 1.675986570898351458e+00 7.441175021409430990e+00 9.028540597841423732e+03
1.927586920694191349e+03 1.461605485233442803e+00 7.473690997692504112e+00 9.028543038904410423e+03
1.964922188846670679e+03 1.297179967245018828e+00 7.494232269201021701e+00 9.028544739671502612e+03
1.944608116959977906e+03 1.374478413187955272e+00 7.499604453829071815e+00 9.028546977712063381e+03
1.739763412180654541e+03 1.799175154403820587e+00 7.432636609453235899e+00 9.028549901467153177e+03
1.589160886890854954e+03 2.213598554573317667e+00 7.463056426456577519e+00 9.028552657277936305e+03
1.909651944132107019e+03 1.403618942203131548e+00 7.465593567520063090e+00 9.028555807340220781e+03
1.952893549188317820e+03 1.367916792978540519e+00 7.461235244697742353e+00 9.028559190920717811e+03
1.710148992478951413e+03 1.780319358185293188e+00 7.486513328691465574e+00 9.028564315830088162e+03
1.867936375822562923e+03 1.504143607668761984e+00 7.475793377958035002e+00 9.028564394164217447e+03
1.972404144215142423e+03 1.291682185156969309e+00 7.459122723959547230e+00 9.028564630366199708e+03
1.654050270941185772e+03 2.071839436667559653e+00 7.460708829508721607e+00 9.028565552162186577e+03
1.895422106961813824e+03 1.529285835454574416e+00 7.454714526732083790e+00 9.028567640032295458e+03
1.634807604573521758e+03 1.938906594408797535e+00 7.452329494938080501e+00 9.028568911653628675e+03
1.831859988422781498e+03 1.680245541116415442e+00 7.469313875583335260e+00 9.028570743722521001e+03
1.609480013796175854e+03 2.066652239537938751e+00 7.468804949067985532e+00 9.028572041951372739e+03
1.753810269707084672e+03 1.706872137029470604e+00 7.452644179118790291e+00 9.028573041362262302e+03
1.886367050393244881e+03 1.459813384385786561e+00 7.445601775668430733e+00 9.028575912002048426e+03
1.915021141326121096e+03 1.403245747866686655e+00 7.445482260648620176e+00 9.028576010621589376e+03
1.518852875188320695e+03 2.218950181343376293e+00 7.475059900363842935e+00 9.028576048678434745e+03
1.529793933981130749e+03 2.273262188143202689e+00 7.447666085671392544e+00 9.028577227185394804e+03
1.727723957566774743e+03 1.808777412125644357e+00 7.467682120013644287e+00 9.028577698599769064e+03
1.769502471403221989e+03 1.642348390972722560e+00 7.480989576446773093e+00 9.028581216759775998e+03
1.976056180827973094e+03 1.285148354962506678e+00 7.478383924390738180e+00 9.028583294310630663e+03
1.719429051595592227e+03 1.788813763702366222e+00 7.485825789552118081e+00 9.028583390052097457e+03
1.640559164015098986e+03 1.871973176910807224e+00 7.451646976317776172e+00 9.028584167760804121e+03
1.804196660412584606e+03 1.620520256982221241e+00 7.459919904388113032e+00 9.028585939300728569e+03
1.937589813497204432e+03 1.340378065106557770e+00 7.459912989237546199e+00 9.028588298100801694e+03
1.810881129096770565e+03 1.555220714759091072e+00 7.458728033561994764e+00 9.028590400745044462e+03
1.994422132156816133e+03 1.365166856188510858e+00 7.479854565285625867e+00 9.028592027212907851e+03
1.836808095849329220e+03 1.580000897907026136e+00 7.438486907238702983e+00 9.028593667042177913e+03
1.751280712601405412e+03 1.772313824536523974e+00 7.456808905016849565e+00 9.028598267594275967e+03
1.737576601433652513e+03 1.816699115604263781e+00 7.487411265062352328e+00 9.028599209043606606e+03
1.867936375822562923e+03 1.504143607668761984e+00 7.475793377958035002e+00 9.028599851650822529e+03
1.557872009844472814e+03 2.129650368796570881e+00 7.454217471774081893e+00 9.028600935608164946e+03
1.898661750873678102e+03 1.471386214823501737e+00 7.454009168088014725e+00 9.028602285432916688e+03
1.734225699106418688e+03 1.809709328388997784e+00 7.471531709080554862e+00 9.028604758156634489e+03
1.761606684357983340e+03 1.649430020269947006e+00 7.466493106337340535e+00 9.028605602483970870e+03
1.575092704093571683e+03 2.034010700246664527e+00 7.456277126189259974e+00 9.028607534810445941e+03
1.997581430241986709e+03 1.336328457608806586e+00 7.465602527728872673e+00 9.028608356577275117e+03
1.721465841052813403e+03 1.850757636744610579e+00 7.480712866209058731e+00 9.028612391366013981e+03
1.802383696812011294e+03 1.657815578391460098e+00 7.481220278231170973e+00 9.028612435763949179e+03
1.967586075387976507e+03 1.346995958085529743e+00 7.460704301433080943e+00 9.028613772336946568e+03
1.886754385854461134e+03 1.511725852930817515e+00 7.460569418765020444e+00 9.028615442320588045e+03
1.676307754316449746e+03 1.934717958900870505e+00 7.455140038536675284e+00 9.028616810554873155e+03
1.541330230915309357e+03 2.143530662559430588e+00 7.442671716128670845e+00 9.028617845298227621e+03
1.570948628240161270e+03 2.177055835910069348e+00 7.460369507732267813e+00 9.028619983839418637e+03
1.965151673017109715e+03 1.338929424474756491e+00 7.468424625459518573e+00 9.028620497937383334e+03
1.598763238989323327e+03 2.016031165971359229e+00 7.441419957040864119e+00 9.028621598784899106e+03
1.792359734067842965e+03 1.671359155805509644e+00 7.461640328773864184e+00 9.028622955822163931e+03
1.985337174417270035e+03 1.326515653145839746e+00 7.460665095623314258e+00 9.028624896240418821e+03
1.740163712602594387e+03 1.704490477652701896e+00 7.471492525154758368e+00 9.028625626415594525e+03
1.944836268924374963e+03 1.350490597596551101e+00 7.467913997800794235e+00 9.028627065913842671e+03
1.876802358749456289e+03 1.575659860550646663e+00 7.487681793375849715e+00 9.028628047728876481e+03
1.606494666610976537e+03 2.035656279668646818e+00 7.477202792798139264e+00 9.028628675580213894e+03
1.515201097754863213e+03 2.282159906001190564e+00 7.477098397634629912e+00 9.028629917471376757e+03
1.700726172565414117e+03 1.836247866499287840e+00 7.491102457493719946e+00 9.028630555567729971e+03
1.799505346971585141e+03 1.625620866595425928e+00 7.478059009567396664e+00 9.028633544198506570e+03
1.517740750157841148e+03 2.206613426851530058e+00 7.453322108573809501e+00 9.028636367104445526e+03
1.536807179550754654e+03 2.142026996133521877e+00 7.454623605222636229e+00 9.028641934403280175e+03
1.657126828395516668e+03 1.933675745256700385e+00 7.456458298935078943e+00 9.028642868048300443e+03
1.781085166129682875e+03 1.656661059431072003e+00 7.450168925464129011e+00 9.028643063107421767e+03
1.606426316124137884e+03 1.947352325687423003e+00 7.462810791094915075e+00 9.028644664934114189e+03
1.582947181061065749e+03 2.027073607432325009e+00 7.436873996960653876e+00 9.028644706845665496e+03
1.713175885006246062e+03 1.828013078163518657e+00 7.477491096470147092e+00 9.028644935991607781e+03
1.926244783482044340e+03 1.431523859806606680e+00 7.464749485949346841e+00 9.028646300619659087e+03
1.792151252088052843e+03 1.611917385225193566e+00 7.464293934227760552e+00 9.028647505126118631e+03
1.615097978109351970e+03 1.991091164346177056e+00 7.427989045110601651e+00 9.028648124953055230e+03
1.749578463834981449e+03 1.719133906073868623e+00 7.496520271083664255e+00 9.028649162989968318e+03
1.886655622666419276e+03 1.479538135451388570e+00 7.480477112150913932e+00 9.028650052455146579e+03
1.625004793195080538e+03 2.026492827177645673e+00 7.472726513353117106e+00 9.028651505048816034e+03
1.756548449326664922e+03 1.759054660614010279e+00 7.476101241205189929e+00 9.028652199622618355e+03
1.610502939811218312e+03 1.961935228191077130e+00 7.458373850767731739e+00 9.028654585223692266e+03
1.890213452760664268e+03 1.508391671134653444e+00 7.457204498731510256e+00 9.028654636921079145e+03
1.756548449326664922e+03 1.759054660614010279e+00 7.476101241205189929e+00 9.028658400961601728e+03
1.671956089498391520e+03 1.943028290760354215e+00 7.460469695299538628e+00 9.028658929709046788e+03
1.874248681692368791e+03 1.414104360808874139e+00 7.486976390352723776e+00 9.028664460549554860e+03
1.813899798061491765e+03 1.557954651443984151e+00 7.486277001104035378e+00 9.028665493692948075e+03
1.570948628240161270e+03 2.177055835910069348e+00 7.460369507732267813e+00 9.028665728157351623e+03
1.641951615655776550e+03 1.940885289218481802e+00 7.458804755379883744e+00 9.028666142645242871e+03
1.955893629256323038e+03 1.305217242547422885e+00 7.473735233382829968e+00 9.028666677023767988e+03
1.921592578800233468e+03 1.350409848187207107e+00 7.470981435357552769e+00 9.028668408035600805e+03
1.655205791083820941e+03 1.922425013449978959e+00 7.485149310376970178e+00 9.028673184471441346e+03
1.534227934792696487e+03 2.207746991290859384e+00 7.470145378677991665e+00 9.028674319890857078e+03
1.949815108982494849e+03 1.400243743877045421e+00 7.475464607292304997e+00 9.028675227905658176e+03
1.760661345309110402e+03 1.776169256636870530e+00 7.451380259122778682e+00 9.028676082537311231e+03
1.798052969437587763e+03 1.646262977280206652e+00 7.462762010027718773e+00 9.028676717911012020e+03
1.559449113103817581e+03 2.135132044002959528e+00 7.461314002757788444e+00 9.028678754821079565e+03
1.685568339189440394e+03 1.892839487403139342e+00 7.463954557136820434e+00 9.028678949879949869e+03
1.501492533519212202e+03 2.292492303552180033e+00 7.429835168294188108e+00 9.028679550996472244e+03
1.820038411882871515e+03 1.630047570397595402e+00 7.461774387243081286e+00 9.028683657451885665e+03
1.823552773909087136e+03 1.674277404324979956e+00 7.486523726829426906e+00 9.028683796068084121e+03
1.771195809930951782e+03 1.630243434548907189e+00 7.463487693367723885e+00 9.028683980245625207e+03
1.961753076466255607e+03 1.311094603641821621e+00 7.461089338845119379e+00 9.028684362637575759e+03
1.787495185869790475e+03 1.597381618816542614e+00 7.440449795449604053e+00 9.028685616386264883e+03
1.655095057580451339e+03 1.980835616813827027e+00 7.442543045388630318e+00 9.028686792688899004e+03
1.656218351318697160e+03 1.834673928824057443e+00 7.458656741160310411e+00 9.028688369599642101e+03
1.687412715749424706e+03 1.931085664974398597e+00 7.502473163170829018e+00 9.028688685430865007e+03
1.680632610543799956e+03 1.872968389949027257e+00 7.454854946555125927e+00 9.028688712188068166e+03
1.824159389735442801e+03 1.540095083369159346e+00 7.491948315195673835e+00 9.028692066988967781e+03
1.601111481066671331e+03 1.878941114934655543e+00 7.467100878215496174e+00 9.028696795352514528e+03
1.526150995178395760e+03 2.215038776157504330e+00 7.483573053505081951e+00 9.028697234972974911e+03
1.824085855059467349e+03 1.580553465918045575e+00 7.482742481306583038e+00 9.028697412814348354e+03
1.935146397753080464e+03 1.420464466838268214e+00 7.446639790362753253e+00 9.028699402672271390e+03
1.946934107187102200e+03 1.446553352969111916e+00 7.467248255460663842e+00 9.028700114585431947e+03
1.881419042170879038e+03 1.473999042337116538e+00 7.477811601761545468e+00 9.028700884526189839e+03
1.854616771057013011e+03 1.525585546891154554e+00 7.469535905275876964e+00 9.028703648154063558e+03
1.737776755252233443e+03 1.785987710444781440e+00 7.481393692063080358e+00 9.028704255292495873e+03
1.687809664375891771e+03 1.918423861295817101e+00 7.462179853670581231e+00 9.028706866892509424e+03
1.753778823683307110e+03 1.690165531324033799e+00 7.453605123685941081e+00 9.028711052085554911e+03
1.872575430352806961e+03 1.583004872511192040e+00 7.442951683449958722e+00 9.028711419941431814e+03
1.958935787114839968e+03 1.326774445552973525e+00 7.477068896391867447e+00 9.028712947327065194e+03
1.552332653514117510e+03 2.126442941267447484e+00 7.494081066396792501e+00 9.028713489934376412e+03
1.836872289940317160e+03 1.551351880154199447e+00 7.459598699860353399e+00 9.028719771078996928e+03
1.822763014790366469e+03 1.572016085242074812e+00 7.470814236033205269e+00 9.028720290283432405e+03
1.654326738150148685e+03 1.983831283294418935e+00 7.456416192349381689e+00 9.028721159924445601e+03
1.659064061461893743e+03 1.817452739441496767e+00 7.467140074954985884e+00 9.028721412276836418e+03
1.987463172828318648e+03 1.307540720128455902e+00 7.467617899139150417e+00 9.028722943605123874e+03
1.842788184860209185e+03 1.574877523988615691e+00 7.493112340026287121e+00 9.028723525990149938e+03
1.922634855758215735e+03 1.444047612561734528e+00 7.506660922552911508e+00 9.028724797731209037e+03
1.762567903634558661e+03 1.703151229210285056e+00 7.456076879638267485e+00 9.028726409165410587e+03
1.911676589776606534e+03 1.486020554588218578e+00 7.468873145486510268e+00 9.028728780504099632e+03
1.523104883823172031e+03 2.183910480181580738e+00 7.429833103996741350e+00 9.028728849214841830e+03
1.882615842284387327e+03 1.501337879677077103e+00 7.463901815639751192e+00 9.028728923607786783e+03
1.995627944945081936e+03 1.209229070322125343e+00 7.468004714991485216e+00 9.028729187974982779e+03
1.973822184239820217e+03 1.354518955499178334e+00 7.470878872727416464e+00 9.028729551359452671e+03
1.810392998991609602e+03 1.640463031077649347e+00 7.458736468613511583e+00 9.028730993373292222e+03
1.896281729316848214e+03 1.501987089985208135e+00 7.467287504071919102e+00 9.028731480851674860e+03
1.874593157259527061e+03 1.498019499367974738e+00 7.472610430841867490e+00 9.028733507053844733e+03
1.897577451934017290e+03 1.580252534464631431e+00 7.434309532173133839e+00 9.028734452872364272e+03
1.681144216886753611e+03 1.877699917691802334e+00 7.456291790082791415e+00 9.028735117543048545e+03
1.746579918540224298e+03 1.800206294416468511e+00 7.461269810330459329e+00 9.028735132819505452e+03
1.529141056093776115e+03 2.192410767780827108e+00 7.465763649681814051e+00 9.028737179418836604e+03
1.518564229737775122e+03 2.322916278963944592e+00 7.477403003122119252e+00 9.028737872526091451e+03
1.944203605120247630e+03 1.397440735625072872e+00 7.434641730082256927e+00 9.028738326083945140e+03
1.723619889028899934e+03 1.707820756897972636e+00 7.434227295364158827e+00 9.028740177290766951e+03
1.971537076402238881e+03 1.280945870474823778e+00 7.424568421553329856e+00 9.028741011034770054e+03
1.807164945728390194e+03 1.575006815255063364e+00 7.466811948648166108e+00 9.028742308363633128e+03
1.572554181534970212e+03 2.146485742592419754e+00 7.435922853471076621e+00 9.028742487542283925e+03
1.912293657855821493e+03 1.454971604273536778e+00 7.467777052229751078e+00 9.028742777972845943e+03
1.728955336890260696e+03 1.798169291495310240e+00 7.467521935539298106e+00 9.028742890113475369e+03
1.567580053623530603e+03 2.048639618101201876e+00 7.453797553145215637e+00 9.028743245453651980e+03
1.586931485351285346e+03 2.028287861028008621e+00 7.499262802958368113e+00 9.028743910506134853e+03
1.943415853693714325e+03 1.426178988137956294e+00 7.482407335930648884e+00 9.028748783643757633e+03
1.720054419162245722e+03 1.773184741252159746e+00 7.461593163857639155e+00 9.028749804262068210e+03
1.562238307822389743e+03 2.149926181978442763e+00 7.476095792360612613e+00 9.028752407621488601e+03
1.910211184848261382e+03 1.468406667456365167e+00 7.473306009624032242e+00 9.028753287999996246e+03
1.584099911819937461e+03 2.148268370430130858e+00 7.479338671979609998e+00 9.028753568858826839e+03
1.946909195331881847e+03 1.388696645924604400e+00 7.457264238044213123e+00 9.028756185762684254e+03
1.607862916343300412e+03 2.018524659517769493e+00 7.476693883608210633e+00 9.028756905992744578e+03
1.728622245728582129e+03 1.740158655950876376e+00 7.477174704686568418e+00 9.028759644797682995e+03
1.554593183949146123e+03 2.121189686781619343e+00 7.492949630622209867e+00 9.028759934688509020e+03
1.871138386753887971e+03 1.630424954547090133e+00 7.453768916796112087e+00 9.028760819240582350e+03
1.566275754168067351e+03 2.164544226862485488e+00 7.449264359738595687e+00 9.028761365996313543e+03
1.962726334638908611e+03 1.317544281298782316e+00 7.445540620964432144e+00 9.028762299388487008e+03
1.543521777644204803e+03 2.124053006477079286e+00 7.435509926885409016e+00 9.028764070557997911e+03
1.960940090846338535e+03 1.364754243660613042e+00 7.462369284628639576e+00 9.028764628456898208e+03
1.587890885411976114e+03 2.038200355817704867e+00 7.443041121375814306e+00 9.028764715566749146e+03
1.808783198481508407e+03 1.604212195865666768e+00 7.470809507546473327e+00 9.028766148505614183e+03
1.905282888337548229e+03 1.527276094678585716e+00 7.461788569205042521e+00 9.028766541256964047e+03
1.926258479857023303e+03 1.476818049622151463e+00 7.496748771422935498e+00 9.028770092754255529e+03
1.734911302223262055e+03 1.711892577821306327e+00 7.448783263303036861e+00 9.028770930857077474e+03
1.748946963442760989e+03 1.735713034023754986e+00 7.472143718400064749e+00 9.028771362689323723e+03
1.566275754168067351e+03 2.164544226862485488e+00 7.449264359738595687e+00 9.028773888036421340e+03
1.556282154131248944e+03 2.229075787730666391e+00 7.465936691001912706e+00 9.028775125154810667e+03
1.657060004672396872e+03 1.917694690624464293e+00 7.467081626215632539e+00 9.028777537274871065e+03
1.564215825748346788e+03 2.114845702849748044e+00 7.449983373824858646e+00 9.028778323966444077e+03
1.776128886870068300e+03 1.679523085038471031e+00 7.463992920906076911e+00 9.028779320201459996e+03
1.937026183165404291e+03 1.388105897303621994e+00 7.462317758316491023e+00 9.028780008860483576e+03
1.964604027874403073e+03 1.361060744989016191e+00 7.462160625026558414e+00 9.028784904450692920e+03
1.842788184860209185e+03 1.574877523988615691e+00 7.493112340026287121e+00 9.028787078469544213e+03
1.591277274199279418e+03 2.142171595234996229e+00 7.448616460623251001e+00 9.028787243365251925e+03
1.924360222575149464e+03 1.453077322099754820e+00 7.466129336678672068e+00 9.028789188052378449e+03
1.985354245643387003e+03 1.267199941933565999e+00 7.451369848678754515e+00 9.028789508261026640e+03
1.889669319828383323e+03 1.513297953311138366e+00 7.438391891549671620e+00 9.028790084496753479e+03
1.814398687788092047e+03 1.618823596179305602e+00 7.457002803426178161e+00 9.028791727140160219e+03
1.723053356411282948e+03 1.841673709661835634e+00 7.433572135939465753e+00 9.028794969648744882e+03
1.964490518573735471e+03 1.299630682409997240e+00 7.441763485077697027e+00 9.028795221111246065e+03
1.656410371928882341e+03 1.909228644671630892e+00 7.486105590478194571e+00 9.028795499233559894e+03
1.849352524886856145e+03 1.579392696384231742e+00 7.459926354385353342e+00 9.028795723283883490e+03
1.876802358749456289e+03 1.575659860550646663e+00 7.487681793375849715e+00 9.028795968889486176e+03
1.566627559825815297e+03 2.123824009457178086e+00 7.475366806610463044e+00 9.028797667643240857e+03
1.627455904228504778e+03 2.040727880233204949e+00 7.482107393810274232e+00 9.028799074431673944e+03
1.632579564731610617e+03 1.992212443883923711e+00 7.456091057698969848e+00 9.028801638844863191e+03
1.769868879631258324e+03 1.698595601629666163e+00 7.453930053662324973e+00 9.028802265540882217e+03
1.778039442446201974e+03 1.666190657368329386e+00 7.458255945882350524e+00 9.028802929363810108e+03
1.686535898036546769e+03 1.979765417854890019e+00 7.487158887096803994e+00 9.028804084434246761e+03
1.576692581735843305e+03 2.137867856457785098e+00 7.444674126394738245e+00 9.028808614005574782e+03
1.589601118058099473e+03 2.111821116957398825e+00 7.480750209475647949e+00 9.028809171544715355e+03
1.833302002397905653e+03 1.561590947407291985e+00 7.450168034272867779e+00 9.028810789741080953e+03
1.810628679637530922e+03 1.579446239772908989e+00 7.447545820456583421e+00 9.028811096674266082e+03
1.983937526986681860e+03 1.349805073864349891e+00 7.466121051960314503e+00 9.028811162134741608e+03
1.965819431208329661e+03 1.335008437982997176e+00 7.451499243435518949e+00 9.028814073714267579e+03
1.623549741940192916e+03 2.105122311695399873e+00 7.468297103170873363e+00 9.028815281866151054e+03
1.503096287192615364e+03 2.378628292388011545e+00 7.422502797297791055e+00 9.028816294245794779e+03
1.558659542450282743e+03 2.108334302997858956e+00 7.487498687853766377e+00 9.028826692525923136e+03
1.760903319611787310e+03 1.636689351708867646e+00 7.481067782822746537e+00 9.028827738634547131e+03
1.609858316548324638e+03 2.107376410290320301e+00 7.414606771726270473e+00 9.028828748623898719e+03
1.872244089433545923e+03 1.470347064012563321e+00 7.467117477826429983e+00 9.028829353971412274e+03
1.753892013627074903e+03 1.775012978112564976e+00 7.445009484251243315e+00 9.028831858062432730e+03
1.554082114859456624e+03 2.118459195087464053e+00 7.451618261892209105e+00 9.028832204590722540e+03
1.734911302223262055e+03 1.711892577821306327e+00 7.448783263303036861e+00 9.028833135387187212e+03
1.808517978563253109e+03 1.573995469824630788e+00 7.475101757949409453e+00 9.028835699936451419e+03
1.686963014317133002e+03 1.861137829250279152e+00 7.461585717147150021e+00 9.028836179348927544e+03
1.613429234286507608e+03 2.085891769093318526e+00 7.466451806192230478e+00 9.028837376554693037e+03
1.711762201252917976e+03 1.737414665743015174e+00 7.469178746066607033e+00 9.028837752887036913e+03
1.513691703118500982e+03 2.268763907048430895e+00 7.453425755113145534e+00 9.028839446934076477e+03
1.986890103181717222e+03 1.337460259381094696e+00 7.503730240689310271e+00 9.028839964155431517e+03
1.578619485538494928e+03 2.107918623660948398e+00 7.472261259534621836e+00 9.028840185176430168e+03
1.863750849357943707e+03 1.471794174160294233e+00 7.472244367521300390e+00 9.028843133937489256e+03
1.965337033530987810e+03 1.363406823143431090e+00 7.468392991272945203e+00 9.028843930772502063e+03
1.974429742053107702e+03 1.276194178852977590e+00 7.474364863891392652e+00 9.028844438433010509e+03
1.909651944132107019e+03 1.403618942203131548e+00 7.465593567520063090e+00 9.028844514682643421e+03
1.877938978526362234e+03 1.528716828301459163e+00 7.473949418617099383e+00 9.028845886252740456e+03
1.824159389735442801e+03 1.540095083369159346e+00 7.491948315195673835e+00 9.028846119245530645e+03
1.526605781999232931e+03 2.187449991948394068e+00 7.444399651528741835e+00 9.028846965045970137e+03
1.556637208016393060e+03 2.163375878696253807e+00 7.482242857388587076e+00 9.028848339698339259e+03
1.742909495834725931e+03 1.766909354722565384e+00 7.476332342842182399e+00 9.028848423235280279e+03
1.643283760558685117e+03 1.960772925094815822e+00 7.455467752467336950e+00 9.028849630147984499e+03
1.910970445167969274e+03 1.476676188711815607e+00 7.460583761887704668e+00 9.028853320059311955e+03
1.647513402708103968e+03 1.977138027882937799e+00 7.436868251354280979e+00 9.028854358462102027e+03
1.717566653139590699e+03 1.821816752459134214e+00 7.471104910543992617e+00 9.028854954317752345e+03
1.904968852217132053e+03 1.457092181254484364e+00 7.472779480544402553e+00 9.028856550115157006e+03
1.655205791083820941e+03 1.922425013449978959e+00 7.485149310376970178e+00 9.028856614905378592e+03
1.980993860156163464e+03 1.294102891436776481e+00 7.487780430263648590e+00 9.028856785974330705e+03
1.995627944945081936e+03 1.209229070322125343e+00 7.468004714991485216e+00 9.028857060297363205e+03
1.760372248428459443e+03 1.678305226513812753e+00 7.476479161616037317e+00 9.028857210788453813e+03
1.577182341298179153e+03 2.087490067481659217e+00 7.471225732715819134e+00 9.028859682661541228e+03
1.517307412438224901e+03 2.195484098165780829e+00 7.479801980175272647e+00 9.028859782397550589e+03
1.941405620558083683e+03 1.422577778647210689e+00 7.442849830608160744e+00 9.028862257267735913e+03
1.734522110734945954e+03 1.742021764695423247e+00 7.455625591021795451e+00 9.028865004815841530e+03
1.689990678254888962e+03 1.917081486626960984e+00 7.461941510674775735e+00 9.028865580528949067e+03
1.825111929343276415e+03 1.598761994820746102e+00 7.445321977031459149e+00 9.028867904830338375e+03
1.655626008342241221e+03 2.025461605878978055e+00 7.463232596794120433e+00 9.028868064029045854e+03
1.880260627549188030e+03 1.520438738165409864e+00 7.466885419317868866e+00 9.028868210654285576e+03
1.721192249307774773e+03 1.888078044134343658e+00 7.481705673769903697e+00 9.028871338212091359e+03
1.653213561004473377e+03 1.986490576239491102e+00 7.459887255697791986e+00 9.028878961199510741e+03
1.950064127217942087e+03 1.370019412073317788e+00 7.462690302475613713e+00 9.028879161967166510e+03
1.836872289940317160e+03 1.551351880154199447e+00 7.459598699860353399e+00 9.028879977175667591e+03
1.584099911819937461e+03 2.148268370430130858e+00 7.479338671979609998e+00 9.028881076365827539e+03
1.708551976718555579e+03 1.844467088805963551e+00 7.433467985980811932e+00 9.028882824876121958e+03
1.782939454603800186e+03 1.747121166581287355e+00 7.474644114944860362e+00 9.028882856992528104e+03
1.587890664346776930e+03 2.009365618265540387e+00 7.429999702107627613e+00 9.028884210775353495e+03
1.759503349914828959e+03 1.678571246204896505e+00 7.471838050205611204e+00 9.028884434920466447e+03
1.863137138958223431e+03 1.642515967591477999e+00 7.476841150048121776e+00 9.028885800295316585e+03
1.689616270350143850e+03 1.838013740988632794e+00 7.459285012047036645e+00 9.028886897267635504e+03
1.525884619403700299e+03 2.110987265162524551e+00 7.478770135194080737e+00 9.028887203913845951e+03
1.641006774623479487e+03 1.903976887986367661e+00 7.478416103647063551e+00 9.028888034722756856e+03
1.625091785225886724e+03 1.961857626181619407e+00 7.447204996716076053e+00 9.028890107079925656e+03
1.818435577947524735e+03 1.589472869783474573e+00 7.467910986799910944e+00 9.028894376417418243e+03
1.543521777644204803e+03 2.124053006477079286e+00 7.435509926885409016e+00 9.028894792694176431e+03
1.998765987705811767e+03 1.226437117514333597e+00 7.461729078758986056e+00 9.028896686463471269e+03
1.565204525143991532e+03 2.218532751180650742e+00 7.468441650617191563e+00 9.028896829155357409e+03
1.688621993092704543e+03 1.791520718200340756e+00 7.452466033028277259e+00 9.028898487004900744e+03
1.663320371108036397e+03 1.924947227697616725e+00 7.477731160049853720e+00 9.028898847339463828e+03
1.795510305315315009e+03 1.627851144962637386e+00 7.451372005844474344e+00 9.028899498215567291e+03
1.688621993092704543e+03 1.791520718200340756e+00 7.452466033028277259e+00 9.028900815105811489e+03
1.788246393062461948e+03 1.653745795800150242e+00 7.440757045015820026e+00 9.028902032831094402e+03
1.755292794648272093e+03 1.763342450671047557e+00 7.471560570791174527e+00 9.028902153753982930e+03
1.705619815415913081e+03 1.910526906766039090e+00 7.484826253989750988e+00 9.028903004481018797e+03
1.540167111655045801e+03 2.255475668671014233e+00 7.469918380647276202e+00 9.028903922093837537e+03
1.781085166129682875e+03 1.656661059431072003e+00 7.450168925464129011e+00 9.028905194511395166e+03
1.783114776122652074e+03 1.644221455099843077e+00 7.463447550473581771e+00 9.028909458305059161e+03
1.739420304877953868e+03 1.767235557318066697e+00 7.453968833796969840e+00 9.028909640038482394e+03
1.999974996316801253e+03 1.278839853957682848e+00 7.467706986660590296e+00 9.028911341162107419e+03
1.870537748800805957e+03 1.533425224424230349e+00 7.460395083137687067e+00 9.028912302369715690e+03
1.822774044290187931e+03 1.604911868439430123e+00 7.473517291314355937e+00 9.028912354883183070e+03
1.509217226774153687e+03 2.223582706979193802e+00 7.458967998283862144e+00 9.028914956518385225e+03
1.943388489691994437e+03 1.362444043869926125e+00 7.468053344250945358e+00 9.028915034519022811e+03
1.825506510077340181e+03 1.644901893274760107e+00 7.487219931958938091e+00 9.028915071150117001e+03
1.826483821228986926e+03 1.521045164785803872e+00 7.458533580002020713e+00 9.028915575479320978e+03
1.662114766518817305e+03 1.852230494370466607e+00 7.461464405586188953e+00 9.028915692602322451e+03
1.658453362475089307e+03 2.010823216086895293e+00 7.461292396801352034e+00 9.028915744617186647e+03
1.633277407340811351e+03 1.956743790609925648e+00 7.462490041318234013e+00 9.028920402298470435e+03
1.603220953914892561e+03 2.145743734967072935e+00 7.470367183057181393e+00 9.028920521479836680e+03
1.944709781663798822e+03 1.385296179289642104e+00 7.471408961895120271e+00 9.028921246016616351e+03
1.518008946234299628e+03 2.273223800741072331e+00 7.485890473800184353e+00 9.028922424576034246e+03
1.979344630684010099e+03 1.309237396297868283e+00 7.458327151788957998e+00 9.028922497294472123e+03
1.725514986938318998e+03 1.830516681177154936e+00 7.428736152914056312e+00 9.028923610291603836e+03
1.970398592070428549e+03 1.336406637323548807e+00 7.456964848709275451e+00 9.028925815704022170e+03
1.946513100258598115e+03 1.400616461990486172e+00 7.461053712648768155e+00 9.028927700533333336e+03
1.653227143876445098e+03 1.892496596632426309e+00 7.464920312533720903e+00 9.028929634005713524e+03
1.704187602405449979e+03 1.927026911668328513e+00 7.471160446591391668e+00 9.028930369376292219e+03
1.996898639178324856e+03 1.273812434601410359e+00 7.438598319175771856e+00 9.028931033231427136e+03
1.705619815415913081e+03 1.910526906766039090e+00 7.484826253989750988e+00 9.028932281184765088e+03
1.733181928040577304e+03 1.778696477704072576e+00 7.476623454762727050e+00 9.028932726361066671e+03
1.605549909557779756e+03 1.901226276909192325e+00 7.472448859544431166e+00 9.028933272977570596e+03
1.990597327025041068e+03 1.275759716102466967e+00 7.479474572619773554e+00 9.028933650920469518e+03
1.509217226774153687e+03 2.223582706979193802e+00 7.458967998283862144e+00 9.028934479397827090e+03
1.842521811832856201e+03 1.498805472416181672e+00 7.477764903884423831e+00 9.028934529985259360e+03
1.794204363713132580e+03 1.621799259574133512e+00 7.478674900382338286e+00 9.028934586089389995e+03
1.720991137170104366e+03 1.794207386106150715e+00 7.484453734403090586e+00 9.028936173216930911e+03
1.937626723993256519e+03 1.385014811610931096e+00 7.453047242119869686e+00 9.028937160622279407e+03
1.835759857461648608e+03 1.589795266382828309e+00 7.459938482798989412e+00 9.028942421086252580e+03
1.969600755801146306e+03 1.371520174514359258e+00 7.448861186124651645e+00 9.028946571871629203e+03
1.771195809930951782e+03 1.630243434548907189e+00 7.463487693367723885e+00 9.028946812092532127e+03
1.960993608187555992e+03 1.345371524011802489e+00 7.463260641433494769e+00 9.028947883238235590e+03
1.662114766518817305e+03 1.852230494370466607e+00 7.461464405586188953e+00 9.028948006132666706e+03
1.742478260076507922e+03 1.720711340278782808e+00 7.473354036332904293e+00 9.028948316976644492e+03
1.627523293451398104e+03 2.072719131160251749e+00 7.487975464635274747e+00 9.028949541154308463e+03
1.796121896283878641e+03 1.655780882656200159e+00 7.484046351175701162e+00 9.028949796870050704e+03
1.559024043146980603e+03 2.177524974860148621e+00 7.482555527365430947e+00 9.028950996873618351e+03
1.728622245728582129e+03 1.740158655950876376e+00 7.477174704686568418e+00 9.028951130927456688e+03
1.921577572833520435e+03 1.435430613399475197e+00 7.440699890113760873e+00 9.028952916258980622e+03
1.647580478243143261e+03 2.027972875030249256e+00 7.457279163133896382e+00 9.028954001031474036e+03
1.944316225894027866e+03 1.411434327638328767e+00 7.472733624437520206e+00 9.028954012254554982e+03
1.616405143439716994e+03 2.024191558214776698e+00 7.450600622530290096e+00 9.028954339907411850e+03
1.797831067848095927e+03 1.609997821261644368e+00 7.446554606338730231e+00 9.028955224937206367e+03
1.682222532863017932e+03 1.888996751431276433e+00 7.464919530151836291e+00 9.028956137800807483e+03
1.825230684381072479e+03 1.622017440979595548e+00 7.481498067611076941e+00 9.028958240668591316e+03
1.755608690673442879e+03 1.750894050409189218e+00 7.463256651366748429e+00 9.028959218026320741e+03
1.531441337996033326e+03 2.190162206722735760e+00 7.454349301313604848e+00 9.028959970471198176e+03
1.701945435368422750e+03 1.852746662035627878e+00 7.460523090754364262e+00 9.028960433391921470e+03
1.969893605897996395e+03 1.301214087882180959e+00 7.455288468656777745e+00 9.028962423237049734e+03
1.513131737566804986e+03 2.254661756272979378e+00 7.439954646820112316e+00 9.028964511719284928e+03
1.998439743128749797e+03 1.238650914865086383e+00 7.468920472231162400e+00 9.028965651617803815e+03
1.629279399523045868e+03 1.929333355503905167e+00 7.455217643422204610e+00 9.028968646413788520e+03
1.961202883259036980e+03 1.354497770889149466e+00 7.457080334694270007e+00 9.028969081669676598e+03
1.715621608944259151e+03 1.852239524661439596e+00 7.500290205629833729e+00 9.028971182581652101e+03
1.981697685406657911e+03 1.309298368640264165e+00 7.480611193119113267e+00 9.028971346760758024e+03
1.824085855059467349e+03 1.580553465918045575e+00 7.482742481306583038e+00 9.028972503181899810e+03
1.845472245307983940e+03 1.625191125368403489e+00 7.450906314566252853e+00 9.028973447729656982e+03
1.613481605865999200e+03 2.130382519697607613e+00 7.424210572636534167e+00 9.028973894504844793e+03
1.640258586620461983e+03 1.891670994228611402e+00 7.477513156201581523e+00 9.028975282808007250e+03
1.636591384516637390e+03 2.101887908467601207e+00 7.460864657445892334e+00 9.028975778686339254e+03
1.938913395051913994e+03 1.477940983421644816e+00 7.461153874028387811e+00 9.028977172730403254e+03
1.820158198059476035e+03 1.641055906931092156e+00 7.447858906099733112e+00 9.028977210142204058e+03
1.578296447764783807e+03 1.935867137123693738e+00 7.462201521843005558e+00 9.028979713692719088e+03
1.779438358158989104e+03 1.661926265406263203e+00 7.466382915988796221e+00 9.028980226690297059e+03
1.531119838326373610e+03 2.173200658561530219e+00 7.466308462833641357e+00 9.028980391871191387e+03
1.665674924662450621e+03 1.927330578723615462e+00 7.500056393939449784e+00 9.028980636370992215e+03
1.656410371928882341e+03 1.909228644671630892e+00 7.486105590478194571e+00 9.028980711398540734e+03
1.519102777674793970e+03 2.118155021998848753e+00 7.425822255402359851e+00 9.028981430926571193e+03
1.943309182955396864e+03 1.410453526966541027e+00 7.462865974467550956e+00 9.028981466613096927e+03
1.752730791256189605e+03 1.783168980582498842e+00 7.464414199565658770e+00 9.028981968361671534e+03
1.579183515599358316e+03 2.040510157995397478e+00 7.467774399521738715e+00 9.028982630899394280e+03
1.927586920694191349e+03 1.461605485233442803e+00 7.473690997692504112e+00 9.028982705049340439e+03
1.618066524968695830e+03 2.002027699470084521e+00 7.474145821967355552e+00 9.028984899113540450e+03
1.752730791256189605e+03 1.783168980582498842e+00 7.464414199565658770e+00 9.028988794733231771e+03
1.985763519387639235e+03 1.250191527756053134e+00 7.470328081228707617e+00 9.028989244336931733e+03
1.742000127617302041e+03 1.797287575034141272e+00 7.471741426072750158e+00 9.028989640247129500e+03
1.683052552380641373e+03 1.801619934318166916e+00 7.461252936564028104e+00 9.028991616141249324e+03
1.731546148846371580e+03 1.812770030915010100e+00 7.458606272669059400e+00 9.028991953226346595e+03
1.703963811528320321e+03 1.819377708121477921e+00 7.471289986138767603e+00 9.028993082454726391e+03
1.723053356411282948e+03 1.841673709661835634e+00 7.433572135939465753e+00 9.028993335293302152e+03
1.902859084069208620e+03 1.497696682456492345e+00 7.487895848536291865e+00 9.028993542778538540e+03
1.581913802420057891e+03 2.066021796924616183e+00 7.471791152899847077e+00 9.028994148865958778e+03
1.925760866952497054e+03 1.380717673354261876e+00 7.459178330250065159e+00 9.028996703922222878e+03
1.554227284072492694e+03 1.999888588932078770e+00 7.468343503333970901e+00 9.028996789297056239e+03
1.949459678608646527e+03 1.352869185947705555e+00 7.463275750370112149e+00 9.028997623686742372e+03
1.695877786981584222e+03 1.942198671738075699e+00 7.429079619196279793e+00 9.028999098030957612e+03
1.556637208016393060e+03 2.163375878696253807e+00 7.482242857388587076e+00 9.028999994290901668e+03
1.820280410602543043e+03 1.626072002666390182e+00 7.445814609847984045e+00 9.029000299487734083e+03
1.986890103181717222e+03 1.337460259381094696e+00 7.503730240689310271e+00 9.029000445886478701e+03
1.961735482407810878e+03 1.405163090559522931e+00 7.468543613695846517e+00 9.029001118622494687e+03
1.782335697363497275e+03 1.676733753700960561e+00 7.437662709145442363e+00 9.029002923097072198e+03
1.957171122702169441e+03 1.345072869079866784e+00 7.474545706269373646e+00 9.029003170944457452e+03
1.966115263133824101e+03 1.334230974544153181e+00 7.455241406785535929e+00 9.029003758355989703e+03
1.924365555427829349e+03 1.432012424587403965e+00 7.466074130159812583e+00 9.029005228621223068e+03
1.677902179622609538e+03 1.807978795028197139e+00 7.454204701569281610e+00 9.029005292895140883e+03
1.973822184239820217e+03 1.354518955499178334e+00 7.470878872727416464e+00 9.029005448909294500e+03
1.627860552263822001e+03 1.975113084288083298e+00 7.460655134902583363e+00 9.029006078495522161e+03
1.773813081700454632e+03 1.617335571066681021e+00 7.469090111384866226e+00 9.029006634636987656e+03
1.818116124081869430e+03 1.579294560709686213e+00 7.471286822668054661e+00 9.029006892927342051e+03
1.502139161079211135e+03 2.257193756740999646e+00 7.478907784507996759e+00 9.029008527753494491e+03
1.579442937584597985e+03 2.062931590389024628e+00 7.457271528347530598e+00 9.029009698699181172e+03
1.990860570359309122e+03 1.376668142217786217e+00 7.442920498150388475e+00 9.029010269788928781e+03
1.624425307949590433e+03 2.086584673355826425e+00 7.463239020869932183e+00 9.029011065930215409e+03
1.571061544390180416e+03 2.135590136388458848e+00 7.456014079775499681e+00 9.029012744433473927e+03
1.751280712601405412e+03 1.772313824536523974e+00 7.456808905016849565e+00 9.029012953938594364e+03
1.709518860050221747e+03 1.806323477308912961e+00 7.467524082450260003e+00 9.029013055658524536e+03
1.613590869153828407e+03 2.026816113695261379e+00 7.454078676853410634e+00 9.029013182571889047e+03
1.542287596985356913e+03 2.226109844259942516e+00 7.478431797441085216e+00 9.029013714447812163e+03
1.518884378318208292e+03 2.228238847794643540e+00 7.440237552875247573e+00 9.029014463609664745e+03
1.609102942364201454e+03 2.118598615148489461e+00 7.471071107195743188e+00 9.029014582358608095e+03
1.628970563560317942e+03 2.035793218022051487e+00 7.495162507458951850e+00 9.029017078197915907e+03
1.936925221942785583e+03 1.341504064003307573e+00 7.456349448834832749e+00 9.029017863897055577e+03
1.600041379427544371e+03 2.198323756177714472e+00 7.431447906658722680e+00 9.029019264027680038e+03
1.932025942518737565e+03 1.353429721124677743e+00 7.475566738206919304e+00 9.029019365194802958e+03
1.683440383457193548e+03 1.902237042874767248e+00 7.470885806587470590e+00 9.029019939901181715e+03
1.824756529395890993e+03 1.643805415726367292e+00 7.458167662212107807e+00 9.029021171619478991e+03
1.806214768017002370e+03 1.590491915566365488e+00 7.483520166971386445e+00 9.029021375546188210e+03
1.924585730774521835e+03 1.405741955830595247e+00 7.468698202737282799e+00 9.029021787546675114e+03
1.510175760590843765e+03 2.287178387583039374e+00 7.473231753418422052e+00 9.029023085029020876e+03
1.747142905852050717e+03 1.759360297983527444e+00 7.445675912744897929e+00 9.029023830862259274e+03
1.957964320194501397e+03 1.342412805748143256e+00 7.468237699488939896e+00 9.029024470731434121e+03
1.973033733761666554e+03 1.373913179926544492e+00 7.468725298251754019e+00 9.029025358837692693e+03
1.740163712602594387e+03 1.704490477652701896e+00 7.471492525154758368e+00 9.029025856146543447e+03
1.933183899105399860e+03 1.416966715359293971e+00 7.461676732678832025e+00 9.029026250623488522e+03
1.858440044743165345e+03 1.631617759322854466e+00 7.443393821553230261e+00 9.029027088705419374e+03
1.735793508346336466e+03 1.716656062223046453e+00 7.454441423123844501e+00 9.029027237744519880e+03
1.805326206111138617e+03 1.603246050070279205e+00 7.498992509684951457e+00 9.029029193979189586e+03
1.922141135440156177e+03 1.438858374174522226e+00 7.468957622379425842e+00 9.029029930743121440e+03
1.866580304355621138e+03 1.549267007423017262e+00 7.481178118642888286e+00 9.029030028991535801e+03
1.638857190538162286e+03 1.965077692384617380e+00 7.470168085190826091e+00 9.029030414638555158e+03
1.679580621919785926e+03 1.819191487215993996e+00 7.475613664011722115e+00 9.029030919275457563e+03
1.717995353207616063e+03 1.806378670046083768e+00 7.474660317177562519e+00 9.029032395017286035e+03
1.567580053623530603e+03 2.048639618101201876e+00 7.453797553145215637e+00 9.029032567379208558e+03
1.663288692968813166e+03 1.875726081974293358e+00 7.478922903386705734e+00 9.029034052932505801e+03
1.987484540682203487e+03 1.318506004968863499e+00 7.463854300643896877e+00 9.029034582206295454e+03
1.845843128780403049e+03 1.541098944059558162e+00 7.469726835335074533e+00 9.029036359983603688e+03
1.611388715086177626e+03 1.899064556071369925e+00 7.466781146363747901e+00 9.029039192108575662e+03
1.684798820387887190e+03 1.947017406462232980e+00 7.449505695957189921e+00 9.029040762592798274e+03
1.508849939224104673e+03 2.259890648517550726e+00 7.467953341224779606e+00 9.029042215925508572e+03
1.520057651812644735e+03 2.191663323748672454e+00 7.475256085928680960e+00 9.029045222935115817e+03
1.784966037063938302e+03 1.612485288863036992e+00 7.461083542985093686e+00 9.029045673093647565e+03
1.919213321055155120e+03 1.426663974909381460e+00 7.455590805501195462e+00 9.029047012897528475e+03
1.936173588191691579e+03 1.324652434815776880e+00 7.482834320308243470e+00 9.029047787023515411e+03
1.652135733868855141e+03 1.921195000593322044e+00 7.467609685761471106e+00 9.029048318222665330e+03
1.792337343911611924e+03 1.633529620052118991e+00 7.492405039350238383e+00 9.029050014034781270e+03
1.996668818740451570e+03 1.302832848942909294e+00 7.452852691550878816e+00 9.029050193591176139e+03
1.688886896939025746e+03 1.817993210856649444e+00 7.473179034081287142e+00 9.029050458010045986e+03
1.720378340974026742e+03 1.780103885924285034e+00 7.459763454623115742e+00 9.029050535394571853e+03
1.747585610921093803e+03 1.760566562751417097e+00 7.446546427182142658e+00 9.029051166722509151e+03
1.780844977570204492e+03 1.656513962101140214e+00 7.445641980103486546e+00 9.029053582776845360e+03
1.984299177123404661e+03 1.369091035609771412e+00 7.461148555362261625e+00 9.029053993054374587e+03
1.599790482410385039e+03 2.048089431538055560e+00 7.452719247487602061e+00 9.029055320523162663e+03
1.634688296046614141e+03 2.016643533852771064e+00 7.467541859015210726e+00 9.029055593036975552e+03
1.545624557832464916e+03 2.142610721224036396e+00 7.457824580883209542e+00 9.029055974534869165e+03
1.964406857136948474e+03 1.283537149907921338e+00 7.440773307597606134e+00 9.029056063947762595e+03
1.628550719605420682e+03 1.945033174658303610e+00 7.485267962982606882e+00 9.029060446077182860e+03
1.559024043146980603e+03 2.177524974860148621e+00 7.482555527365430947e+00 9.029061043719169902e+03
1.807164945728390194e+03 1.575006815255063364e+00 7.466811948648166108e+00 9.029061990695825443e+03
1.708315390758681133e+03 1.884497483962355169e+00 7.477190701357225855e+00 9.029062131174341630e+03
1.987244044338047388e+03 1.275984154956085304e+00 7.483582385291152050e+00 9.029063103759644946e+03
1.841871009961645996e+03 1.588195276898804353e+00 7.469262443081335689e+00 9.029063168056134600e+03
1.523816186010193633e+03 2.230838931505257250e+00 7.473451598798773077e+00 9.029064615616760420e+03
1.607934321878761239e+03 2.044879338893383469e+00 7.458643441604031032e+00 9.029066989760027354e+03
1.695569147120504567e+03 1.890445676079312243e+00 7.456568148763380144e+00 9.029067906236554336e+03
1.536086070241544576e+03 2.200819850541979150e+00 7.470319911186520834e+00 9.029068128671839077e+03
1.953147239081461748e+03 1.348287266731008627e+00 7.490691632498817754e+00 9.029068431479898209e+03
1.966206173007873531e+03 1.366150434176394812e+00 7.452894958320004370e+00 9.029069143614526183e+03
1.618916780669802847e+03 2.000511355617434983e+00 7.474204190369693634e+00 9.029071314044629617e+03
1.613429234286507608e+03 2.085891769093318526e+00 7.466451806192230478e+00 9.029071454392387750e+03
1.707397683727091589e+03 1.844930245733944485e+00 7.477698446885350236e+00 9.029072183152218713e+03
1.700329837431000669e+03 1.829050514388587567e+00 7.480178608899793247e+00 9.029072421200786266e+03
1.724714955354281983e+03 1.825655490000040126e+00 7.444758309709369470e+00 9.029072471706247597e+03
1.944836268924374963e+03 1.350490597596551101e+00 7.467913997800794235e+00 9.029072563274232380e+03
1.568263407197383458e+03 2.048953916112475682e+00 7.465932111688345252e+00 9.029073191009823859e+03
1.762429405256392556e+03 1.734222977783148156e+00 7.462234745137296343e+00 9.029074087342985877e+03
1.714184044651607110e+03 1.862958808166419455e+00 7.451150192863528865e+00 9.029075074207008583e+03
1.936173588191691579e+03 1.324652434815776880e+00 7.482834320308243470e+00 9.029076143543263242e+03
1.959910183782498734e+03 1.325177981943921113e+00 7.471060351440724112e+00 9.029076891658212844e+03
1.644186186369541247e+03 1.858040887250099527e+00 7.491581280339488558e+00 9.029077348151695332e+03
1.630903804595037172e+03 2.019499571743856414e+00 7.478126897437265441e+00 9.029078941016008685e+03
1.957734315634533459e+03 1.330641504848023349e+00 7.456241653174092932e+00 9.029079976487480963e+03
1.925760866952497054e+03 1.380717673354261876e+00 7.459178330250065159e+00 9.029080718506824269e+03
1.979401229465808683e+03 1.290833815142445662e+00 7.461011390400829058e+00 9.029080753184482091e+03
1.930449911266254276e+03 1.434739234977931321e+00 7.474382337641920948e+00 9.029081676230121957e+03
1.941010303344794465e+03 1.380255971163784290e+00 7.467381007902731405e+00 9.029082174073482747e+03
1.815396151527477286e+03 1.567134699287712873e+00 7.459136110420914179e+00 9.029082261939696764e+03
1.784966037063938302e+03 1.612485288863036992e+00 7.461083542985093686e+00 9.029083253588389198e+03
1.595548718763426905e+03 2.051491658157325926e+00 7.479639976091445597e+00 9.029083904601739050e+03
1.665843324170566575e+03 1.893333528859271642e+00 7.459223343210494406e+00 9.029084007395118533e+03
1.883631188630253291e+03 1.538669893604973193e+00 7.470609218317669331e+00 9.029084654451247843e+03
1.627523293451398104e+03 2.072719131160251749e+00 7.487975464635274747e+00 9.029087711246345862e+03
1.575758173950641094e+03 2.145567596655457265e+00 7.461712858881083044e+00 9.029087829027123007e+03
1.577636355687510559e+03 2.040105353087539264e+00 7.459611963644676713e+00 9.029088239088672708e+03
1.728910228309472586e+03 1.750598369099453988e+00 7.467501111732651076e+00 9.029088354561446977e+03
1.935643102213424754e+03 1.413240917308193012e+00 7.446591026944048508e+00 9.029088770063224729e+03
1.817837692463648182e+03 1.645699026605427662e+00 7.436577985261829227e+00 9.029089446523741572e+03
1.864325426866466159e+03 1.542297578061447627e+00 7.458764412927464171e+00 9.029089766701570625e+03
1.636510549546753964e+03 1.911317760264721555e+00 7.461331566129540960e+00 9.029090808580685916e+03
1.703342313855987641e+03 1.838694931198498139e+00 7.464520652452404370e+00 9.029091185507482805e+03
1.937232983855469683e+03 1.459659851712236334e+00 7.494541465136268066e+00 9.029091212118069961e+03
1.955136934960413328e+03 1.356123577861556573e+00 7.458460514107550843e+00 9.029092920431801758e+03
1.650538404501207197e+03 1.854254862226894618e+00 7.481198599020483897e+00 9.029093137641659268e+03
1.999145258661791559e+03 1.259041087285214910e+00 7.454082222886434295e+00 9.029094021964969215e+03
1.813899798061491765e+03 1.557954651443984151e+00 7.486277001104035378e+00 9.029094212384348793e+03
1.801704578722392853e+03 1.542381242149054144e+00 7.484677310531018257e+00 9.029094368045271040e+03
1.614323198982521035e+03 1.985054313792919078e+00 7.474010815878517455e+00 9.029094752360311759e+03
1.944631262940006764e+03 1.347394144279018935e+00 7.449551952891255269e+00 9.029094916482430563e+03
1.721775798936068668e+03 1.818379243087378638e+00 7.473031511439993224e+00 9.029095487653386954e+03
1.930487050378917729e+03 1.405937318025911154e+00 7.469630381827792043e+00 9.029095499821321937e+03
1.903181859218628915e+03 1.531104580501739809e+00 7.442099335806896754e+00 9.029096067615815628e+03
1.738338470565744956e+03 1.817134236275379733e+00 7.476451035936435119e+00 9.029096166619696305e+03
1.844728555102774408e+03 1.639608073765912222e+00 7.484439642996142616e+00 9.029096456324983592e+03
1.658115093831224840e+03 1.929117004474213415e+00 7.445469739410022214e+00 9.029096927137783496e+03
1.504221658188909032e+03 2.324150212417411154e+00 7.447602493359261722e+00 9.029097245698601910e+03
1.632665869367038113e+03 1.840755471955015432e+00 7.465302723859357670e+00 9.029097567853295914e+03
1.710358074724287462e+03 1.942096054241836844e+00 7.448058682729815416e+00 9.029097660337863999e+03
1.872575430352806961e+03 1.583004872511192040e+00 7.442951683449958722e+00 9.029098766736980906e+03
1.792337343911611924e+03 1.633529620052118991e+00 7.492405039350238383e+00 9.029099113095937355e+03
1.768265103791956335e+03 1.659826367158098170e+00 7.476152615874084972e+00 9.029099228976363520e+03
1.599694903475763567e+03 1.953998483696604893e+00 7.468762649200828996e+00 9.029099884085015219e+03
1.788246393062461948e+03 1.653745795800150242e+00 7.440757045015820026e+00 9.029101948475889003e+03
1.665781082505905033e+03 2.033582005868728615e+00 7.466854743513973602e+00 9.029102373911046016e+03
1.842866392238172466e+03 1.569739058600760684e+00 7.488912813252620815e+00 9.029102985010535122e+03
1.676143800602450710e+03 1.968054101335985129e+00 7.452477793695115871e+00 9.029103464693313072e+03
1.788420348428590160e+03 1.629970613363534104e+00 7.475908844602119352e+00 9.029103666717111992e+03
1.972458197975478015e+03 1.313421930148112260e+00 7.464798757266440710e+00 9.029104132139746071e+03
1.623612517591444885e+03 2.013383463913856364e+00 7.475518421336003527e+00 9.029104582726095032e+03
1.963625169021837337e+03 1.357348585447174072e+00 7.481181891764424385e+00 9.029104743738713296e+03
1.736411121674840160e+03 1.731123169761601188e+00 7.469573117124058470e+00 9.029104985709340326e+03
1.733995967676368309e+03 1.765161259035457508e+00 7.461807847755830281e+00 9.029106279477522548e+03
1.608109539343679671e+03 2.047603016124074138e+00 7.470115797074444508e+00 9.029106957889298428e+03
1.966794608883343699e+03 1.320925482817783436e+00 7.442097722526463066e+00 9.029107144671794231e+03
1.529077139417603348e+03 2.255947088236603726e+00 7.468151775627142719e+00 9.029107293892149755e+03
1.898275284282489793e+03 1.398910774123874212e+00 7.475128784058690634e+00 9.029107594087250618e+03
1.587701738709833535e+03 1.997794578607726912e+00 7.467314803833466463e+00 9.029108201191304033e+03
1.610502939811218312e+03 1.961935228191077130e+00 7.458373850767731739e+00 9.029110028784436508e+03
1.579336173192317801e+03 2.150283735722784861e+00 7.448835199669838758e+00 9.029110523718873083e+03
1.714668132510731084e+03 1.881223813052620653e+00 7.473679627079488519e+00 9.029111304378036948e+03
1.769502471403221989e+03 1.642348390972722560e+00 7.480989576446773093e+00 9.029111350895900614e+03
1.527707117944708443e+03 2.198297572145659018e+00 7.460762064590323206e+00 9.029111971835169243e+03
1.911643272913855071e+03 1.473886535183676738e+00 7.462492787585736309e+00 9.029111979321694889e+03
1.911761732004279111e+03 1.473622658345052239e+00 7.459433968845305962e+00 9.029112714532620885e+03
1.864960646545178633e+03 1.562180699100065961e+00 7.482596617177372345e+00 9.029114047847750044e+03
1.564904882714761470e+03 2.181543637257842505e+00 7.483764165891972020e+00 9.029114187307881366e+03
1.794204363713132580e+03 1.621799259574133512e+00 7.478674900382338286e+00 9.029114501889671374e+03
1.722872662240698901e+03 1.780683817112041156e+00 7.486368922408008331e+00 9.029116016440506428e+03
1.991093837167394440e+03 1.281567173467716536e+00 7.475501386109037583e+00 9.029116672088141058e+03
1.700326108050926450e+03 1.868334723140726794e+00 7.447543451086444222e+00 9.029116813107963026e+03
1.833382781263055222e+03 1.606721474280737860e+00 7.463131669603703777e+00 9.029116905105292972e+03
1.653589414175512957e+03 1.922973791486478179e+00 7.470418546135253024e+00 9.029117311699572383e+03
1.859422434400729571e+03 1.564254207291541965e+00 7.473806259004994956e+00 9.029118069411621036e+03
1.897338551036653826e+03 1.540383320782279242e+00 7.463426472174176318e+00 9.029120109658000729e+03
1.940193924695226769e+03 1.439716429916283902e+00 7.460152088590613850e+00 9.029120588125990253e+03
1.739715637594563759e+03 1.709332849046727443e+00 7.457142828243556565e+00 9.029122119260244290e+03
1.628471949743156983e+03 2.027506267283338381e+00 7.471290255722231599e+00 9.029123983178529670e+03
1.537860537698470807e+03 2.323997890211503048e+00 7.475344895358933428e+00 9.029125207660450542e+03
1.940445722627599025e+03 1.378609840692917476e+00 7.476858762391683122e+00 9.029125457944499431e+03
1.920858870938678365e+03 1.407778430555978177e+00 7.489265169272807832e+00 9.029126290268344746e+03
1.597951737468632928e+03 2.107049802765010860e+00 7.489858915868759404e+00 9.029126800897094654e+03
1.518008946234299628e+03 2.273223800741072331e+00 7.485890473800184353e+00 9.029127054756881989e+03
1.735793508346336466e+03 1.716656062223046453e+00 7.454441423123844501e+00 9.029127986474688441e+03
1.542664241358098025e+03 2.199680742801517042e+00 7.452864372883155397e+00 9.029128018449478986e+03
1.818675005942676307e+03 1.672089169081803828e+00 7.468900838433008893e+00 9.029128809651048869e+03
1.529087146543511381e+03 2.233189982382702610e+00 7.449087492386230025e+00 9.029129033458320919e+03
1.766224172353101494e+03 1.766146450833691928e+00 7.475063313452031011e+00 9.029129277025111151e+03
1.753943262648289192e+03 1.760826402733923990e+00 7.461228970245127989e+00 9.029130257124332275e+03
1.556606160517002763e+03 2.111227993480151000e+00 7.455719041626848842e+00 9.029130961619799564e+03
1.574718625025668189e+03 2.029040897203443272e+00 7.461958366555811573e+00 9.029132549441255833e+03
1.637047029061179273e+03 1.966833919940264241e+00 7.471650808489561868e+00 9.029132625482447111e+03
1.613433317266671338e+03 2.005485761771581554e+00 7.457893811361200775e+00 9.029132627377473909e+03
1.577213823347161451e+03 2.080533831649529652e+00 7.465091849772536925e+00 9.029133483647265166e+03
1.888650066283557862e+03 1.390867186349476370e+00 7.459934304940956551e+00 9.029134143574443442e+03
1.846782898397122153e+03 1.529465767205831606e+00 7.454139398710108111e+00 9.029134582364242306e+03
1.511364549371734938e+03 2.309609412957489560e+00 7.452541424886067745e+00 9.029135393191891126e+03
1.776128886870068300e+03 1.679523085038471031e+00 7.463992920906076911e+00 9.029135628207422997e+03
1.760240696690126015e+03 1.660253504781235234e+00 7.472233487365347315e+00 9.029135697925808927e+03
1.770354098239158702e+03 1.739070607178700767e+00 7.456510567430340686e+00 9.029138443707430270e+03
1.545923248618276375e+03 2.140386660643437633e+00 7.477631603697454388e+00 9.029139017281249835e+03
1.654469673632825561e+03 1.883737088155518657e+00 7.462977245054720044e+00 9.029139966982411352e+03
1.984299177123404661e+03 1.369091035609771412e+00 7.461148555362261625e+00 9.029140684721400248e+03
1.545755736180580470e+03 2.164435945424062702e+00 7.444113097576809501e+00 9.029140974648604242e+03
1.668408789650174867e+03 1.923423871315944389e+00 7.469240393025125435e+00 9.029142579808263690e+03
1.780844977570204492e+03 1.656513962101140214e+00 7.445641980103486546e+00 9.029143118146301276e+03
1.792174848954725803e+03 1.595002017974273434e+00 7.465507358017394068e+00 9.029143322103753235e+03
1.589240203133473415e+03 1.917888055859149787e+00 7.448343926866495046e+00 9.029144115945606245e+03
1.599694903475763567e+03 1.953998483696604893e+00 7.468762649200828996e+00 9.029144225507570809e+03
1.733123838259424929e+03 1.756677166542329083e+00 7.456171479758636700e+00 9.029144469159446089e+03
1.985677495517260240e+03 1.271475041313073984e+00 7.456934494569768646e+00 9.029145634646931285e+03
1.558741952567171666e+03 2.235861073531905330e+00 7.441401448929455320e+00 9.029147015507036485e+03
1.746579918540224298e+03 1.800206294416468511e+00 7.461269810330459329e+00 9.029147327548262183e+03
1.684174993182661865e+03 2.006732191889810224e+00 7.450536163325990557e+00 9.029147376044184057e+03
1.567590122906005263e+03 2.092164360302083637e+00 7.456268526395025908e+00 9.029147627972180999e+03
1.542750288524491907e+03 2.168250474353483170e+00 7.470727953165094526e+00 9.029148099387701222e+03
1.936577926857518833e+03 1.390304673287901416e+00 7.449254066082565906e+00 9.029148270530256923e+03
1.705706673710224322e+03 1.744981295469768323e+00 7.489056604478822265e+00 9.029148601244451129e+03
1.786964207749688285e+03 1.700873691428503642e+00 7.467297267093325530e+00 9.029148782853781086e+03
1.828000712205105629e+03 1.516978982480735816e+00 7.458669062929578430e+00 9.029148829687255784e+03
1.943415853693714325e+03 1.426178988137956294e+00 7.482407335930648884e+00 9.029148981693851965e+03
1.581246929485296505e+03 2.037200918696784768e+00 7.473696956824218418e+00 9.029149109075513479e+03
1.939117273928431587e+03 1.327510572549045476e+00 7.495691073701764573e+00 9.029150386391998836e+03
1.573305402407154133e+03 2.169137230729560883e+00 7.494337978745090112e+00 9.029150741130015376e+03
1.886287851737131859e+03 1.487581701958614389e+00 7.440748885912131350e+00 9.029151203536321191e+03
1.738338470565744956e+03 1.817134236275379733e+00 7.476451035936435119e+00 9.029151365936990260e+03
1.800215153144577243e+03 1.577112536845680424e+00 7.462068606390251269e+00 9.029153055041439075e+03
1.759170711708479757e+03 1.722079418096058134e+00 7.475865196098729903e+00 9.029153984329655941e+03
1.569107286147236209e+03 2.156337206693734743e+00 7.468763830929377789e+00 9.029155642943018393e+03
1.794204363713132580e+03 1.621799259574133512e+00 7.478674900382338286e+00 9.029155647549750938e+03
1.738572664813494384e+03 1.778280639423886145e+00 7.468754304609563022e+00 9.029155815266698482e+03
1.699461421238160483e+03 1.862451654974481841e+00 7.465662492323626331e+00 9.029155953347699324e+03
1.711850322776006578e+03 1.831030266437416731e+00 7.476165747788587446e+00 9.029156205677372782e+03
1.944608116959977906e+03 1.374478413187955272e+00 7.499604453829071815e+00 9.029156485560433794e+03
1.982553434094374779e+03 1.237727919761189010e+00 7.448423622348346207e+00 9.029157104690324559e+03
1.938607630008049455e+03 1.403148109707619273e+00 7.473711299632766369e+00 9.029157236566674328e+03
1.502400163045726231e+03 2.224087702862155957e+00 7.478504420445041490e+00 9.029160102682606521e+03
1.936930658498796902e+03 1.362425758294022682e+00 7.461689155294143561e+00 9.029160192658002416e+03
1.644186186369541247e+03 1.858040887250099527e+00 7.491581280339488558e+00 9.029160601778148703e+03
1.567295235976134791e+03 2.046396636951289150e+00 7.461808504151436594e+00 9.029161746881023646e+03
1.581237765151312487e+03 2.044493062863972810e+00 7.485114673577149880e+00 9.029161985173417634e+03
1.904274042348860348e+03 1.499769285520950568e+00 7.474031237681468376e+00 9.029162274626864019e+03
1.872172238058734592e+03 1.583005705872309266e+00 7.441801021080821421e+00 9.029162383848755780e+03
1.938317437758485084e+03 1.406425822847347629e+00 7.482408590589302300e+00 9.029163405669169151e+03
1.725094985669230482e+03 1.875790195752152556e+00 7.484479257649870654e+00 9.029164117518930652e+03
1.536316918424919777e+03 2.250992554061095774e+00 7.453025627612502646e+00 9.029165878100904592e+03
1.819658458643745462e+03 1.607513552527934930e+00 7.449369496080654685e+00 9.029166893347441146e+03
1.771225512042263745e+03 1.618335340200058425e+00 7.441847459949826771e+00 9.029169246620493141e+03
1.853840518759333236e+03 1.618844788159430115e+00 7.451260732856456848e+00 9.029170079117431669e+03
1.545923248618276375e+03 2.140386660643437633e+00 7.477631603697454388e+00 9.029170273771287611e+03
1.610191117438638912e+03 1.929562502665480128e+00 7.470495223143759134e+00 9.029170791974693202e+03
1.707917750113478860e+03 1.895337389318560106e+00 7.477720421057550304e+00 9.029171409081038291e+03
1.691608159484541375e+03 1.817553892529786275e+00 7.467540750221265178e+00 9.029171551432478736e+03
1.766224172353101494e+03 1.766146450833691928e+00 7.475063313452031011e+00 9.029171688726006323e+03
1.918525737352021224e+03 1.401443289620899924e+00 7.451555420303255239e+00 9.029173309201283701e+03
1.523695023694559950e+03 2.232621455257444154e+00 7.445624486134322595e+00 9.029177072071604925e+03
1.803924755608682972e+03 1.628071657630369540e+00 7.527204350419946621e+00 9.029178477658291740e+03
1.662262929070832797e+03 2.013459143573848031e+00 7.478510256995337002e+00 9.029178762338429806e+03
1.583237840025783726e+03 2.110312107565019524e+00 7.453358229144980918e+00 9.029179703436711861e+03
1.818675005942676307e+03 1.672089169081803828e+00 7.468900838433008893e+00 9.029180588905077457e+03
1.728769072513063293e+03 1.839600421274190767e+00 7.474577553211970482e+00 9.029181725420326984e+03
1.872244089433545923e+03 1.470347064012563321e+00 7.467117477826429983e+00 9.029183088360234251e+03
1.559449113103817581e+03 2.135132044002959528e+00 7.461314002757788444e+00 9.029183237507142621e+03
1.987867687987159570e+03 1.333343501050603841e+00 7.468403861510322983e+00 9.029183414470278876e+03
1.656179867471581701e+03 1.949333552905595290e+00 7.477832644404322160e+00 9.029183523605652226e+03
1.921577572833520435e+03 1.435430613399475197e+00 7.440699890113760873e+00 9.029184014660962930e+03
1.534495970005258641e+03 2.255091488643845565e+00 7.465799916282481519e+00 9.029185866634707054e+03
1.633468404994163848e+03 1.879232935990899245e+00 7.442830594108582609e+00 9.029186023392408970e+03
1.956614305806713446e+03 1.432774177016950645e+00 7.471949784628979963e+00 9.029187696280934688e+03
1.549113145936721594e+03 1.999989615047249369e+00 7.472609959337871643e+00 9.029187947994523711e+03
1.723805954162908847e+03 1.804849650544237960e+00 7.475078338373996267e+00 9.029188200196136677e+03
1.992331263021320410e+03 1.259652202132292231e+00 7.490800476277575726e+00 9.029188212814742656e+03
1.876110489717213568e+03 1.531298097021769333e+00 7.468468470853197871e+00 9.029188453915363425e+03
1.820158198059476035e+03 1.641055906931092156e+00 7.447858906099733112e+00 9.029188617876174249e+03
1.999679327854221128e+03 1.238900157512730749e+00 7.486771076690789783e+00 9.029189211669257929e+03
1.651116361648855218e+03 1.988753477011598436e+00 7.472068959793726428e+00 9.029190073955805929e+03
1.943826687331637686e+03 1.423150652685942763e+00 7.435787738825306192e+00 9.029191389625168085e+03
1.998832717587462867e+03 1.271890568027416180e+00 7.462329109538637262e+00 9.029192322445560421e+03
1.747612867229283665e+03 1.654956654500115976e+00 7.445000033436759423e+00 9.029192940605606054e+03
1.547446358893010029e+03 2.137592844006712678e+00 7.445840439922933207e+00 9.029194048924975505e+03
1.745739453394408883e+03 1.678095077816765368e+00 7.431580726387898572e+00 9.029194200048199491e+03
1.704625780351778531e+03 1.817735638819358623e+00 7.460994531628855064e+00 9.029194343110126283e+03
1.733690578347070414e+03 1.738056610166808680e+00 7.477745528779357720e+00 9.029195178568985284e+03
1.707917750113478860e+03 1.895337389318560106e+00 7.477720421057550304e+00 9.029195183551604714e+03
1.539927585405521313e+03 2.191042459093339723e+00 7.499112823898456348e+00 9.029195210851072261e+03
1.998782973360977394e+03 1.310557845585301751e+00 7.469803981568742479e+00 9.029195495577629117e+03
1.618764359868750944e+03 2.044756561404631690e+00 7.486300736244816179e+00 9.029195898625319387e+03
1.571884361610116684e+03 2.127722804747927299e+00 7.461880196931603315e+00 9.029197700218046521e+03
1.988717515134527275e+03 1.311321455890801513e+00 7.451702335319535742e+00 9.029198153829960575e+03
1.952793428054180822e+03 1.379775359340644547e+00 7.445033007105162248e+00 9.029198335190158105e+03
1.869619547453441328e+03 1.510537067228753028e+00 7.471400521109023529e+00 9.029200756026624731e+03
1.565204525143991532e+03 2.218532751180650742e+00 7.468441650617191563e+00 9.029202014460010105e+03
1.597951737468632928e+03 2.107049802765010860e+00 7.489858915868759404e+00 9.029202949533426363e+03
1.674417474172026004e+03 1.904460204468307438e+00 7.456893197748533986e+00 9.029203085733610351e+03
1.819977492956523974e+03 1.623406332668158925e+00 7.424866470748674452e+00 9.029203517813131839e+03
1.695519062249976059e+03 1.889301117047649692e+00 7.489378371003872381e+00 9.029204516468393194e+03
1.944631262940006764e+03 1.347394144279018935e+00 7.449551952891255269e+00 9.029205072415839822e+03
1.688006705166773600e+03 1.989416002137956330e+00 7.473805909513465018e+00 9.029205491031771089e+03
1.819611870948286196e+03 1.625129875923440048e+00 7.467291998801394826e+00 9.029205662612313972e+03
1.891805417304486355e+03 1.522499971677492514e+00 7.464536515112582649e+00 9.029206085299674669e+03
1.661111097427392906e+03 1.909137920478706230e+00 7.462778613592939259e+00 9.029206667434480551e+03
1.913132828538513650e+03 1.475756382806060474e+00 7.453214444664046034e+00 9.029207084335050240e+03
1.553413660377048473e+03 2.148592830765501560e+00 7.445735895736125265e+00 9.029207186093641212e+03
1.729595693179934869e+03 1.805101674489591579e+00 7.474212945803012431e+00 9.029207293360988842e+03
1.699579197458797353e+03 1.884490144474884943e+00 7.480119427534037690e+00 9.029207562422589035e+03
1.831994428604811674e+03 1.502243747056907441e+00 7.452788647558525881e+00 9.029207744302970241e+03
1.585828690589964026e+03 2.076710259731708419e+00 7.465599409642108775e+00 9.029208045579005557e+03
1.654469673632825561e+03 1.883737088155518657e+00 7.462977245054720044e+00 9.029208103588989616e+03
1.656888014198552355e+03 1.909348176835643285e+00 7.466163633871289562e+00 9.029208385316156637e+03
1.570948628240161270e+03 2.177055835910069348e+00 7.460369507732267813e+00 9.029208691219806497e+03
1.945848500188139042e+03 1.430544447123089702e+00 7.481248584664885293e+00 9.029209953172548921e+03
1.992643361820937571e+03 1.327655548078368941e+00 7.444135360646897404e+00 9.029210199718028889e+03
1.990730688826651203e+03 1.248315952649507787e+00 7.442051491770808269e+00 9.029210421766329091e+03
1.704532039107917626e+03 1.825964165397234940e+00 7.461654580860058950e+00 9.029210741242677614e+03
1.793548325535845834e+03 1.732046057872185463e+00 7.453397342153092353e+00 9.029211547012613664e+03
1.712822297954393662e+03 1.845072743575680185e+00 7.452849239933940773e+00 9.029211632192611432e+03
1.949431744229760625e+03 1.373123486751397060e+00 7.447467828647266863e+00 9.029212211901462069e+03
1.904056251798705262e+03 1.463828401037738258e+00 7.452385742497908971e+00 9.029212464393538539e+03
1.920173407859413601e+03 1.483332981119506844e+00 7.448587258039642833e+00 9.029212952313691858e+03
1.611185147409065848e+03 2.002872224315168204e+00 7.466800206098872295e+00 9.029213142864669862e+03
1.538763644347393210e+03 2.155043633407551784e+00 7.468220479377330356e+00 9.029213211009115184e+03
1.668368625151954120e+03 1.844656647221728285e+00 7.440544075683300562e+00 9.029215050691647775e+03
1.542287596985356913e+03 2.226109844259942516e+00 7.478431797441085216e+00 9.029215449484052442e+03
1.924639562900499413e+03 1.431176670021128583e+00 7.476040259103474916e+00 9.029215930620244762e+03
1.830090687671378191e+03 1.576077160661303322e+00 7.461539746848391275e+00 9.029216355622380433e+03
1.609506430115532112e+03 2.111839956694329334e+00 7.447460942991826371e+00 9.029216796702050488e+03
1.788192864143789848e+03 1.658581209861944350e+00 7.469663498442576710e+00 9.029217467057529575e+03
1.803246918920614007e+03 1.634609180221778368e+00 7.471119997715887528e+00 9.029217849442547958e+03
1.771632345819199600e+03 1.730381224162049092e+00 7.449946037432425783e+00 9.029217914088010730e+03
1.992863948109455123e+03 1.287085906380228018e+00 7.459468062300226521e+00 9.029218027414213793e+03
1.968091583250140502e+03 1.302643587393936375e+00 7.469209548533421561e+00 9.029218028632696587e+03
1.684862076335770553e+03 1.858951314103549635e+00 7.440545851917257814e+00 9.029218126724243120e+03
1.678208903988331713e+03 1.872296733891079867e+00 7.479578438612568547e+00 9.029218216503782969e+03
1.628550719605420682e+03 1.945033174658303610e+00 7.485267962982606882e+00 9.029218740264826920e+03
1.756465056839730096e+03 1.731745285781774335e+00 7.442925224427749953e+00 9.029219912981929156e+03
1.713972020676332477e+03 1.867785924695518851e+00 7.467505785793626671e+00 9.029220066494453931e+03
1.587834001873181251e+03 2.115213153485106190e+00 7.458576639145334752e+00 9.029220992566939458e+03
1.680197979339184712e+03 1.918265259469692730e+00 7.445528923501429475e+00 9.029221095561442780e+03
1.742000127617302041e+03 1.797287575034141272e+00 7.471741426072750158e+00 9.029222024984053860e+03
1.822763014790366469e+03 1.572016085242074812e+00 7.470814236033205269e+00 9.029222085217877975e+03
1.585932707799516038e+03 2.013810682910571970e+00 7.471713782703737650e+00 9.029223299249944830e+03
1.756465056839730096e+03 1.731745285781774335e+00 7.442925224427749953e+00 9.029223310379042232e+03
1.598763238989323327e+03 2.016031165971359229e+00 7.441419957040864119e+00 9.029223342165934810e+03
1.638078928141073220e+03 1.986560159736546760e+00 7.463210470885170089e+00 9.029223751543016988e+03
1.993358839663820163e+03 1.287393204820022063e+00 7.447091825456616299e+00 9.029224241634527061e+03
1.505259545167945134e+03 2.311254854490179866e+00 7.457757103875394478e+00 9.029224336518542259e+03
1.636650081944064141e+03 1.954840675216762635e+00 7.477392058510240247e+00 9.029224388655826260e+03
1.975343866681064355e+03 1.337827804493019634e+00 7.452847396607765518e+00 9.029224775305481671e+03
1.609102942364201454e+03 2.118598615148489461e+00 7.471071107195743188e+00 9.029224797723032680e+03
1.677795849791075852e+03 1.920392857002338527e+00 7.479254952459973182e+00 9.029224882599824923e+03
1.678929557219109483e+03 1.928613470811584296e+00 7.476484185430305018e+00 9.029224913998301417e+03
1.998838266205491436e+03 1.221623097659341184e+00 7.451181544570660620e+00 9.029224929221394632e+03
1.704148379215783507e+03 1.931490601138533991e+00 7.475142678972412469e+00 9.029225057869172815e+03
1.662484319558757534e+03 1.886867145290347825e+00 7.446296473019125450e+00 9.029225234148343588e+03
1.995504144849361182e+03 1.319293306275564737e+00 7.445064023362005123e+00 9.029226272533554948e+03
1.624732700647613001e+03 1.944243804334112813e+00 7.478343757904831079e+00 9.029226274672206273e+03
1.748505261459563599e+03 1.743217723538581065e+00 7.475899888703184892e+00 9.029227398404023916e+03
1.663908123819008779e+03 1.904007816707547596e+00 7.474559180392889246e+00 9.029227654458329198e+03
1.949095062126649509e+03 1.412807011684534153e+00 7.465634585253027034e+00 9.029227969966321325e+03
1.960908593444535882e+03 1.277019344382465782e+00 7.461141345481695275e+00 9.029228051661038990e+03
1.581851757270506596e+03 2.072560247501858743e+00 7.473631622164156774e+00 9.029228306861657984e+03
1.568707010624296345e+03 2.100019360234422372e+00 7.465814285841608999e+00 9.029230154076058170e+03
1.699294879343042339e+03 1.866349153088880053e+00 7.471337350530582455e+00 9.029230314081589313e+03
1.817961173411145865e+03 1.561545578292172554e+00 7.461974273256734236e+00 9.029231182492743756e+03
1.863646816682915869e+03 1.667374891577839691e+00 7.489063394106401539e+00 9.029231735367147849e+03
1.894195760737765113e+03 1.492973502081852644e+00 7.477808488552663668e+00 9.029231802346963377e+03
1.715621608944259151e+03 1.852239524661439596e+00 7.500290205629833729e+00 9.029233583153123618e+03
1.894195760737765113e+03 1.492973502081852644e+00 7.477808488552663668e+00 9.029235985027034985e+03
1.934202586031562760e+03 1.376074762044627198e+00 7.461581544443626868e+00 9.029236243338695203e+03
1.988922321950828973e+03 1.305588727521663772e+00 7.450827241921258448e+00 9.029236386307233261e+03
1.946285170764483382e+03 1.376978442098012678e+00 7.440528184572912096e+00 9.029237760786709259e+03
1.533395632899506609e+03 2.239331958091063335e+00 7.480424456352693596e+00 9.029238005195675214e+03
1.943826687331637686e+03 1.423150652685942763e+00 7.435787738825306192e+00 9.029238623448054568e+03
1.558697389179939364e+03 2.176797647875746478e+00 7.452329030676655641e+00 9.029239126612792461e+03
1.721465841052813403e+03 1.850757636744610579e+00 7.480712866209058731e+00 9.029239316461735143e+03
1.990900528076808996e+03 1.297543679941298933e+00 7.468872579721901772e+00 9.029239388106661863e+03
1.673340654628197854e+03 1.904311150502144834e+00 7.485413662959798486e+00 9.029239558654453504e+03
1.822774044290187931e+03 1.604911868439430123e+00 7.473517291314355937e+00 9.029239912199063838e+03
1.633747471218559213e+03 1.978008007422846548e+00 7.462733327104316139e+00 9.029240194302774398e+03
1.556208006539533017e+03 2.227346135930539539e+00 7.469445244848457399e+00 9.029240409141784767e+03
1.647580478243143261e+03 2.027972875030249256e+00 7.457279163133896382e+00 9.029240827707761127e+03
1.752066111283639202e+03 1.733771177758351323e+00 7.445677819530359010e+00 9.029241396437630101e+03
1.907565934147692587e+03 1.403060162933338129e+00 7.467763082395048713e+00 9.029241429510610033e+03
1.605117233806716968e+03 2.053668120068804726e+00 7.466910502352601675e+00 9.029241757719380985e+03
1.798828142177629616e+03 1.604174677666660775e+00 7.444605026338946274e+00 9.029242015024563443e+03
1.991995120263982699e+03 1.317210890495142728e+00 7.475693013633518902e+00 9.029242651678798211e+03
1.680589109332799808e+03 1.883817823234300359e+00 7.460582313102924523e+00 9.029243744100742333e+03
1.592384100818337629e+03 1.996644989914095447e+00 7.440978829360057389e+00 9.029244263090931781e+03
1.872172238058734592e+03 1.583005705872309266e+00 7.441801021080821421e+00 9.029245388764551535e+03
1.781278515424717170e+03 1.669155476355681289e+00 7.471374936558617286e+00 9.029246129694207411e+03
1.745086116410860086e+03 1.747132740600494838e+00 7.443577267688914922e+00 9.029246427336487614e+03
1.632665869367038113e+03 1.840755471955015432e+00 7.465302723859357670e+00 9.029246844669261918e+03
1.992643361820937571e+03 1.327655548078368941e+00 7.444135360646897404e+00 9.029248377574411279e+03
1.616842699105234715e+03 2.013858899410681857e+00 7.481512096486381047e+00 9.029248489613091806e+03
1.681499597182464868e+03 1.921080339680637517e+00 7.457046822746579373e+00 9.029249321558239899e+03
1.633628663365007014e+03 1.991389948542538813e+00 7.462732341524132451e+00 9.029249699293271988e+03
1.671142092961345497e+03 1.887421673217658968e+00 7.470628403466138323e+00 9.029249951666046400e+03
1.708551976718555579e+03 1.844467088805963551e+00 7.433467985980811932e+00 9.029250029998587706e+03
1.961551140824996310e+03 1.362337930816433840e+00 7.481083825151969791e+00 9.029250912842320759e+03
1.632019847866016107e+03 2.023096341360255845e+00 7.468539740658471260e+00 9.029250996804366878e+03
1.900404169236630878e+03 1.423963549099516612e+00 7.458382177330793894e+00 9.029251464966515414e+03
1.536807179550754654e+03 2.142026996133521877e+00 7.454623605222636229e+00 9.029251957524371392e+03
1.785955320467004867e+03 1.667583443128515697e+00 7.468144531642411543e+00 9.029252013696506765e+03
1.914276519962410930e+03 1.507468101048555109e+00 7.437831550141370762e+00 9.029252299869438502e+03
1.986882615334281581e+03 1.287251862467620356e+00 7.478574789053308081e+00 9.029252328141670660e+03
1.613329283275169473e+03 2.047505155512089559e+00 7.447133269264297972e+00 9.029252409669281406e+03
1.747546899961252620e+03 1.702546994490373278e+00 7.462961424389308540e+00 9.029252917693003837e+03
1.785185785823207198e+03 1.687002318174538829e+00 7.444031149160139194e+00 9.029253490732762657e+03
1.717752421536569955e+03 1.783610692209283144e+00 7.456285363220494844e+00 9.029253695927984154e+03
1.719656841295462300e+03 1.833780134712717835e+00 7.487999638292316185e+00 9.029254210922248603e+03
1.772450361744860402e+03 1.639099836956113831e+00 7.470198681385290307e+00 9.029254286584588044e+03
1.882402734306157072e+03 1.491951034525790920e+00 7.457496031072439635e+00 9.029254947032313794e+03
1.959776578002946280e+03 1.333158462675716915e+00 7.481776827793177986e+00 9.029254962503186107e+03
1.877663600582611480e+03 1.459820222508322551e+00 7.484780370766488389e+00 9.029255343199363779e+03
1.851313181585016764e+03 1.489213656716807721e+00 7.459818067434941469e+00 9.029255624419223750e+03
1.985763519387639235e+03 1.250191527756053134e+00 7.470328081228707617e+00 9.029256058654318622e+03
1.584794654274670165e+03 2.101114972460044861e+00 7.460452117591167109e+00 9.029256635115554673e+03
1.944631262940006764e+03 1.347394144279018935e+00 7.449551952891255269e+00 9.029257434214372552e+03
1.967779255920590458e+03 1.379918424171372671e+00 7.450609809449434628e+00 9.029258183315198039e+03
1.964844102764543777e+03 1.373564526702671262e+00 7.443099964693645987e+00 9.029258336982700712e+03
1.706862752470877240e+03 1.863400403289590779e+00 7.475650779265698098e+00 9.029259423709378098e+03
1.669309779123484986e+03 1.924727135058062366e+00 7.484945204863719503e+00 9.029259687840238257e+03
1.952836892943992552e+03 1.269997397670427297e+00 7.440158028477520169e+00 9.029260112664864209e+03
1.581237765151312487e+03 2.044493062863972810e+00 7.485114673577149880e+00 9.029260371134161687e+03
1.628311788310178144e+03 2.016769088644134289e+00 7.474869175732703930e+00 9.029260543208392846e+03
1.643480893452358032e+03 1.846545941680336922e+00 7.467684917697902769e+00 9.029260605836012473e+03
1.579936135370692227e+03 2.021713682467106921e+00 7.432896694543597249e+00 9.029260811085539899e+03
1.809020237506409103e+03 1.624004676101280520e+00 7.468258740975939780e+00 9.029261227980876356e+03
1.730871938661299282e+03 1.772086910567267193e+00 7.467882655707629880e+00 9.029263160088727091e+03
1.907565934147692587e+03 1.403060162933338129e+00 7.467763082395048713e+00 9.029263858163008990e+03
1.898625562663466781e+03 1.584865723789870895e+00 7.476711068198551580e+00 9.029263996314581163e+03
1.944316225894027866e+03 1.411434327638328767e+00 7.472733624437520206e+00 9.029264098518342507e+03
1.872575430352806961e+03 1.583004872511192040e+00 7.442951683449958722e+00 9.029264200592881025e+03
1.591415475467987790e+03 2.071651856870303732e+00 7.472417396960802982e+00 9.029264353063235831e+03
1.742478260076507922e+03 1.720711340278782808e+00 7.473354036332904293e+00 9.029265056564541737e+03
1.805594934951642699e+03 1.604206391159032297e+00 7.490636527826363356e+00 9.029265353607555880e+03
1.551653144680290552e+03 2.145546978214049716e+00 7.478297660232486876e+00 9.029265507290288951e+03
1.996039037823473336e+03 1.288239249697803457e+00 7.476776903284048537e+00 9.029265826109343834e+03
1.839819247664960358e+03 1.561852930994499733e+00 7.470289530459222505e+00 9.029266604129281404e+03
1.627455904228504778e+03 2.040727880233204949e+00 7.482107393810274232e+00 9.029266817594971144e+03
1.770891096772157653e+03 1.659085504544959289e+00 7.470532962525545884e+00 9.029266932016184001e+03
1.983450369783514134e+03 1.296544448690738260e+00 7.462963656349432817e+00 9.029266971680579445e+03
1.970251739891077932e+03 1.383849228968727862e+00 7.430003332903053703e+00 9.029268136458847948e+03
1.934363599796912240e+03 1.391202768756877095e+00 7.463928985375085645e+00 9.029268827571810107e+03
1.579504485897691438e+03 2.174627236319306434e+00 7.470484009903068490e+00 9.029269467230349619e+03
1.993266321754721957e+03 1.312612164231033329e+00 7.451843788042379124e+00 9.029269821570080239e+03
1.502139161079211135e+03 2.257193756740999646e+00 7.478907784507996759e+00 9.029269827375075693e+03
1.668806574257296916e+03 1.872109439664605413e+00 7.474260260735215766e+00 9.029271304317044269e+03
1.526590788901215092e+03 2.166425913010284532e+00 7.443074663458651763e+00 9.029272044025556170e+03
1.545923248618276375e+03 2.140386660643437633e+00 7.477631603697454388e+00 9.029272473491682831e+03
1.785352977294840457e+03 1.711839432305773290e+00 7.455146187918264999e+00 9.029273748434570734e+03
1.761961002519795784e+03 1.773341309048086512e+00 7.466894031933783538e+00 9.029274283055270644e+03
1.956176401970494226e+03 1.318450490496661853e+00 7.446192046057583447e+00 9.029274840540034347e+03
1.655065502238023100e+03 1.847574966452454559e+00 7.494123566682810988e+00 9.029275250593047531e+03
1.897560082794935170e+03 1.460723681775097260e+00 7.468419637118569376e+00 9.029276269353795215e+03
1.886367050393244881e+03 1.459813384385786561e+00 7.445601775668430733e+00 9.029276501722677494e+03
1.524517052258139529e+03 2.261270103558809197e+00 7.500224682916445396e+00 9.029276684607266361e+03
1.618877827748894788e+03 2.004184907564731333e+00 7.467948075298892263e+00 9.029276849587158722e+03
1.640258586620461983e+03 1.891670994228611402e+00 7.477513156201581523e+00 9.029276913341296677e+03
1.941447042391410378e+03 1.366030102863170947e+00 7.452842831583730288e+00 9.029276949497829264e+03
1.863198498464605109e+03 1.513682258165507832e+00 7.488150286119006793e+00 9.029277602332687820e+03
1.808783198481508407e+03 1.604212195865666768e+00 7.470809507546473327e+00 9.029278102846932597e+03
1.633468404994163848e+03 1.879232935990899245e+00 7.442830594108582609e+00 9.029279802371518599e+03
1.559767236082029513e+03 2.134981134017639448e+00 7.473725444733756440e+00 9.029280301454393339e+03
1.933777009912446374e+03 1.438554311505117589e+00 7.466700797168662085e+00 9.029280765449133469e+03
1.969600755801146306e+03 1.371520174514359258e+00 7.448861186124651645e+00 9.029281280961386074e+03
1.832600506370642734e+03 1.633789238103564134e+00 7.473709308297736165e+00 9.029281991292851671e+03
1.994809467527935112e+03 1.309139292206724647e+00 7.461639887850160413e+00 9.029282442766665554e+03
1.505503095155905839e+03 2.199479962596526672e+00 7.439644702713659186e+00 9.029283645603172772e+03
1.862602958518010382e+03 1.541232210429386074e+00 7.475336744692722135e+00 9.029284040430449750e+03
1.789672632822971536e+03 1.558343127966347552e+00 7.454456043285695444e+00 9.029285406405768299e+03
1.809644043962641035e+03 1.648865882949461570e+00 7.455536258883969758e+00 9.029286082202546822e+03
1.557519363699266250e+03 2.109921392616780800e+00 7.457916156948953379e+00 9.029286825004382990e+03
1.734092093874975035e+03 1.812315006528054218e+00 7.449906139425598539e+00 9.029287478375477804e+03
1.946934107187102200e+03 1.446553352969111916e+00 7.467248255460663842e+00 9.029288338360413036e+03
1.694276847476831108e+03 1.873061061339205358e+00 7.464824222115249874e+00 9.029288605475367149e+03
1.555466683528673684e+03 2.056670417517771021e+00 7.438424967061479265e+00 9.029290996668374646e+03
1.716630633290792503e+03 1.832684749540123947e+00 7.457622942634676733e+00 9.029291103458168436e+03
1.575099309672255231e+03 2.091399488858311173e+00 7.451270993408674492e+00 9.029291342727841766e+03
1.781817146426358704e+03 1.548978740972902779e+00 7.487064514167307117e+00 9.029291781700445426e+03
1.788246393062461948e+03 1.653745795800150242e+00 7.440757045015820026e+00 9.029292066594434800e+03
1.727660387690444622e+03 1.783556666381960198e+00 7.451215505393767202e+00 9.029293104838705403e+03
1.828146176909657243e+03 1.662744679433351136e+00 7.440725889677231919e+00 9.029293193183721087e+03
1.970155400584902964e+03 1.400292889163734955e+00 7.455336946919785213e+00 9.029293265015001452e+03
1.855937886442160561e+03 1.485936564064668231e+00 7.434968057968572630e+00 9.029293936121475781e+03
1.742000127617302041e+03 1.797287575034141272e+00 7.471741426072750158e+00 9.029294421616346881e+03
1.572554181534970212e+03 2.146485742592419754e+00 7.435922853471076621e+00 9.029294480301554358e+03
1.579421161699481218e+03 2.124712435004229238e+00 7.436196120238642848e+00 9.029295142435274101e+03
1.789130678338993903e+03 1.638380056101840676e+00 7.452480911409769426e+00 9.029295161082109189e+03
1.505259545167945134e+03 2.311254854490179866e+00 7.457757103875394478e+00 9.029295234983006594e+03
1.755608690673442879e+03 1.750894050409189218e+00 7.463256651366748429e+00 9.029295842289096981e+03
1.870811527176598247e+03 1.563284099149202078e+00 7.462251246448983188e+00 9.029295979205160620e+03
1.660777541555801463e+03 1.998671664223491851e+00 7.468209589675453230e+00 9.029296455894624160e+03
1.859185067363136341e+03 1.521122499955788410e+00 7.473845424913121427e+00 9.029296779131138464e+03
1.824756529395890993e+03 1.643805415726367292e+00 7.458167662212107807e+00 9.029297779027761862e+03
1.635540086010365258e+03 1.985246415108500750e+00 7.463144134855979495e+00 9.029297892395796225e+03
1.709962742696587384e+03 1.778755138997313079e+00 7.464294875652725203e+00 9.029298168087971135e+03
1.845472245307983940e+03 1.625191125368403489e+00 7.450906314566252853e+00 9.029299419049122662e+03
1.730005746696843971e+03 1.710791323209658765e+00 7.493703787934372862e+00 9.029299849935863676e+03
1.863750849357943707e+03 1.471794174160294233e+00 7.472244367521300390e+00 9.029300119331652240e+03
1.738338470565744956e+03 1.817134236275379733e+00 7.476451035936435119e+00 9.029300172867915535e+03
1.502303143185670933e+03 2.402060527233832232e+00 7.472641827494414635e+00 9.029300613492920093e+03
1.966409746166045579e+03 1.354780600256206835e+00 7.453292492069103048e+00 9.029300968763709534e+03
1.915021141326121096e+03 1.403245747866686655e+00 7.445482260648620176e+00 9.029301246186529170e+03
1.785955320467004867e+03 1.667583443128515697e+00 7.468144531642411543e+00 9.029301460205588228e+03
1.970749763171289715e+03 1.297527696082544812e+00 7.485878063401240290e+00 9.029301499994351616e+03
1.841687207549948198e+03 1.547073923608099477e+00 7.457362017506807383e+00 9.029302290032481324e+03
1.978887837830892749e+03 1.314094540332693795e+00 7.458263270802725664e+00 9.029303972676283593e+03
1.501576229732758748e+03 2.243092288566444381e+00 7.478461241564831496e+00 9.029303981807368473e+03
1.856254020553954433e+03 1.422932007476813476e+00 7.447793348455968854e+00 9.029304020010720706e+03
1.884235754815342943e+03 1.511948204223215519e+00 7.468861182670770482e+00 9.029304055524156865e+03
1.964657773941921278e+03 1.387990817119167053e+00 7.484948127412105023e+00 9.029306549919829195e+03
1.666094339154996533e+03 1.861930285640204685e+00 7.501427630839801353e+00 9.029306996301453182e+03
1.860144180279578222e+03 1.521593705977460464e+00 7.431695742164809104e+00 9.029308232092533217e+03
1.857338747671814644e+03 1.524959552649168604e+00 7.488066555974861593e+00 9.029308267450884159e+03
1.892570755117994167e+03 1.425566739137673178e+00 7.467379042960849311e+00 9.029308409920527993e+03
1.853731142475529623e+03 1.523835293995095652e+00 7.472600165427137675e+00 9.029308579666645528e+03
1.826483821228986926e+03 1.521045164785803872e+00 7.458533580002020713e+00 9.029308820913511227e+03
1.590954192754151109e+03 2.049618198707339189e+00 7.479525903639962614e+00 9.029308932544923664e+03
1.847606326292014273e+03 1.518325932767758957e+00 7.451782551470672367e+00 9.029309766953543658e+03
1.986618234506348927e+03 1.358063234524633511e+00 7.495236160035558370e+00 9.029309952578934826e+03
1.872575430352806961e+03 1.583004872511192040e+00 7.442951683449958722e+00 9.029310252105324253e+03
1.734261006393569005e+03 1.817531159316518874e+00 7.461082806143380708e+00 9.029310898054876816e+03
1.676581549510807690e+03 1.877871396093444556e+00 7.426053826477621023e+00 9.029311664897699302e+03
1.645509140953416136e+03 1.992468204080797500e+00 7.450273065733212796e+00 9.029312055016047452e+03
1.714522953412280458e+03 1.832333805760069101e+00 7.466083344458186666e+00 9.029312470703378494e+03
1.677169949930691018e+03 1.848117308913135304e+00 7.463113120748639417e+00 9.029313190104898240e+03
1.817961173411145865e+03 1.561545578292172554e+00 7.461974273256734236e+00 9.029313765992194021e+03
1.722194543142829843e+03 1.813819455130619041e+00 7.483807656536844988e+00 9.029313834306572971e+03
1.670158422033984607e+03 1.911244827196631357e+00 7.477261506139946334e+00 9.029314400531096908e+03
1.613329283275169473e+03 2.047505155512089559e+00 7.447133269264297972e+00 9.029314485310556847e+03
1.992442250491489176e+03 1.332610191843219827e+00 7.486067900740597025e+00 9.029314534642540821e+03
1.735121533378744061e+03 1.666828892987719080e+00 7.465020023841118402e+00 9.029315313040442561e+03
1.591843225878588783e+03 2.045743634313668124e+00 7.461664871062788862e+00 9.029315370943919334e+03
1.871109571294699890e+03 1.554147370574020082e+00 7.461335976296576966e+00 9.029315450303351099e+03
1.903542653860715291e+03 1.520089461888075144e+00 7.448609108792036082e+00 9.029315908647024116e+03
1.789153846613073938e+03 1.684262648841639898e+00 7.460427630439611768e+00 9.029316578302423295e+03
1.701443227447133268e+03 1.863213809391899733e+00 7.479455620476000988e+00 9.029317698700486289e+03
1.751767005975140819e+03 1.700534450036192968e+00 7.467979642434253940e+00 9.029317821245151208e+03
1.545370676698048328e+03 2.226921988920064877e+00 7.459567817433814696e+00 9.029317932725345599e+03
1.745836125362847724e+03 1.736122227914728811e+00 7.494334745039704870e+00 9.029318891348137186e+03
1.707917750113478860e+03 1.895337389318560106e+00 7.477720421057550304e+00 9.029318995272011307e+03
1.905704277816600097e+03 1.487931836792853346e+00 7.482222599679479558e+00 9.029319090557441086e+03
1.867147974035122388e+03 1.575070411711545937e+00 7.454791315601847934e+00 9.029319143880436968e+03
1.567580053623530603e+03 2.048639618101201876e+00 7.453797553145215637e+00 9.029319177928544377e+03
1.628940712807009049e+03 2.057623114172157486e+00 7.489433540161231306e+00 9.029319229769072990e+03
1.721522061462097099e+03 1.844434684084881315e+00 7.452608207758178338e+00 9.029320529491980778e+03
1.686755735333936400e+03 1.824571659498100074e+00 7.460256040882236483e+00 9.029320685750921257e+03
1.628431835714745603e+03 1.907358651005785832e+00 7.447900556195380162e+00 9.029321541814875673e+03
1.700465037954420495e+03 1.908992026033706990e+00 7.490903867889505463e+00 9.029322143504274209e+03
1.712296164352613005e+03 1.869856695365067267e+00 7.474299560626639582e+00 9.029322431310778484e+03
1.713774032685308384e+03 1.743570181933887797e+00 7.452070707918450942e+00 9.029323141677476087e+03
1.919266507478961785e+03 1.378774397777924321e+00 7.442761412510990660e+00 9.029323266029992737e+03
1.773098421317538623e+03 1.732374438615043477e+00 7.437311477346252531e+00 9.029323897257732824e+03
1.585223757269293174e+03 2.251099904673438346e+00 7.443771118642453999e+00 9.029324515215090287e+03
1.788420348428590160e+03 1.629970613363534104e+00 7.475908844602119352e+00 9.029324833930448222e+03
1.634612016483703428e+03 1.938375203650448686e+00 7.445141387261294597e+00 9.029324967632643165e+03
1.666982240869701172e+03 1.893332727859236897e+00 7.447144902900342700e+00 9.029325694409300922e+03
1.771195809930951782e+03 1.630243434548907189e+00 7.463487693367723885e+00 9.029325796106673806e+03
1.781278515424717170e+03 1.669155476355681289e+00 7.471374936558617286e+00 9.029325835904492124e+03
1.907565934147692587e+03 1.403060162933338129e+00 7.467763082395048713e+00 9.029326248391500485e+03
1.655626008342241221e+03 2.025461605878978055e+00 7.463232596794120433e+00 9.029326440234561233e+03
1.670753761666692299e+03 1.960644627515135019e+00 7.470309116367491953e+00 9.029326855175970195e+03
1.686755735333936400e+03 1.824571659498100074e+00 7.460256040882236483e+00 9.029327015525102979e+03
1.975704757202492601e+03 1.362737015057339462e+00 7.460730892939780645e+00 9.029327306507448156e+03
1.568707010624296345e+03 2.100019360234422372e+00 7.465814285841608999e+00 9.029327676494141997e+03
1.713981168171939771e+03 1.815696320825826993e+00 7.459636168562862935e+00 9.029328305093642484e+03
1.983881341016064425e+03 1.319647853264942716e+00 7.447707184217088994e+00 9.029329664276479889e+03
1.998439743128749797e+03 1.238650914865086383e+00 7.468920472231162400e+00 9.029329903961299351e+03
1.652290644427737107e+03 1.915924685469986288e+00 7.465780493639019078e+00 9.029330371340784041e+03
1.645396941047158634e+03 1.969363194438586984e+00 7.474251569202013279e+00 9.029331421968643554e+03
1.744365496661664338e+03 1.762267805089491768e+00 7.471276785880045068e+00 9.029331457581984068e+03
1.554220854736550791e+03 2.186122461419770957e+00 7.456650278134153709e+00 9.029332175156681842e+03
1.515201097754863213e+03 2.282159906001190564e+00 7.477098397634629912e+00 9.029332196998911968e+03
1.710830899172231511e+03 1.827917957249752146e+00 7.477363705224027157e+00 9.029332416234175980e+03
1.520057651812644735e+03 2.191663323748672454e+00 7.475256085928680960e+00 9.029332990504677582e+03
1.642117464613095990e+03 1.855498244667468155e+00 7.487833485409989720e+00 9.029333031515749099e+03
1.523695023694559950e+03 2.232621455257444154e+00 7.445624486134322595e+00 9.029333630609733518e+03
1.990422375991133777e+03 1.294053693321474130e+00 7.463187474206002037e+00 9.029334449042960841e+03
1.562238307822389743e+03 2.149926181978442763e+00 7.476095792360612613e+00 9.029335493266638878e+03
1.982077824321662320e+03 1.303697248493653760e+00 7.472702885976705289e+00 9.029335691677619252e+03
1.721773173035523769e+03 1.782014962156883486e+00 7.438240252627882576e+00 9.029335850091698376e+03
1.609272061242036443e+03 2.101404739598822680e+00 7.508161185863030163e+00 9.029335984205776185e+03
1.984293300996288281e+03 1.305797774057772642e+00 7.450557767554906619e+00 9.029336585220215056e+03
1.906038971356827915e+03 1.532942628704601296e+00 7.445547845672882303e+00 9.029336817107836396e+03
1.707917750113478860e+03 1.895337389318560106e+00 7.477720421057550304e+00 9.029337405517822845e+03
1.886655622666419276e+03 1.479538135451388570e+00 7.480477112150913932e+00 9.029337929129644181e+03
1.922570747722655597e+03 1.350412553697386997e+00 7.459092077257380105e+00 9.029338031865840094e+03
1.952118374406391013e+03 1.368544357099774400e+00 7.455947449235819313e+00 9.029338180898017526e+03
1.916786405359909850e+03 1.456533050060886847e+00 7.448118098466121495e+00 9.029338326871853496e+03
1.591277274199279418e+03 2.142171595234996229e+00 7.448616460623251001e+00 9.029338696265895123e+03
1.527707117944708443e+03 2.198297572145659018e+00 7.460762064590323206e+00 9.029338779322655682e+03
1.753419779211612422e+03 1.698470532224829688e+00 7.455358234723648003e+00 9.029340409316198929e+03
1.924147120837703142e+03 1.504080758963698861e+00 7.458064340202246179e+00 9.029341708016803750e+03
1.606494666610976537e+03 2.035656279668646818e+00 7.477202792798139264e+00 9.029341798780062163e+03
1.926189491568735320e+03 1.442700166971798259e+00 7.459117591233911604e+00 9.029341838220594582e+03
1.935643102213424754e+03 1.413240917308193012e+00 7.446591026944048508e+00 9.029341852986084632e+03
1.706124788915908312e+03 1.859509067213170441e+00 7.457181599998487620e+00 9.029341950709649609e+03
1.810392998991609602e+03 1.640463031077649347e+00 7.458736468613511583e+00 9.029343089155721827e+03
1.518208392153035220e+03 2.197311527174941048e+00 7.468207226492286743e+00 9.029343455282709328e+03
1.810590845546352284e+03 1.513482633718116199e+00 7.482517896711951444e+00 9.029343880503289256e+03
1.884954612931908741e+03 1.582557899346617614e+00 7.456415623594193853e+00 9.029343966098178498e+03
1.740410910420868731e+03 1.674513348083894293e+00 7.471070059363055016e+00 9.029344438086398441e+03
1.677169949930691018e+03 1.848117308913135304e+00 7.463113120748639417e+00 9.029344499398757762e+03
1.998718596722855864e+03 1.232438528605743322e+00 7.473920746457410225e+00 9.029344833248338546e+03
1.748323603424178373e+03 1.793291046099586117e+00 7.470205665242755977e+00 9.029346247968673197e+03
1.855937886442160561e+03 1.485936564064668231e+00 7.434968057968572630e+00 9.029346424067411135e+03
1.765090367027715274e+03 1.648003578047679829e+00 7.463675916147316514e+00 9.029346679440157459e+03
1.771535277296926779e+03 1.691766574472779006e+00 7.442438103116028714e+00 9.029348063528701459e+03
1.694968744012393927e+03 1.890065972415843287e+00 7.466034819300539915e+00 9.029348279992987955e+03
1.911583000081281853e+03 1.442828840393191259e+00 7.477032723159551253e+00 9.029348415137072152e+03
1.950346121507820044e+03 1.375461865799845196e+00 7.469981871439147270e+00 9.029348572165215955e+03
1.518564229737775122e+03 2.322916278963944592e+00 7.477403003122119252e+00 9.029349404278078509e+03
1.766522537118559512e+03 1.679480882170014011e+00 7.462934189459814682e+00 9.029349941909018526e+03
1.777815545560685223e+03 1.676409499020972804e+00 7.465636642872877538e+00 9.029350039984054092e+03
1.631534020785770736e+03 1.968234145154611703e+00 7.463602600752587968e+00 9.029351234138668588e+03
1.806214768017002370e+03 1.590491915566365488e+00 7.483520166971386445e+00 9.029351393606541023e+03
1.959835677618624686e+03 1.440076509290823203e+00 7.461159022759965787e+00 9.029351397810354683e+03
1.625191809773865771e+03 1.997208516841907588e+00 7.459375807317482732e+00 9.029351990761331763e+03
1.583237840025783726e+03 2.110312107565019524e+00 7.453358229144980918e+00 9.029352058384640259e+03
1.518996224440244987e+03 2.214256855727798623e+00 7.463446178600471548e+00 9.029353053858761996e+03
1.585902211760044111e+03 2.080372374292006832e+00 7.453638788658039971e+00 9.029354168278136058e+03
1.517827781952564010e+03 2.236599070557730329e+00 7.489825668601045372e+00 9.029354210314160810e+03
1.819658458643745462e+03 1.607513552527934930e+00 7.449369496080654685e+00 9.029354304189226241e+03
1.646383143599203777e+03 1.876764393987513158e+00 7.466128413425647814e+00 9.029354483019071267e+03
1.998765987705811767e+03 1.226437117514333597e+00 7.461729078758986056e+00 9.029354942039268280e+03
1.683726466634821918e+03 1.872723576809855350e+00 7.458754426455350917e+00 9.029355081823136061e+03
1.804292224198336953e+03 1.672861750653369173e+00 7.443207717448227179e+00 9.029355382873980489e+03
1.839133849444457610e+03 1.620634309043044397e+00 7.480400603374297575e+00 9.029355473290013833e+03
1.646346926122117566e+03 1.889803660206345493e+00 7.438724219805900262e+00 9.029355845167880034e+03
1.687309864438509976e+03 1.855620180359896176e+00 7.454739092552139290e+00 9.029356017774602151e+03
1.749578463834981449e+03 1.719133906073868623e+00 7.496520271083664255e+00 9.029356737276393687e+03
1.693660816465020162e+03 1.833532744156002536e+00 7.449388659720152184e+00 9.029356824905797112e+03
1.603191077670256846e+03 1.935387036990882770e+00 7.473407223156140589e+00 9.029357062326955202e+03
1.581246929485296505e+03 2.037200918696784768e+00 7.473696956824218418e+00 9.029357286607020797e+03
1.998183307555308147e+03 1.270395439734276488e+00 7.467983415340890829e+00 9.029357354048699563e+03
1.713192753453364958e+03 1.805518112553103238e+00 7.481442989600526339e+00 9.029358006208212828e+03
1.838045152385748452e+03 1.625140474879367636e+00 7.458962046919255684e+00 9.029358114214359375e+03
1.680742334338929140e+03 1.897300776311912296e+00 7.480191057179916392e+00 9.029359200100976523e+03
1.688009247664053191e+03 1.871051368715365149e+00 7.467147887163307018e+00 9.029359568486002900e+03
1.998782973360977394e+03 1.310557845585301751e+00 7.469803981568742479e+00 9.029360311515511057e+03
1.610318099443021083e+03 2.048789094441232805e+00 7.465142469629902244e+00 9.029360353909816695e+03
1.529141056093776115e+03 2.192410767780827108e+00 7.465763649681814051e+00 9.029360430211201674e+03
1.518008946234299628e+03 2.273223800741072331e+00 7.485890473800184353e+00 9.029360478224669350e+03
1.897577451934017290e+03 1.580252534464631431e+00 7.434309532173133839e+00 9.029360482497453631e+03
1.809711028726877885e+03 1.601505283325916906e+00 7.463595459425134138e+00 9.029360638763337192e+03
1.558753597654221039e+03 2.105479775770466411e+00 7.460450451277916173e+00 9.029360762449567119e+03
1.761421198243380559e+03 1.713656982832944875e+00 7.497588775685928297e+00 9.029360835854557081e+03
1.699823065373539066e+03 1.866291767373077004e+00 7.477243765164321765e+00 9.029360943586107169e+03
1.694641859024326550e+03 1.917580594617409373e+00 7.451302887313364209e+00 9.029361176035343306e+03
1.922471494177378190e+03 1.406426563223172055e+00 7.452866205087941509e+00 9.029361589005491624e+03
1.789153846613073938e+03 1.684262648841639898e+00 7.460427630439611768e+00 9.029361904259372750e+03
1.772945225315708512e+03 1.586130940684656654e+00 7.474461701516466050e+00 9.029361920994666434e+03
1.572554181534970212e+03 2.146485742592419754e+00 7.435922853471076621e+00 9.029362211781564838e+03
1.970928408840935845e+03 1.324066690576213734e+00 7.460276933017062184e+00 9.029362237879024178e+03
1.553413660377048473e+03 2.148592830765501560e+00 7.445735895736125265e+00 9.029363061998918056e+03
1.681516516714514182e+03 1.884488012007525581e+00 7.438283027761569244e+00 9.029363622235056027e+03
1.572823218065645051e+03 2.030177389537900723e+00 7.424637884253941778e+00 9.029363626592999935e+03
1.767297084391203271e+03 1.755137515949358962e+00 7.458657351406065672e+00 9.029364035279717427e+03
1.957754658700446271e+03 1.352842603928538390e+00 7.464918561509020556e+00 9.029364242328570981e+03
1.914276519962410930e+03 1.507468101048555109e+00 7.437831550141370762e+00 9.029364388665024308e+03
1.791668089828911434e+03 1.630062766768841653e+00 7.457873163850949005e+00 9.029364475970627609e+03
1.905282888337548229e+03 1.527276094678585716e+00 7.461788569205042521e+00 9.029364596563187661e+03
1.655889156496212763e+03 1.956216853528176536e+00 7.467809319427563430e+00 9.029364833133948196e+03
1.671383320145752805e+03 1.972137922276298250e+00 7.466416464344381332e+00 9.029366139130715965e+03
1.841646332062962756e+03 1.498117579697092028e+00 7.479274395790630692e+00 9.029366377241034570e+03
1.984457271493386088e+03 1.247490205461188939e+00 7.503685898868767801e+00 9.029367000715577888e+03
1.941447876789998872e+03 1.384764632671680484e+00 7.465299788616852616e+00 9.029367636032524388e+03
1.796121896283878641e+03 1.655780882656200159e+00 7.484046351175701162e+00 9.029367868312958308e+03
1.949766509879754949e+03 1.384784999181342124e+00 7.470844059674283777e+00 9.029367958146211095e+03
1.603322577353336783e+03 2.047892156176589928e+00 7.457784222358440296e+00 9.029367958985545556e+03
1.951449552229570145e+03 1.417009289570890118e+00 7.453694862760481321e+00 9.029368016704591355e+03
1.642441131705325006e+03 1.986095464352078732e+00 7.461235916796154832e+00 9.029369892618728045e+03
1.955893629256323038e+03 1.305217242547422885e+00 7.473735233382829968e+00 9.029370377725439539e+03
1.781638477434873266e+03 1.691258368302856363e+00 7.445490133362201668e+00 9.029371342859123615e+03
1.739763412180654541e+03 1.799175154403820587e+00 7.432636609453235899e+00 9.029372135337827785e+03
1.727520044874536325e+03 1.812490395038271362e+00 7.473815045871020857e+00 9.029372343958504644e+03
1.807052820606603746e+03 1.650055839879433828e+00 7.431733772320456843e+00 9.029373383522135555e+03
1.649900292295345707e+03 2.003497202592579018e+00 7.462309347630651679e+00 9.029373574122750142e+03
1.841167405832615259e+03 1.548058501259960584e+00 7.464856762941265877e+00 9.029375287818505967e+03
1.936925221942785583e+03 1.341504064003307573e+00 7.456349448834832749e+00 9.029375452325422884e+03
1.593206739047670453e+03 2.217134814243495455e+00 7.460985448786252583e+00 9.029375489639238367e+03
1.538763644347393210e+03 2.155043633407551784e+00 7.468220479377330356e+00 9.029376130509494033e+03
1.997581430241986709e+03 1.336328457608806586e+00 7.465602527728872673e+00 9.029376549715676447e+03
1.930724539469663796e+03 1.463655433550886897e+00 7.473476650210162830e+00 9.029376829171669669e+03
1.556637208016393060e+03 2.163375878696253807e+00 7.482242857388587076e+00 9.029377156454063879e+03
1.804292224198336953e+03 1.672861750653369173e+00 7.443207717448227179e+00 9.029377216330849478e+03
1.680373165945835353e+03 1.878530231833346775e+00 7.481107320789238457e+00 9.029378257362634031e+03
1.660777541555801463e+03 1.998671664223491851e+00 7.468209589675453230e+00 9.029378259008188252e+03
1.826343892565686929e+03 1.623304152413122203e+00 7.476286453793439257e+00 9.029378453775652815e+03
1.771330506696394423e+03 1.589912956490453722e+00 7.460153797200411496e+00 9.029378531936461513e+03
1.679733304576953742e+03 1.941532779916151030e+00 7.466312747426982810e+00 9.029378958632081776e+03
1.597314290687121684e+03 2.126920714927292622e+00 7.485249201298206145e+00 9.029379704565712018e+03
1.586746328557377865e+03 2.065208664145848694e+00 7.444246132903038493e+00 9.029379757956383401e+03
1.680231670509089554e+03 1.849842657749143804e+00 7.464121348459158867e+00 9.029379936909657772e+03
1.575434405227218576e+03 2.028526222554942748e+00 7.491477177879525939e+00 9.029379952576826327e+03
1.819658458643745462e+03 1.607513552527934930e+00 7.449369496080654685e+00 9.029380216869289143e+03
1.544913992583652771e+03 2.210588043426936267e+00 7.469291290921725057e+00 9.029382038721381832e+03
1.602492967756059898e+03 2.051093364424970922e+00 7.443280166754464133e+00 9.029382422783106449e+03
1.960927106183839214e+03 1.333506357469393944e+00 7.490080217320513434e+00 9.029382459823307727e+03
1.603771203508925964e+03 2.073272435708582329e+00 7.455009109919608967e+00 9.029382596262312290e+03
1.713000705493135229e+03 1.818330637339062861e+00 7.462861856714507525e+00 9.029382652752421563e+03
1.623115212555170956e+03 1.921951591383215918e+00 7.466236360328972310e+00 9.029383549028860216e+03
1.747585610921093803e+03 1.760566562751417097e+00 7.446546427182142658e+00 9.029383581021511418e+03
1.563472584262967302e+03 2.124539168747515916e+00 7.468267867690200568e+00 9.029384270091346480e+03
1.532707259512190376e+03 2.201792387419921226e+00 7.478031990141920993e+00 9.029384851838804025e+03
1.629765306141852534e+03 2.026061849615604871e+00 7.459153685109508380e+00 9.029384941004904249e+03
1.879556965288035599e+03 1.588731608512117255e+00 7.444728722521873898e+00 9.029385186022451308e+03
1.653210448945287681e+03 1.915099278410567818e+00 7.461247773257820626e+00 9.029385781585295263e+03
1.657727647484302906e+03 1.944579526714990125e+00 7.502259949268169414e+00 9.029385801873851960e+03
1.940193924695226769e+03 1.439716429916283902e+00 7.460152088590613850e+00 9.029386135804819787e+03
1.948240358304183246e+03 1.335095896563232687e+00 7.474566622281492378e+00 9.029386422291598137e+03
1.776788292697686529e+03 1.643030246189701726e+00 7.456872228197692465e+00 9.029386735483272787e+03
1.715798983292891080e+03 1.831375789087805739e+00 7.439012449877741240e+00 9.029387142346842666e+03
1.804292224198336953e+03 1.672861750653369173e+00 7.443207717448227179e+00 9.029387302050638027e+03
1.913322696919187365e+03 1.436199065318439105e+00 7.471077080602772647e+00 9.029387779679223968e+03
1.740367294744695982e+03 1.788509344366446596e+00 7.471840867380266538e+00 9.029388312713008418e+03
1.965692783668090897e+03 1.290297151719643542e+00 7.474986923172575182e+00 9.029389088206791712e+03
1.680373165945835353e+03 1.878530231833346775e+00 7.481107320789238457e+00 9.029389826212880507e+03
1.603191077670256846e+03 1.935387036990882770e+00 7.473407223156140589e+00 9.029390670595363190e+03
1.863198498464605109e+03 1.513682258165507832e+00 7.488150286119006793e+00 9.029390728627093267e+03
1.944195954555466869e+03 1.446819609110223226e+00 7.481793239829546138e+00 9.029390988443248716e+03
1.567970269288516420e+03 2.169679497770243159e+00 7.447211738687476767e+00 9.029391021143428588e+03
1.983937526986681860e+03 1.349805073864349891e+00 7.466121051960314503e+00 9.029391898674821277e+03
1.835759857461648608e+03 1.589795266382828309e+00 7.459938482798989412e+00 9.029392137886416094e+03
1.742909495834725931e+03 1.766909354722565384e+00 7.476332342842182399e+00 9.029392526312734844e+03
1.986259331664381307e+03 1.348145003976555456e+00 7.436675121260937438e+00 9.029392615538095924e+03
1.549561253763991772e+03 2.127524063955872347e+00 7.464399066527778182e+00 9.029393187446929005e+03
1.610191117438638912e+03 1.929562502665480128e+00 7.470495223143759134e+00 9.029393766570781736e+03
1.579504485897691438e+03 2.174627236319306434e+00 7.470484009903068490e+00 9.029393926762348201e+03
1.724888892493626827e+03 1.692144600661281695e+00 7.486660727472932209e+00 9.029394105224164377e+03
1.708356183373001841e+03 1.851246461496608875e+00 7.450499263586960907e+00 9.029394122095209241e+03
1.644235973426850478e+03 1.932746617442493209e+00 7.465493042742043173e+00 9.029394435333479123e+03
1.961057710556985285e+03 1.301197723469560863e+00 7.474044169398446513e+00 9.029394643411418656e+03
1.656830995920770420e+03 1.957302350223741216e+00 7.474334890995358194e+00 9.029394857909548591e+03
1.616342433951789872e+03 1.958479388901404494e+00 7.471328081170846680e+00 9.029395308167282565e+03
1.637377551749114673e+03 1.955342436752800950e+00 7.464504368871673456e+00 9.029395350053855509e+03
1.623115212555170956e+03 1.921951591383215918e+00 7.466236360328972310e+00 9.029396403069975349e+03
1.549295392289844131e+03 2.145028053082829622e+00 7.437729431528919299e+00 9.029396685423433155e+03
1.975656623532541289e+03 1.268426287635704863e+00 7.489928828147569995e+00 9.029396747119995780e+03
1.946055680868592844e+03 1.391871643356512367e+00 7.473822582072712883e+00 9.029396857771109353e+03
1.716534052647083627e+03 1.878987992007161267e+00 7.477137734161001248e+00 9.029396910138872045e+03
1.949409471247709689e+03 1.375666831054574102e+00 7.463328684606984176e+00 9.029397178036901096e+03
1.574718625025668189e+03 2.029040897203443272e+00 7.461958366555811573e+00 9.029397554074968866e+03
1.993872044356356582e+03 1.282737603614235944e+00 7.495243330721159225e+00 9.029398460725460609e+03
1.599399888854163464e+03 1.859231162321205888e+00 7.447162977758974733e+00 9.029399086220237223e+03
1.512164221413283030e+03 2.281540082088486798e+00 7.485209313901665773e+00 9.029399158552065273e+03
1.743920190894105190e+03 1.753870617354114536e+00 7.480555648743218988e+00 9.029399214101427788e+03
1.990860570359309122e+03 1.376668142217786217e+00 7.442920498150388475e+00 9.029400110902381130e+03
1.973072210029669804e+03 1.326723401154383364e+00 7.471204293463416413e+00 9.029400275544972828e+03
1.888518322121445863e+03 1.508087203047340896e+00 7.464814547277724976e+00 9.029400612082094085e+03
1.992331263021320410e+03 1.259652202132292231e+00 7.490800476277575726e+00 9.029400863194647172e+03
1.668869319039157517e+03 1.871364436747744442e+00 7.464916799758695376e+00 9.029401373541635621e+03
1.690288974943544872e+03 1.857145576324928049e+00 7.447660687530554213e+00 9.029401689175536376e+03
1.675847489168886113e+03 1.876846110333977746e+00 7.477296076855441953e+00 9.029402471372117361e+03
1.694053253932958341e+03 1.976434361682809060e+00 7.449746163839868096e+00 9.029402631865072181e+03
1.999679327854221128e+03 1.238900157512730749e+00 7.486771076690789783e+00 9.029402748573496865e+03
1.959212455288157798e+03 1.412168557598534768e+00 7.447416494428809486e+00 9.029402913294170503e+03
1.657727647484302906e+03 1.944579526714990125e+00 7.502259949268169414e+00 9.029403087373524613e+03
1.750454650316140260e+03 1.754997008586512086e+00 7.485523925640291232e+00 9.029403138644962382e+03
1.545862817942532729e+03 2.203604167067899855e+00 7.454563825806710398e+00 9.029403393873648383e+03
1.940414946339248218e+03 1.357096097502324294e+00 7.466652742763869810e+00 9.029403473491829573e+03
1.900782475062485446e+03 1.429580753536729754e+00 7.478584436884021969e+00 9.029403514174840893e+03
1.673519030746384033e+03 1.970048700742284886e+00 7.456752644922102213e+00 9.029403643936966546e+03
1.704187602405449979e+03 1.927026911668328513e+00 7.471160446591391668e+00 9.029404310318590433e+03
1.952978530752100596e+03 1.389282164920386586e+00 7.466462724686633301e+00 9.029405001924091266e+03
1.973090582233844316e+03 1.324178473552622748e+00 7.445838056850129227e+00 9.029405156760838508e+03
1.965194234855854120e+03 1.304632331786922839e+00 7.456322745166571231e+00 9.029405569201873732e+03
1.661262971603639016e+03 1.935520631587281937e+00 7.471956594965271314e+00 9.029405640027594927e+03
1.671197355879641009e+03 1.903433741598352658e+00 7.469307645459006828e+00 9.029405803158231720e+03
1.728769072513063293e+03 1.839600421274190767e+00 7.474577553211970482e+00 9.029406575442646499e+03
1.605762928271362853e+03 1.974539817938694597e+00 7.466481745909102408e+00 9.029406995941897549e+03
1.901929087699688353e+03 1.488825494640932945e+00 7.486669263734568425e+00 9.029407065861838419e+03
1.944195954555466869e+03 1.446819609110223226e+00 7.481793239829546138e+00 9.029408380540407961e+03
1.614323198982521035e+03 1.985054313792919078e+00 7.474010815878517455e+00 9.029408595924434849e+03
1.886287851737131859e+03 1.487581701958614389e+00 7.440748885912131350e+00 9.029409162058476795e+03
1.973039332436452014e+03 1.405221398788149445e+00 7.458766755194184306e+00 9.029409416301003148e+03
1.834157253485108640e+03 1.580479290082393629e+00 7.476821394751390848e+00 9.029409527490957771e+03
1.755292794648272093e+03 1.763342450671047557e+00 7.471560570791174527e+00 9.029409633935285456e+03
1.573194250890898729e+03 2.063117966521738733e+00 7.478311524408557176e+00 9.029409834197136661e+03
1.568328442419744306e+03 2.125999866639211255e+00 7.499457038924674634e+00 9.029409862854448875e+03
1.838045152385748452e+03 1.625140474879367636e+00 7.458962046919255684e+00 9.029410572094711824e+03
1.904968905670583354e+03 1.546821035003223654e+00 7.445186127852152502e+00 9.029410942145148510e+03
1.953417873814220457e+03 1.369767850844291868e+00 7.481073498879887929e+00 9.029411030937400938e+03
1.959931912080974598e+03 1.280701359591446042e+00 7.471349431602269497e+00 9.029411258932872443e+03
1.601303293409984235e+03 2.031065132840169873e+00 7.449193876131783298e+00 9.029411783489669688e+03
1.669309779123484986e+03 1.924727135058062366e+00 7.484945204863719503e+00 9.029412057610605189e+03
1.745540835683993464e+03 1.741365895793872909e+00 7.474751722990739644e+00 9.029412098348431755e+03
1.907228680365619311e+03 1.509970507719680111e+00 7.425049658666727836e+00 9.029412140688236832e+03
1.711515481346320030e+03 1.783714714507138588e+00 7.488269740803263019e+00 9.029413733060466257e+03
1.904274042348860348e+03 1.499769285520950568e+00 7.474031237681468376e+00 9.029414883618876047e+03
1.764649529125655590e+03 1.698271547192709674e+00 7.471256719449201000e+00 9.029415865537137506e+03
1.710721797707607720e+03 1.785050414561299759e+00 7.453501196414657137e+00 9.029416214011847842e+03
1.924147120837703142e+03 1.504080758963698861e+00 7.458064340202246179e+00 9.029416613590012275e+03
1.721214346042592979e+03 1.820426969636683712e+00 7.455394330401059477e+00 9.029417471271794057e+03
1.597214820936934075e+03 2.026015477973591938e+00 7.478076473972565807e+00 9.029417672041361584e+03
1.748347256912389412e+03 1.753751029362596858e+00 7.472820951451696558e+00 9.029417886097440714e+03
1.562194145827973671e+03 2.050569291739854805e+00 7.440109539406685180e+00 9.029418137780598045e+03
1.608826847147629223e+03 2.047389623953119298e+00 7.461793290619565866e+00 9.029418397921732321e+03
1.714184044651607110e+03 1.862958808166419455e+00 7.451150192863528865e+00 9.029418808706728669e+03
1.528913718970511127e+03 2.323313020237944837e+00 7.460210872595759213e+00 9.029418898986479689e+03
1.580799953152929447e+03 2.035799603869402397e+00 7.465752094333456768e+00 9.029419061774011425e+03
1.964777497122759542e+03 1.378501109244709255e+00 7.484558844299723290e+00 9.029419333301484585e+03
1.505259545167945134e+03 2.311254854490179866e+00 7.457757103875394478e+00 9.029420017936723525e+03
1.713192753453364958e+03 1.805518112553103238e+00 7.481442989600526339e+00 9.029420303706432605e+03
1.757854928523053559e+03 1.751597158706641233e+00 7.471656828725365074e+00 9.029420864065505157e+03
1.864073858342366520e+03 1.531971983140856031e+00 7.449221109737554691e+00 9.029420880145575211e+03
1.632470354495763331e+03 1.958605175258974818e+00 7.463453683394939198e+00 9.029420960919494973e+03
1.995259428366995962e+03 1.240739930492688714e+00 7.479877696392942532e+00 9.029422026279602505e+03
1.686535898036546769e+03 1.979765417854890019e+00 7.487158887096803994e+00 9.029422268127405914e+03
1.511154681147973633e+03 2.158514649935594054e+00 7.461140931386172070e+00 9.029422374807547385e+03
1.606485023153847123e+03 2.002965337206119578e+00 7.441643319553999270e+00 9.029422485681256148e+03
1.931307535761542567e+03 1.383519668374032507e+00 7.455575125916404033e+00 9.029422609683966584e+03
1.714224989736587531e+03 1.805671186744288725e+00 7.472742773322521792e+00 9.029422909330660332e+03
1.579444448833847218e+03 2.228524475688808515e+00 7.441392098756788087e+00 9.029423191289457463e+03
1.685928861059434439e+03 1.864761303044947915e+00 7.441502931215758565e+00 9.029423191577780017e+03
1.863618211886860990e+03 1.530762012914441250e+00 7.473285722141212339e+00 9.029423313618772227e+03
1.619085141531263162e+03 1.969447881575439929e+00 7.452772410467932040e+00 9.029423380936976173e+03
1.786520587951601556e+03 1.626169504830042634e+00 7.461409274600387498e+00 9.029423471459045686e+03
1.753419779211612422e+03 1.698470532224829688e+00 7.455358234723648003e+00 9.029423478469123438e+03
1.636510549546753964e+03 1.911317760264721555e+00 7.461331566129540960e+00 9.029423585617738354e+03
1.993872044356356582e+03 1.282737603614235944e+00 7.495243330721159225e+00 9.029423641925399352e+03
1.659022239231474714e+03 2.017100646680668241e+00 7.468308083019792321e+00 9.029424201223511773e+03
1.628970563560317942e+03 2.035793218022051487e+00 7.495162507458951850e+00 9.029424201755313334e+03
1.614233223492063871e+03 2.020856310630724906e+00 7.467548404752573532e+00 9.029424469532073999e+03
1.693600213363198691e+03 1.879631349703666743e+00 7.467957010306976784e+00 9.029424670093732857e+03
1.970155400584902964e+03 1.400292889163734955e+00 7.455336946919785213e+00 9.029424981254071099e+03
1.609413237942330625e+03 2.024085305802235446e+00 7.462682692680606245e+00 9.029425068168333382e+03
1.680409310029967855e+03 1.920486616169464922e+00 7.454159724204234116e+00 9.029425192092114230e+03
1.819050274034350878e+03 1.610475169397034501e+00 7.449234639828439697e+00 9.029425205728597575e+03
1.690313845407050849e+03 1.904225399355514048e+00 7.484843270254733838e+00 9.029425564180035508e+03
1.597951737468632928e+03 2.107049802765010860e+00 7.489858915868759404e+00 9.029425655745691984e+03
1.781787498411099477e+03 1.643175466482700742e+00 7.459435675484423989e+00 9.029426382088204264e+03
1.540335040285894820e+03 2.190976929740140910e+00 7.449520599659911646e+00 9.029426503908121958e+03
1.702652764602216166e+03 1.868767169096616998e+00 7.459482861983958379e+00 9.029427353886343553e+03
1.598763238989323327e+03 2.016031165971359229e+00 7.441419957040864119e+00 9.029427941145509976e+03
1.714745643412771642e+03 1.767617368341175554e+00 7.486580641173796735e+00 9.029428051747712743e+03
1.826343892565686929e+03 1.623304152413122203e+00 7.476286453793439257e+00 9.029428144263862123e+03
1.989828492118066151e+03 1.240930858344410526e+00 7.456380320955162233e+00 9.029428345460974015e+03
1.948579440725053018e+03 1.346692415538130128e+00 7.476211261724978741e+00 9.029428849151921895e+03
1.904189592056295623e+03 1.428096912289998466e+00 7.470253891705490368e+00 9.029428916032444249e+03
1.891996110153882455e+03 1.490366415200368388e+00 7.467736502548402377e+00 9.029429072340692073e+03
1.579624427579245548e+03 2.087120418910212827e+00 7.448527796779650600e+00 9.029429663509201418e+03
1.602735627666694427e+03 2.026276344429778664e+00 7.457189170548461199e+00 9.029429742558406360e+03
1.965530353446366007e+03 1.270142228323887013e+00 7.458877549363058357e+00 9.029430169507488245e+03
1.683733688156468133e+03 1.897117579618769589e+00 7.482098883469892492e+00 9.029430476957057181e+03
1.980993860156163464e+03 1.294102891436776481e+00 7.487780430263648590e+00 9.029430639694153797e+03
1.922783216026069340e+03 1.422187394965979568e+00 7.460427304420846895e+00 9.029430942167133253e+03
1.675380137624583540e+03 1.884812170853217728e+00 7.466596958292248232e+00 9.029431484824324798e+03
1.523104883823172031e+03 2.183910480181580738e+00 7.429833103996741350e+00 9.029431948846340674e+03
1.606315637401474078e+03 2.008751443094020317e+00 7.456065228138602841e+00 9.029432237037641244e+03
1.616822706765042994e+03 2.028841051192876055e+00 7.441036759897220243e+00 9.029432315430587551e+03
1.959961328330660990e+03 1.363033198363163834e+00 7.452768712781451477e+00 9.029432657385639686e+03
1.881339982500411679e+03 1.489914886933384919e+00 7.470425456347129511e+00 9.029433504988672212e+03
1.847355049018256068e+03 1.589119652404868077e+00 7.456835382350043950e+00 9.029433513117042821e+03
1.590667930257657417e+03 2.046942937307738575e+00 7.461312931083055489e+00 9.029433618997551093e+03
1.543504583477506230e+03 2.236315816245286303e+00 7.456068638814397964e+00 9.029434028748581113e+03
1.737776755252233443e+03 1.785987710444781440e+00 7.481393692063080358e+00 9.029434258608434902e+03
1.955893629256323038e+03 1.305217242547422885e+00 7.473735233382829968e+00 9.029434415367462861e+03
1.919052843938013439e+03 1.498721038170861108e+00 7.456493899635408873e+00 9.029435127378417747e+03
1.799974580963753169e+03 1.584104334547394410e+00 7.463539124272532632e+00 9.029435921948432224e+03
1.759986331644303846e+03 1.627875126516245219e+00 7.459162384742754170e+00 9.029436083658314601e+03
1.884382288775893130e+03 1.553795851381992943e+00 7.467389700940925579e+00 9.029436343309615040e+03
1.731452059234264425e+03 1.854060642299116379e+00 7.465516377917699842e+00 9.029436467342513424e+03
1.636776668973272535e+03 1.965388743999025190e+00 7.456639120525329290e+00 9.029436594391901963e+03
1.654414187944552850e+03 1.976753083574739112e+00 7.465761893490982182e+00 9.029436726666122922e+03
1.985354245643387003e+03 1.267199941933565999e+00 7.451369848678754515e+00 9.029436824057849662e+03
1.808331318198747340e+03 1.484634347323780190e+00 7.494800185280637628e+00 9.029437271909959236e+03
1.999313743238561074e+03 1.280821951217945731e+00 7.458726166479827668e+00 9.029437325617474926e+03
1.993872044356356582e+03 1.282737603614235944e+00 7.495243330721159225e+00 9.029437325883611265e+03
1.511933953962618261e+03 2.142748638994738108e+00 7.451634677399353812e+00 9.029437367311698836e+03
1.600817097837350730e+03 2.096365222828182162e+00 7.461195617056220364e+00 9.029437389211370828e+03
1.648780117637271132e+03 1.998126384122037580e+00 7.460624785072021758e+00 9.029437532121142794e+03
1.683231107074902866e+03 1.965264262191164235e+00 7.489430024014655629e+00 9.029437911946983149e+03
1.984457271493386088e+03 1.247490205461188939e+00 7.503685898868767801e+00 9.029438889163227941e+03
1.572294934754406313e+03 2.116089419965097029e+00 7.457401736943856996e+00 9.029438937655677364e+03
1.738185302471055365e+03 1.789562195611427153e+00 7.449672443924761467e+00 9.029438980170985815e+03
1.753892013627074903e+03 1.775012978112564976e+00 7.445009484251243315e+00 9.029439467402309674e+03
1.968229142065183169e+03 1.304411131115216449e+00 7.473998431770221273e+00 9.029439481098141187e+03
1.952793428054180822e+03 1.379775359340644547e+00 7.445033007105162248e+00 9.029440217233970543e+03
1.810881129096770565e+03 1.555220714759091072e+00 7.458728033561994764e+00 9.029440895679063033e+03
1.555212654849020964e+03 2.152648270641302375e+00 7.485894986806303386e+00 9.029441049127393853e+03
1.684714656277446238e+03 1.860951388334202594e+00 7.451250353573097840e+00 9.029441274492588491e+03
1.697023809173712380e+03 1.989113337767856038e+00 7.443358728283903325e+00 9.029441351013148960e+03
1.859365293855331402e+03 1.552018484231310946e+00 7.470216984807279026e+00 9.029441463294331697e+03
1.871202198645924909e+03 1.459006703535196348e+00 7.482754933740545233e+00 9.029441562039464770e+03
1.978002729314256158e+03 1.353441854408861555e+00 7.462906706698126946e+00 9.029441606195066925e+03
1.792174848954725803e+03 1.595002017974273434e+00 7.465507358017394068e+00 9.029441653014302574e+03
1.908969137372180057e+03 1.475359296604437986e+00 7.475133913895076532e+00 9.029441792639658161e+03
1.619675803813021048e+03 2.023763430798399821e+00 7.458817995457452277e+00 9.029442035457630482e+03
1.884314057456561386e+03 1.558419449842632920e+00 7.456330226574015896e+00 9.029442287287212821e+03
1.758294150133443964e+03 1.714361704365418682e+00 7.460111422110268897e+00 9.029442630947198268e+03
1.639984740162502703e+03 1.885010589936376935e+00 7.470569074833610657e+00 9.029442796586527038e+03
1.738507532586500247e+03 1.768352210406085590e+00 7.481818306882233038e+00 9.029443238155819927e+03
1.963243998405842603e+03 1.343282071217430707e+00 7.475641399048292612e+00 9.029443556910408006e+03
1.756548449326664922e+03 1.759054660614010279e+00 7.476101241205189929e+00 9.029443863365331708e+03
1.906038971356827915e+03 1.532942628704601296e+00 7.445547845672882303e+00 9.029443869492391968e+03
1.679580621919785926e+03 1.819191487215993996e+00 7.475613664011722115e+00 9.029444033380841574e+03
1.536807179550754654e+03 2.142026996133521877e+00 7.454623605222636229e+00 9.029444369451675811e+03
1.871202198645924909e+03 1.459006703535196348e+00 7.482754933740545233e+00 9.029445050309264843e+03
1.759170711708479757e+03 1.722079418096058134e+00 7.475865196098729903e+00 9.029445091874071295e+03
1.962726334638908611e+03 1.317544281298782316e+00 7.445540620964432144e+00 9.029445538201876843e+03
1.791948581686782518e+03 1.606337651663997557e+00 7.468856352147199118e+00 9.029445886821451495e+03
1.970251739891077932e+03 1.383849228968727862e+00 7.430003332903053703e+00 9.029446171692132339e+03
1.739777140411476921e+03 1.762078748355991209e+00 7.461038503964194213e+00 9.029446402926509109e+03
1.998974039548933661e+03 1.300465101278862168e+00 7.467735882811333603e+00 9.029446517266729643e+03
1.629279399523045868e+03 1.929333355503905167e+00 7.455217643422204610e+00 9.029446532721267431e+03
1.947649453081762886e+03 1.362540746922386470e+00 7.486529274745338469e+00 9.029446788130579080e+03
1.712465474727805713e+03 1.818791921581448756e+00 7.471182467309727571e+00 9.029447170868452304e+03
1.945438000334703247e+03 1.378989560148586424e+00 7.477513096478894283e+00 9.029447336044109761e+03
1.683231107074902866e+03 1.965264262191164235e+00 7.489430024014655629e+00 9.029447742794174701e+03
1.584325505004451543e+03 2.187521723604206159e+00 7.489674058650996891e+00 9.029447773727275489e+03
1.575092704093571683e+03 2.034010700246664527e+00 7.456277126189259974e+00 9.029447984864786122e+03
1.501576229732758748e+03 2.243092288566444381e+00 7.478461241564831496e+00 9.029448786372440736e+03
1.648174845120454847e+03 1.858334758980812573e+00 7.455587294582599611e+00 9.029449028440296388e+03
1.724509444035645856e+03 1.721245647166779635e+00 7.433972220757138594e+00 9.029449273710733905e+03
1.740598663434884656e+03 1.746182069091954725e+00 7.446845574632922293e+00 9.029449401292475159e+03
1.742682424649414315e+03 1.712183457378671392e+00 7.487916943982177997e+00 9.029449603403149013e+03
1.653227143876445098e+03 1.892496596632426309e+00 7.464920312533720903e+00 9.029449685886060252e+03
1.676394094484535799e+03 1.785998628569035240e+00 7.466238281413382971e+00 9.029449705476081363e+03
1.944240971661242838e+03 1.392865821334000831e+00 7.471817073800233189e+00 9.029450349289933001e+03
1.558659542450282743e+03 2.108334302997858956e+00 7.487498687853766377e+00 9.029450734762762295e+03
1.845843128780403049e+03 1.541098944059558162e+00 7.469726835335074533e+00 9.029451342009655491e+03
1.698296625682312424e+03 1.713020146447283842e+00 7.473384018019761044e+00 9.029451516244715094e+03
1.623612517591444885e+03 2.013383463913856364e+00 7.475518421336003527e+00 9.029452379694272167e+03
1.921577572833520435e+03 1.435430613399475197e+00 7.440699890113760873e+00 9.029452405937128788e+03
1.590954192754151109e+03 2.049618198707339189e+00 7.479525903639962614e+00 9.029452775580013622e+03
1.922471494177378190e+03 1.406426563223172055e+00 7.452866205087941509e+00 9.029453382354484347e+03
1.587701738709833535e+03 1.997794578607726912e+00 7.467314803833466463e+00 9.029453416348689643e+03
1.505881687008326480e+03 2.295078149824764768e+00 7.464345119293855468e+00 9.029454712498090885e+03
1.577636355687510559e+03 2.040105353087539264e+00 7.459611963644676713e+00 9.029455272032095309e+03
1.858585685951395817e+03 1.509614278838874446e+00 7.469076957390238469e+00 9.029455684538734204e+03
1.752898154394930089e+03 1.745173584010436540e+00 7.473032947926110836e+00 9.029456029101347667e+03
1.571234568367832708e+03 2.114119452025920776e+00 7.424254222753891241e+00 9.029456051662727987e+03
1.974964970300728055e+03 1.327016599888327208e+00 7.461383487988792140e+00 9.029456053804291514e+03
1.814398687788092047e+03 1.618823596179305602e+00 7.457002803426178161e+00 9.029456872946404474e+03
1.975866268609844383e+03 1.315059187934229268e+00 7.464713860762283382e+00 9.029457158314427943e+03
1.536316918424919777e+03 2.250992554061095774e+00 7.453025627612502646e+00 9.029457443628392866e+03
1.862733616851948227e+03 1.459038227226349571e+00 7.471498720835493046e+00 9.029457728761575709e+03
1.651508944327618337e+03 1.905418546614158659e+00 7.475070210774847013e+00 9.029457757772579498e+03
1.704594953783726396e+03 1.850758358610910204e+00 7.442195019509954435e+00 9.029457852616002128e+03
1.909759046590200796e+03 1.436192517578553707e+00 7.469464676015453719e+00 9.029457896647207235e+03
1.809794493122770064e+03 1.708622933043911996e+00 7.478933138162046745e+00 9.029458230898775582e+03
1.739704314164293010e+03 1.902632778195241903e+00 7.448901280390974655e+00 9.029458913149946966e+03
1.546300462024167700e+03 2.238569160058184515e+00 7.465244584248056370e+00 9.029459211745208449e+03
1.577636355687510559e+03 2.040105353087539264e+00 7.459611963644676713e+00 9.029459329872102899e+03
1.734996342267314958e+03 1.729264484244998235e+00 7.456890739853943906e+00 9.029459401688827711e+03
1.557872009844472814e+03 2.129650368796570881e+00 7.454217471774081893e+00 9.029459440480093690e+03
1.774797336948382963e+03 1.637532725348958884e+00 7.495773818895679952e+00 9.029459544674729841e+03
1.501662298911467587e+03 2.204204375151874729e+00 7.473735919270323436e+00 9.029459677910834216e+03
1.799101517956594307e+03 1.602981509061188969e+00 7.457530373723768591e+00 9.029459823033146677e+03
1.834510011076821911e+03 1.579677157881440142e+00 7.476701517888049153e+00 9.029460047174998181e+03
1.933777009912446374e+03 1.438554311505117589e+00 7.466700797168662085e+00 9.029460125976029303e+03
1.988068453410109214e+03 1.286455224091035188e+00 7.466870567719416485e+00 9.029460167784156511e+03
1.761241604846619339e+03 1.726646573745285185e+00 7.460321757548206811e+00 9.029460201188925566e+03
1.988271282710648848e+03 1.278697883826489523e+00 7.469851666577272731e+00 9.029460255334353860e+03
1.605762928271362853e+03 1.974539817938694597e+00 7.466481745909102408e+00 9.029460895274274662e+03
1.847572283220904410e+03 1.532531423771028356e+00 7.464476709503756524e+00 9.029461071029558298e+03
1.961057710556985285e+03 1.301197723469560863e+00 7.474044169398446513e+00 9.029461113040213604e+03
1.805207653394921408e+03 1.574741514308039658e+00 7.436498154719943798e+00 9.029461479793419130e+03
1.730459529864689330e+03 1.781387991009581118e+00 7.469398278255248158e+00 9.029461530616088567e+03
1.971771282118277213e+03 1.416693768087338601e+00 7.439924763321527301e+00 9.029462469751528261e+03
1.815220249748413607e+03 1.639120986133977942e+00 7.475676599361854358e+00 9.029462478301951705e+03
1.984179692258591786e+03 1.287949819327940837e+00 7.445309774453299667e+00 9.029462711843129000e+03
1.964017738736557476e+03 1.297907068112776230e+00 7.461020812639656441e+00 9.029463430937004887e+03
1.539339477723917753e+03 2.053492317513419430e+00 7.454663922156668399e+00 9.029463657190197409e+03
1.650985951911488200e+03 1.972922831795604459e+00 7.459759969185600248e+00 9.029464223326509455e+03
1.504221658188909032e+03 2.324150212417411154e+00 7.447602493359261722e+00 9.029464516865409678e+03
1.628940712807009049e+03 2.057623114172157486e+00 7.489433540161231306e+00 9.029464602374884635e+03
1.818608457651425397e+03 1.686172169104821261e+00 7.445866958168075200e+00 9.029464727022286752e+03
1.964490518573735471e+03 1.299630682409997240e+00 7.441763485077697027e+00 9.029465137180213787e+03
1.619853113954595301e+03 2.023239005317265971e+00 7.490208885738372402e+00 9.029465271437667980e+03
1.761853773217553680e+03 1.722144502756955298e+00 7.430535950317119998e+00 9.029465916293713235e+03
1.862733616851948227e+03 1.459038227226349571e+00 7.471498720835493046e+00 9.029466093141991223e+03
1.672133180291997178e+03 1.959011928171385808e+00 7.458814851403663404e+00 9.029466797206159754e+03
1.731976998356260083e+03 1.708275803335509657e+00 7.478730952731872605e+00 9.029467286409608278e+03
1.543143740516163916e+03 2.101544512678457544e+00 7.465731537511162585e+00 9.029468043041200872e+03
1.628431835714745603e+03 1.907358651005785832e+00 7.447900556195380162e+00 9.029468174031027957e+03
1.919738309197361104e+03 1.478185065414123756e+00 7.464859627937896924e+00 9.029468346087873215e+03
1.667403008404326783e+03 1.830353361576533500e+00 7.477429668165492593e+00 9.029468350572571580e+03
1.588289477445333659e+03 2.123264006681638616e+00 7.472516294859315344e+00 9.029468579232003322e+03
1.538309481018377937e+03 2.188894328680509371e+00 7.464511066857848043e+00 9.029469309569441975e+03
1.572294934754406313e+03 2.116089419965097029e+00 7.457401736943856996e+00 9.029469440838267474e+03
1.565204525143991532e+03 2.218532751180650742e+00 7.468441650617191563e+00 9.029469510163286031e+03
1.670502986050642448e+03 1.917808639107197344e+00 7.463378647274665489e+00 9.029470501376252287e+03
1.531441337996033326e+03 2.190162206722735760e+00 7.454349301313604848e+00 9.029471292205449572e+03
1.853840518759333236e+03 1.618844788159430115e+00 7.451260732856456848e+00 9.029471498202256043e+03
1.637496973606366282e+03 1.911626420120523306e+00 7.440657928506963614e+00 9.029471654604893047e+03
1.886754385854461134e+03 1.511725852930817515e+00 7.460569418765020444e+00 9.029471678522202637e+03
1.650985951911488200e+03 1.972922831795604459e+00 7.459759969185600248e+00 9.029471768029776285e+03
1.733937044674245271e+03 1.776745155335278881e+00 7.451469572561591370e+00 9.029471806843839659e+03
1.739850403674904101e+03 1.714367440746138227e+00 7.460378909295982020e+00 9.029472527264300879e+03
1.681363904592417612e+03 1.795962916849274338e+00 7.473335409258972106e+00 9.029472576579126326e+03
1.579936135370692227e+03 2.021713682467106921e+00 7.432896694543597249e+00 9.029473103142305263e+03
1.780844977570204492e+03 1.656513962101140214e+00 7.445641980103486546e+00 9.029473634463369308e+03
1.720346581520631844e+03 1.786022389402590393e+00 7.469047567236840379e+00 9.029473893978090928e+03
1.597314290687121684e+03 2.126920714927292622e+00 7.485249201298206145e+00 9.029474556650922750e+03
1.710657864699513084e+03 1.704234463365801089e+00 7.458288348506283860e+00 9.029474754439432218e+03
1.951188878223919119e+03 1.370916359718822086e+00 7.471294514992207425e+00 9.029475478859318173e+03
1.610903556327129309e+03 2.026284662411208082e+00 7.465103977210182151e+00 9.029476329812903714e+03
1.628550719605420682e+03 1.945033174658303610e+00 7.485267962982606882e+00 9.029476388857088750e+03
1.672499585635820267e+03 1.927525697894862944e+00 7.459017219225019701e+00 9.029476586638529625e+03
1.805207653394921408e+03 1.574741514308039658e+00 7.436498154719943798e+00 9.029476598341901990e+03
1.532707259512190376e+03 2.201792387419921226e+00 7.478031990141920993e+00 9.029476608532420869e+03
1.849459038690886018e+03 1.530731013699010878e+00 7.474956640047565770e+00 9.029477066876555909e+03
1.853731142475529623e+03 1.523835293995095652e+00 7.472600165427137675e+00 9.029477369183063274e+03
1.630159216098331626e+03 1.905532032481225935e+00 7.452380263693178186e+00 9.029477400070987642e+03
1.545862817942532729e+03 2.203604167067899855e+00 7.454563825806710398e+00 9.029477575796310703e+03
1.787012486753695612e+03 1.689239508601831696e+00 7.461118703878267588e+00 9.029477804207252120e+03
1.706612117027740396e+03 1.874553602833841648e+00 7.464576858642805846e+00 9.029477942021188937e+03
1.858611054282089526e+03 1.493633568131210732e+00 7.440396465283670935e+00 9.029478168166237083e+03
1.634807604573521758e+03 1.938906594408797535e+00 7.452329494938080501e+00 9.029479035731019394e+03
1.663991778437610265e+03 2.018496498414302565e+00 7.504584468976518430e+00 9.029479048196932126e+03
1.932025942518737565e+03 1.353429721124677743e+00 7.475566738206919304e+00 9.029479090285431084e+03
1.858391332345948967e+03 1.568742937295424467e+00 7.457470225612361503e+00 9.029480484700756278e+03
1.668398386672894276e+03 1.890375719414783662e+00 7.469114143699658648e+00 9.029480565224996099e+03
1.609904285765617033e+03 2.043794792456504084e+00 7.466266980916640428e+00 9.029480653070255357e+03
1.545862817942532729e+03 2.203604167067899855e+00 7.454563825806710398e+00 9.029480859022411096e+03
1.698405552951222944e+03 1.832066143780960887e+00 7.446405613071142682e+00 9.029480989114772456e+03
1.978834252251124781e+03 1.316761690431843324e+00 7.477627845122210459e+00 9.029481201719512683e+03
1.762875704857100573e+03 1.672028129809351338e+00 7.467909365204434380e+00 9.029481260039201516e+03
1.679733304576953742e+03 1.941532779916151030e+00 7.466312747426982810e+00 9.029481710854724952e+03
1.851313181585016764e+03 1.489213656716807721e+00 7.459818067434941469e+00 9.029481719960582268e+03
1.655095057580451339e+03 1.980835616813827027e+00 7.442543045388630318e+00 9.029482000927466288e+03
1.981146378392435736e+03 1.317564016694401818e+00 7.443844264094206409e+00 9.029482551048675305e+03
1.787973976389816471e+03 1.574909773201377927e+00 7.472027338810819153e+00 9.029482865154144747e+03
1.686015852634899147e+03 1.875533811669706008e+00 7.437842741887271458e+00 9.029482911792245432e+03
1.806214768017002370e+03 1.590491915566365488e+00 7.483520166971386445e+00 9.029483074594811114e+03
1.517307412438224901e+03 2.195484098165780829e+00 7.479801980175272647e+00 9.029483190860035393e+03
1.501576229732758748e+03 2.243092288566444381e+00 7.478461241564831496e+00 9.029483806029827974e+03
1.606710217499183500e+03 2.028483966719880627e+00 7.465036687925477921e+00 9.029483886738300498e+03
1.913632095394651515e+03 1.421746520617337417e+00 7.471506919895203325e+00 9.029485424587383022e+03
1.847355049018256068e+03 1.589119652404868077e+00 7.456835382350043950e+00 9.029485718641393760e+03
1.920858870938678365e+03 1.407778430555978177e+00 7.489265169272807832e+00 9.029485983035896425e+03
1.684605157710884214e+03 1.845750942606326772e+00 7.457185570028510568e+00 9.029486263370188681e+03
1.724471637851320565e+03 1.836063772657812176e+00 7.421712201605656922e+00 9.029486295520222484e+03
1.923950878634237597e+03 1.436405324425672703e+00 7.448871938666186132e+00 9.029486360399396290e+03
1.770730749740874444e+03 1.590360750535165568e+00 7.460180429296398685e+00 9.029486559600387409e+03
1.793801846947992544e+03 1.697539300609765656e+00 7.512862524100160755e+00 9.029487258296123400e+03
1.613590869153828407e+03 2.026816113695261379e+00 7.454078676853410634e+00 9.029488141979325519e+03
1.919052843938013439e+03 1.498721038170861108e+00 7.456493899635408873e+00 9.029488348175587817e+03
1.709962742696587384e+03 1.778755138997313079e+00 7.464294875652725203e+00 9.029488395944992590e+03
1.563950746327431943e+03 2.136702837476470052e+00 7.481481081557039836e+00 9.029488595079292281e+03
1.759503349914828959e+03 1.678571246204896505e+00 7.471838050205611204e+00 9.029488758735458759e+03
1.902954618065684372e+03 1.496023957861265519e+00 7.464529716441127505e+00 9.029488759508938529e+03
1.667367373615995575e+03 1.874250693923454447e+00 7.467712714261846685e+00 9.029488782503480252e+03
1.767297084391203271e+03 1.755137515949358962e+00 7.458657351406065672e+00 9.029489005205941794e+03
1.543504583477506230e+03 2.236315816245286303e+00 7.456068638814397964e+00 9.029489048157620346e+03
1.529141056093776115e+03 2.192410767780827108e+00 7.465763649681814051e+00 9.029489167328294570e+03
1.962726334638908611e+03 1.317544281298782316e+00 7.445540620964432144e+00 9.029489233843265538e+03
1.682939856022016784e+03 1.860311005637821591e+00 7.461710693230223512e+00 9.029489888659589269e+03
1.762015330586655409e+03 1.726332234651736908e+00 7.451596396385307131e+00 9.029490758556796209e+03
1.637384945548002406e+03 2.031409733136982698e+00 7.473308739989518834e+00 9.029491310097764654e+03
1.687309864438509976e+03 1.855620180359896176e+00 7.454739092552139290e+00 9.029491914335922047e+03
1.650710878772947353e+03 1.925938884307364152e+00 7.465909990353765124e+00 9.029492126564147839e+03
1.674002118980708019e+03 1.938444769109000321e+00 7.470491653129435861e+00 9.029492547364452548e+03
1.740163712602594387e+03 1.704490477652701896e+00 7.471492525154758368e+00 9.029492549843989764e+03
1.916085249038565962e+03 1.445469218268131684e+00 7.455384762205630622e+00 9.029492627989880930e+03
1.687722435048277248e+03 1.882365233788309222e+00 7.462705593005007465e+00 9.029492807916367383e+03
1.724509444035645856e+03 1.721245647166779635e+00 7.433972220757138594e+00 9.029493556441673718e+03
1.677078399552068731e+03 1.917625040603119890e+00 7.451423809444054136e+00 9.029493735520283735e+03
1.727325182721930787e+03 1.854528650247465604e+00 7.458497773938259634e+00 9.029493793902916877e+03
1.786653720867779612e+03 1.586936482190486331e+00 7.464925598027627451e+00 9.029493849746604610e+03
1.607320266740229272e+03 1.925513758438077039e+00 7.475096082518297713e+00 9.029493860465245234e+03
1.996681419330869630e+03 1.284321935225024802e+00 7.486326193842218757e+00 9.029494426378361823e+03
1.960927106183839214e+03 1.333506357469393944e+00 7.490080217320513434e+00 9.029494483092572409e+03
1.589785202021694204e+03 1.977534938353537886e+00 7.464152354981587578e+00 9.029495221893655980e+03
1.571061544390180416e+03 2.135590136388458848e+00 7.456014079775499681e+00 9.029495258669981922e+03
1.694114285900494906e+03 1.876739302777455265e+00 7.452923876951931703e+00 9.029495381519633156e+03
1.678571691177900220e+03 1.909495677933868985e+00 7.479526010563461114e+00 9.029495430563181799e+03
1.583426027462598313e+03 2.037629252460890328e+00 7.445517858001795553e+00 9.029495985113891948e+03
1.586746328557377865e+03 2.065208664145848694e+00 7.444246132903038493e+00 9.029496045030788082e+03
1.784355818046318291e+03 1.520542319591338343e+00 7.484096971616398974e+00 9.029496051669810186e+03
1.920503337039944199e+03 1.430327897718354668e+00 7.456895278448549824e+00 9.029496102988108760e+03
1.700159848936878461e+03 1.897192421032385168e+00 7.466362963279191689e+00 9.029496268606149897e+03
1.607358303892215872e+03 2.032962189324422297e+00 7.458498663681774943e+00 9.029496543301318525e+03
1.684522024831530871e+03 1.874240548215025948e+00 7.460297956347902826e+00 9.029496632265163498e+03
1.990730688826651203e+03 1.248315952649507787e+00 7.442051491770808269e+00 9.029496808850990419e+03
1.604142899225280871e+03 1.996393155515882034e+00 7.467680274139654628e+00 9.029497242169918536e+03
1.954474620576686220e+03 1.416258303136729069e+00 7.444519204136109458e+00 9.029497559182565965e+03
1.818710465837250467e+03 1.567870598019021289e+00 7.480512335008817182e+00 9.029497670715543791e+03
1.740536957572352549e+03 1.758066526591891332e+00 7.477840088358862936e+00 9.029497953734184193e+03
1.864007598975053725e+03 1.567502389681480146e+00 7.476194717684154334e+00 9.029498029966342074e+03
1.549295392289844131e+03 2.145028053082829622e+00 7.437729431528919299e+00 9.029498412570272194e+03
1.783835838579745086e+03 1.650314414346874425e+00 7.471728128510376266e+00 9.029498496583577435e+03
1.959931912080974598e+03 1.280701359591446042e+00 7.471349431602269497e+00 9.029498647627493483e+03
1.763878030998426539e+03 1.697028792520248963e+00 7.488217643147292435e+00 9.029498787296535738e+03
1.723722995010466093e+03 1.783506856891357462e+00 7.469860061975883703e+00 9.029499353051169237e+03
1.552332653514117510e+03 2.126442941267447484e+00 7.494081066396792501e+00 9.029499368373253674e+03
1.683231107074902866e+03 1.965264262191164235e+00 7.489430024014655629e+00 9.029499377414973424e+03
1.723241800236765812e+03 1.817223900352995303e+00 7.472420837117804915e+00 9.029499637240052834e+03
1.599790482410385039e+03 2.048089431538055560e+00 7.452719247487602061e+00 9.029500691997283866e+03
1.798052969437587763e+03 1.646262977280206652e+00 7.462762010027718773e+00 9.029500842174849822e+03
1.691651066893959751e+03 1.894204007674465284e+00 7.484489943785875177e+00 9.029501152722281404e+03
1.747612867229283665e+03 1.654956654500115976e+00 7.445000033436759423e+00 9.029501287695402425e+03
1.786653720867779612e+03 1.586936482190486331e+00 7.464925598027627451e+00 9.029501308109134698e+03
1.805758387531349172e+03 1.641079893810609480e+00 7.473051051756917751e+00 9.029501584648247444e+03
1.957902844042220067e+03 1.333836485656881177e+00 7.476406298434174147e+00 9.029501609969107449e+03
1.737436769141541163e+03 1.714774120931203072e+00 7.459047692244187289e+00 9.029501878842787846e+03
1.810881129096770565e+03 1.555220714759091072e+00 7.458728033561994764e+00 9.029502133976655387e+03
1.892570755117994167e+03 1.425566739137673178e+00 7.467379042960849311e+00 9.029502344781947613e+03
1.525884619403700299e+03 2.110987265162524551e+00 7.478770135194080737e+00 9.029502540973113355e+03
1.662114766518817305e+03 1.852230494370466607e+00 7.461464405586188953e+00 9.029502704207474380e+03
1.833302002397905653e+03 1.561590947407291985e+00 7.450168034272867779e+00 9.029502724482897975e+03
1.658709861435344465e+03 2.032079668781161086e+00 7.454902698748790080e+00 9.029502780007916954e+03
1.966794608883343699e+03 1.320925482817783436e+00 7.442097722526463066e+00 9.029502966540474517e+03
1.551737598340268050e+03 2.174942573217856889e+00 7.459330846220365352e+00 9.029503034605391804e+03
1.712034792788530922e+03 1.814538060773240202e+00 7.482033757074848523e+00 9.029503384905459825e+03
1.694323433151771951e+03 1.875969461171081765e+00 7.482149824066036459e+00 9.029503388017499674e+03
1.668623430110680374e+03 1.880418802037025605e+00 7.457953550049124303e+00 9.029503859208158246e+03
1.567304057354057250e+03 2.098753647302658898e+00 7.470371089131010223e+00 9.029504162434988757e+03
1.613430963423249295e+03 1.970603879760658650e+00 7.472064880294308153e+00 9.029504193727974780e+03
1.594595768426143195e+03 2.013538202565333002e+00 7.498757741023327483e+00 9.029504545211748336e+03
1.975270598380067440e+03 1.289974513396426881e+00 7.479677872716925968e+00 9.029504819514051633e+03
1.684701991435857963e+03 1.927891361653596425e+00 7.450896642482554455e+00 9.029505028478866734e+03
1.966794608883343699e+03 1.320925482817783436e+00 7.442097722526463066e+00 9.029505484309098392e+03
1.771632345819199600e+03 1.730381224162049092e+00 7.449946037432425783e+00 9.029505677882909367e+03
1.707633034817289172e+03 1.872282231664635255e+00 7.467152071891382192e+00 9.029506563373386598e+03
1.623549741940192916e+03 2.105122311695399873e+00 7.468297103170873363e+00 9.029506729178150636e+03
1.791668089828911434e+03 1.630062766768841653e+00 7.457873163850949005e+00 9.029506963330000872e+03
1.864296405310726868e+03 1.567585321192966452e+00 7.453718978491611580e+00 9.029507019388232948e+03
1.857338747671814644e+03 1.524959552649168604e+00 7.488066555974861593e+00 9.029507178516478234e+03
1.613430963423249295e+03 1.970603879760658650e+00 7.472064880294308153e+00 9.029507327245830311e+03
1.747142905852050717e+03 1.759360297983527444e+00 7.445675912744897929e+00 9.029507432889651682e+03
1.910573349402589884e+03 1.509298456932255172e+00 7.498606109746342341e+00 9.029507712341612205e+03
1.914276519962410930e+03 1.507468101048555109e+00 7.437831550141370762e+00 9.029507798023019859e+03
1.619739402058900396e+03 1.937467456265758781e+00 7.451130914198991206e+00 9.029507957951527715e+03
1.590667930257657417e+03 2.046942937307738575e+00 7.461312931083055489e+00 9.029508034009142648e+03
1.979708757410828639e+03 1.365202918051991121e+00 7.449181465197727725e+00 9.029508046421196923e+03
1.724888892493626827e+03 1.692144600661281695e+00 7.486660727472932209e+00 9.029508356427479157e+03
1.846782898397122153e+03 1.529465767205831606e+00 7.454139398710108111e+00 9.029508451563518975e+03
1.986531397326569731e+03 1.290725352730140330e+00 7.477021931791281162e+00 9.029508726892227060e+03
1.659102796599893054e+03 1.961793830206261413e+00 7.460721110331338224e+00 9.029508936875574364e+03
1.964922188846670679e+03 1.297179967245018828e+00 7.494232269201021701e+00 9.029509314128690676e+03
1.762015330586655409e+03 1.726332234651736908e+00 7.451596396385307131e+00 9.029509329316528238e+03
1.690288974943544872e+03 1.857145576324928049e+00 7.447660687530554213e+00 9.029509835780454523e+03
1.998771093544297855e+03 1.333462832386977714e+00 7.450542949425733141e+00 9.029510290283133145e+03
1.875379349892505616e+03 1.525632088566515998e+00 7.446776677106511144e+00 9.029510489426727872e+03
1.990082635795884016e+03 1.299261553849243134e+00 7.484240322301419113e+00 9.029510634867072440e+03
1.659022239231474714e+03 2.017100646680668241e+00 7.468308083019792321e+00 9.029510699789016144e+03
1.927113802107742686e+03 1.422015342153223116e+00 7.465797856463911586e+00 9.029510983272655722e+03
1.961521581960974117e+03 1.350864970416655986e+00 7.452899648480172168e+00 9.029511796755339674e+03
1.783114776122652074e+03 1.644221455099843077e+00 7.463447550473581771e+00 9.029511798581062976e+03
1.748479011528378578e+03 1.784432238431427509e+00 7.439291281352483409e+00 9.029511908677697647e+03
1.828146176909657243e+03 1.662744679433351136e+00 7.440725889677231919e+00 9.029512015651089314e+03
1.573272572203095706e+03 2.056263877451744548e+00 7.481268624789065846e+00 9.029512079718124369e+03
1.810881129096770565e+03 1.555220714759091072e+00 7.458728033561994764e+00 9.029512090219597667e+03
1.997940341205752702e+03 1.252057043062497765e+00 7.468233357684152196e+00 9.029512199889888507e+03
1.947757497157842408e+03 1.367136957438021660e+00 7.469656671654315794e+00 9.029512334057213593e+03
1.810392998991609602e+03 1.640463031077649347e+00 7.458736468613511583e+00 9.029513157124727513e+03
1.927999133425457558e+03 1.445312940458333362e+00 7.428123263660414644e+00 9.029513256715174066e+03
1.939011170695076544e+03 1.421050205852627091e+00 7.485813477256177073e+00 9.029513281331202961e+03
1.786653720867779612e+03 1.586936482190486331e+00 7.464925598027627451e+00 9.029513329774004887e+03
1.669011296541054890e+03 1.996143979785900191e+00 7.463682460549800446e+00 9.029513385295022090e+03
1.841646332062962756e+03 1.498117579697092028e+00 7.479274395790630692e+00 9.029514010369588505e+03
1.993214339477241083e+03 1.315055512159036155e+00 7.488304687576860630e+00 9.029514030713415195e+03
1.666094339154996533e+03 1.861930285640204685e+00 7.501427630839801353e+00 9.029514240068021536e+03
1.938317437758485084e+03 1.406425822847347629e+00 7.482408590589302300e+00 9.029514307199220639e+03
1.787654298245732207e+03 1.650065195704350174e+00 7.470252097626612020e+00 9.029514433516133067e+03
1.599242184177373701e+03 1.988444852366335613e+00 7.463845695565615834e+00 9.029514564990982763e+03
1.535576464550498940e+03 2.280433603644276275e+00 7.448131608469406473e+00 9.029514937550262403e+03
1.646383143599203777e+03 1.876764393987513158e+00 7.466128413425647814e+00 9.029514951790837586e+03
1.619853113954595301e+03 2.023239005317265971e+00 7.490208885738372402e+00 9.029514955866323362e+03
1.728912405660497825e+03 1.784362129611872350e+00 7.478394903130703320e+00 9.029514970225436628e+03
1.913632095394651515e+03 1.421746520617337417e+00 7.471506919895203325e+00 9.029515009515283964e+03
1.695221078286055217e+03 1.860701453708423214e+00 7.476087208089022162e+00 9.029515491697820835e+03
1.819050274034350878e+03 1.610475169397034501e+00 7.449234639828439697e+00 9.029516403216235631e+03
1.610420644526474462e+03 1.956967236623729178e+00 7.472975818298253081e+00 9.029516498788168974e+03
1.994289754770649097e+03 1.249936460368832103e+00 7.465257290063004092e+00 9.029516607533230854e+03
1.613429234286507608e+03 2.085891769093318526e+00 7.466451806192230478e+00 9.029516639741728795e+03
1.961207707320098962e+03 1.365477964804405975e+00 7.474384924169653388e+00 9.029517303701184574e+03
1.826489187072296318e+03 1.570328318963570391e+00 7.489969461730115796e+00 9.029517938049677468e+03
1.692119172350984627e+03 1.923094808487547436e+00 7.462119292576197438e+00 9.029517993721898165e+03
1.639224852274790237e+03 1.958473696750533399e+00 7.474918686989954431e+00 9.029518257850761074e+03
1.574718625025668189e+03 2.029040897203443272e+00 7.461958366555811573e+00 9.029518475800330634e+03
1.986259331664381307e+03 1.348145003976555456e+00 7.436675121260937438e+00 9.029518628350015206e+03
1.663288692968813166e+03 1.875726081974293358e+00 7.478922903386705734e+00 9.029518716081720413e+03
1.677748831602827067e+03 1.888228500820583244e+00 7.459539751186390788e+00 9.029518810950052284e+03
1.904968905670583354e+03 1.546821035003223654e+00 7.445186127852152502e+00 9.029519185609613487e+03
1.831933140759236494e+03 1.524323841268009350e+00 7.459988828971451547e+00 9.029519363295881703e+03
1.765090367027715274e+03 1.648003578047679829e+00 7.463675916147316514e+00 9.029519529288118065e+03
1.682226965098990377e+03 1.930373516258271804e+00 7.456772882792629176e+00 9.029520118240534430e+03
1.781164453482029330e+03 1.611755239021237740e+00 7.481322048310882877e+00 9.029520286888000555e+03
1.747142905852050717e+03 1.759360297983527444e+00 7.445675912744897929e+00 9.029520594134452040e+03
1.946761207634169750e+03 1.323672863901776964e+00 7.467751212908614988e+00 9.029520675733692769e+03
1.515201097754863213e+03 2.282159906001190564e+00 7.477098397634629912e+00 9.029521083039388031e+03
1.765008496011084389e+03 1.821289153728618215e+00 7.465200736008245741e+00 9.029521097405180626e+03
1.948240358304183246e+03 1.335095896563232687e+00 7.474566622281492378e+00 9.029521859354519620e+03
1.780867104546188784e+03 1.693364127237023231e+00 7.455208455705838233e+00 9.029522095496484326e+03
1.556606160517002763e+03 2.111227993480151000e+00 7.455719041626848842e+00 9.029522365337768861e+03
1.567763038526419450e+03 2.246898873516273376e+00 7.459415138356691344e+00 9.029522810620816017e+03
1.700554084903182911e+03 1.853380276376289437e+00 7.466298390696098686e+00 9.029522924580351173e+03
1.943678938038479146e+03 1.405860215406915525e+00 7.452347780204378935e+00 9.029522972058708547e+03
1.506098087709765196e+03 2.265075228374536565e+00 7.481298026086523834e+00 9.029523011778464934e+03
1.523784339559034606e+03 2.214796851506251496e+00 7.486110146466783632e+00 9.029523291670790059e+03
1.860908377740817286e+03 1.668094726119560445e+00 7.476471355405296393e+00 9.029523497822889112e+03
1.948579440725053018e+03 1.346692415538130128e+00 7.476211261724978741e+00 9.029523672719880778e+03
1.699333349636703588e+03 1.855413670002762583e+00 7.466805395124126221e+00 9.029524229361461039e+03
1.509733696111313748e+03 2.209532182069079198e+00 7.458762926063827514e+00 9.029524386548706389e+03
1.694641859024326550e+03 1.917580594617409373e+00 7.451302887313364209e+00 9.029524718342872802e+03
1.817837692463648182e+03 1.645699026605427662e+00 7.436577985261829227e+00 9.029524847315369698e+03
1.684714656277446238e+03 1.860951388334202594e+00 7.451250353573097840e+00 9.029525077507683818e+03
1.660057815394058252e+03 1.880707603554996776e+00 7.499017670577436512e+00 9.029525496152666165e+03
1.756465056839730096e+03 1.731745285781774335e+00 7.442925224427749953e+00 9.029525687290286442e+03
1.801099041643109558e+03 1.524408348566395954e+00 7.475189473763284020e+00 9.029526221152973449e+03
1.964844102764543777e+03 1.373564526702671262e+00 7.443099964693645987e+00 9.029526232173770040e+03
1.516094105620298251e+03 2.336414619341711685e+00 7.457657396656121485e+00 9.029526274924242898e+03
1.849459038690886018e+03 1.530731013699010878e+00 7.474956640047565770e+00 9.029526493100998778e+03
1.538309481018377937e+03 2.188894328680509371e+00 7.464511066857848043e+00 9.029526776143249663e+03
1.773877585496439906e+03 1.648939727941267641e+00 7.488604276828688455e+00 9.029526777131108247e+03
1.898661750873678102e+03 1.471386214823501737e+00 7.454009168088014725e+00 9.029526787147866344e+03
1.820280410602543043e+03 1.626072002666390182e+00 7.445814609847984045e+00 9.029526823524687643e+03
1.505881687008326480e+03 2.295078149824764768e+00 7.464345119293855468e+00 9.029526841509668884e+03
1.727325182721930787e+03 1.854528650247465604e+00 7.458497773938259634e+00 9.029526878353186476e+03
1.745836125362847724e+03 1.736122227914728811e+00 7.494334745039704870e+00 9.029527372207296139e+03
1.528013785113280164e+03 2.191071408202375004e+00 7.483259780559665231e+00 9.029527547171926926e+03
1.657933003803687825e+03 1.918978852082100950e+00 7.474623381935010968e+00 9.029527662632814099e+03
1.677078399552068731e+03 1.917625040603119890e+00 7.451423809444054136e+00 9.029527689791582816e+03
1.964017738736557476e+03 1.297907068112776230e+00 7.461020812639656441e+00 9.029527890766637938e+03
1.766224172353101494e+03 1.766146450833691928e+00 7.475063313452031011e+00 9.029527963881524556e+03
1.813899798061491765e+03 1.557954651443984151e+00 7.486277001104035378e+00 9.029528413365535016e+03
1.704746548854451021e+03 1.879434343914987204e+00 7.473813963731276822e+00 9.029528478995569458e+03
1.749791952419030167e+03 1.734912227796934214e+00 7.468418297559422214e+00 9.029529152658715248e+03
1.625690196427682849e+03 2.029458231000201174e+00 7.454627647297006554e+00 9.029529227051420094e+03
1.588704369376933982e+03 2.107110454827828327e+00 7.435786960736749940e+00 9.029529405977156785e+03
1.666094339154996533e+03 1.861930285640204685e+00 7.501427630839801353e+00 9.029530110146988591e+03
1.540335040285894820e+03 2.190976929740140910e+00 7.449520599659911646e+00 9.029530480698313113e+03
1.630903804595037172e+03 2.019499571743856414e+00 7.478126897437265441e+00 9.029530623394177383e+03
1.998439743128749797e+03 1.238650914865086383e+00 7.468920472231162400e+00 9.029530948806846936e+03
1.833927051137644867e+03 1.515002924707611998e+00 7.457981695600095939e+00 9.029531025746273372e+03
1.522672086205744790e+03 2.243185078920518549e+00 7.464272166447455170e+00 9.029531257177826774e+03
1.514712492600493988e+03 2.302939776871236077e+00 7.489205967178348189e+00 9.029531335413294073e+03
1.983315394716958053e+03 1.324095622426163521e+00 7.442788984128818619e+00 9.029531368544910947e+03
1.836808095849329220e+03 1.580000897907026136e+00 7.438486907238702983e+00 9.029531437469533557e+03
1.953745825320477707e+03 1.389568513697552632e+00 7.458655193637098613e+00 9.029531508434140051e+03
1.833927051137644867e+03 1.515002924707611998e+00 7.457981695600095939e+00 9.029531821081014641e+03
1.519089841215734850e+03 2.091184112240023651e+00 7.467506972472048865e+00 9.029532276010291753e+03
1.733743566723923550e+03 1.809237657554553680e+00 7.417319061496398191e+00 9.029532539452160563e+03
1.799974580963753169e+03 1.584104334547394410e+00 7.463539124272532632e+00 9.029532561750507739e+03
1.946215922536726112e+03 1.381580482114929787e+00 7.460492360822205349e+00 9.029532635172499795e+03
1.536086070241544576e+03 2.200819850541979150e+00 7.470319911186520834e+00 9.029532986828515277e+03
1.916954311457636322e+03 1.447071355517816293e+00 7.468991952024310876e+00 9.029533242728635742e+03
1.752730791256189605e+03 1.783168980582498842e+00 7.464414199565658770e+00 9.029533318506984870e+03
1.760661345309110402e+03 1.776169256636870530e+00 7.451380259122778682e+00 9.029533719952472893e+03
1.688960494587715175e+03 1.909474361774882389e+00 7.475518342361389124e+00 9.029534127514940337e+03
1.766224172353101494e+03 1.766146450833691928e+00 7.475063313452031011e+00 9.029534147162759837e+03
1.885540359108509165e+03 1.432526392467765808e+00 7.453995625439450379e+00 9.029534224835175337e+03
1.886548191086900943e+03 1.496934339673253733e+00 7.455233003223831645e+00 9.029534993851546460e+03
1.759947570542596850e+03 1.703205966914818292e+00 7.457196112415677369e+00 9.029535060432152022e+03
1.798828142177629616e+03 1.604174677666660775e+00 7.444605026338946274e+00 9.029535197249462726e+03
1.787012486753695612e+03 1.689239508601831696e+00 7.461118703878267588e+00 9.029535325563287188e+03
1.685124043101662892e+03 1.889638525131730251e+00 7.475843523140009772e+00 9.029535357641063456e+03
1.864073858342366520e+03 1.531971983140856031e+00 7.449221109737554691e+00 9.029535446504562060e+03
1.724888892493626827e+03 1.692144600661281695e+00 7.486660727472932209e+00 9.029535537374142223e+03
1.648780117637271132e+03 1.998126384122037580e+00 7.460624785072021758e+00 9.029535713670520636e+03
1.782939454603800186e+03 1.747121166581287355e+00 7.474644114944860362e+00 9.029535723197637708e+03
1.904189592056295623e+03 1.428096912289998466e+00 7.470253891705490368e+00 9.029535745957697145e+03
1.708718152865972343e+03 1.756560873557019953e+00 7.488655146178152755e+00 9.029535912419039960e+03
1.655095057580451339e+03 1.980835616813827027e+00 7.442543045388630318e+00 9.029535914024671001e+03
1.513159610780794083e+03 2.179801019052862276e+00 7.476672183258382454e+00 9.029536021704876475e+03
1.834037197918057473e+03 1.577940931363298160e+00 7.475652530578581256e+00 9.029536513868306429e+03
1.858585685951395817e+03 1.509614278838874446e+00 7.469076957390238469e+00 9.029536591374466298e+03
1.544368941905477186e+03 2.191784811412967215e+00 7.493294212050577663e+00 9.029537143276247662e+03
1.776473275629797172e+03 1.675986570898351458e+00 7.441175021409430990e+00 9.029537179421982728e+03
1.694313925981473176e+03 1.834809426032030677e+00 7.469145121752191585e+00 9.029537353871684900e+03
1.904189592056295623e+03 1.428096912289998466e+00 7.470253891705490368e+00 9.029537597527303660e+03
1.959212455288157798e+03 1.412168557598534768e+00 7.447416494428809486e+00 9.029537797217102707e+03
1.856106944745112514e+03 1.592623445419921957e+00 7.471016378005359115e+00 9.029537856352393646e+03
1.640896425716278372e+03 1.966209796940767474e+00 7.449940599876447855e+00 9.029538157775106811e+03
1.815220249748413607e+03 1.639120986133977942e+00 7.475676599361854358e+00 9.029538306421978632e+03
1.695067431944238251e+03 1.855691773023611990e+00 7.469980770295649997e+00 9.029539166425203803e+03
1.704148379215783507e+03 1.931490601138533991e+00 7.475142678972412469e+00 9.029539190684503410e+03
1.786964207749688285e+03 1.700873691428503642e+00 7.467297267093325530e+00 9.029539378552788548e+03
1.594595768426143195e+03 2.013538202565333002e+00 7.498757741023327483e+00 9.029539437640249162e+03
1.989680961932708442e+03 1.306361813763182722e+00 7.447431344927051278e+00 9.029539804651170925e+03
1.842521811832856201e+03 1.498805472416181672e+00 7.477764903884423831e+00 9.029540130621018761e+03
1.517740750157841148e+03 2.206613426851530058e+00 7.453322108573809501e+00 9.029540219199721832e+03
1.738185302471055365e+03 1.789562195611427153e+00 7.449672443924761467e+00 9.029540446835633702e+03
1.925128050715252812e+03 1.467391659851944530e+00 7.472376209939586289e+00 9.029540487586176823e+03
1.703693181463063411e+03 1.837127358620646245e+00 7.462391326402594949e+00 9.029540530724321798e+03
1.573194250890898729e+03 2.063117966521738733e+00 7.478311524408557176e+00 9.029540992099215146e+03
1.641006774623479487e+03 1.903976887986367661e+00 7.478416103647063551e+00 9.029541002395419127e+03
1.570948628240161270e+03 2.177055835910069348e+00 7.460369507732267813e+00 9.029541018960291694e+03
1.923037473348300409e+03 1.433856772709252603e+00 7.473269780052572919e+00 9.029541171370430675e+03
1.992442250491489176e+03 1.332610191843219827e+00 7.486067900740597025e+00 9.029541248153293054e+03
1.682282229088498298e+03 1.907427436048421798e+00 7.449093494390774950e+00 9.029541304712514830e+03
1.577213823347161451e+03 2.080533831649529652e+00 7.465091849772536925e+00 9.029541397212640732e+03
1.655052705396989268e+03 1.944482115269132061e+00 7.454603156721794299e+00 9.029541462335240794e+03
1.667538038691941210e+03 1.931444724526629519e+00 7.462295340073952232e+00 9.029541904795172741e+03
1.640258586620461983e+03 1.891670994228611402e+00 7.477513156201581523e+00 9.029542041694585350e+03
1.905831084160189675e+03 1.495799127862809330e+00 7.479217316892693646e+00 9.029542294565046177e+03
1.744818565114327384e+03 1.716230680741729797e+00 7.461654930407576991e+00 9.029542303454203648e+03
1.687319113005101372e+03 1.877632079925146469e+00 7.470298804964502715e+00 9.029542385143800857e+03
1.836100761938979304e+03 1.573506196117632649e+00 7.475043289295792981e+00 9.029542406371812831e+03
1.905704277816600097e+03 1.487931836792853346e+00 7.482222599679479558e+00 9.029542676978824602e+03
1.748505261459563599e+03 1.743217723538581065e+00 7.475899888703184892e+00 9.029542744837279315e+03
1.798828142177629616e+03 1.604174677666660775e+00 7.444605026338946274e+00 9.029542785288165760e+03
1.690313845407050849e+03 1.904225399355514048e+00 7.484843270254733838e+00 9.029542896264127194e+03
1.692119172350984627e+03 1.923094808487547436e+00 7.462119292576197438e+00 9.029542982142067558e+03
1.842788184860209185e+03 1.574877523988615691e+00 7.493112340026287121e+00 9.029543050908707301e+03
1.760270390770354425e+03 1.743479523231048045e+00 7.471757264144825328e+00 9.029543107224604682e+03
1.803204872524422171e+03 1.518455474289440277e+00 7.489930269553906506e+00 9.029543236884303042e+03
1.904056251798705262e+03 1.463828401037738258e+00 7.452385742497908971e+00 9.029543305654877258e+03
1.864073858342366520e+03 1.531971983140856031e+00 7.449221109737554691e+00 9.029543832161198225e+03
1.588289477445333659e+03 2.123264006681638616e+00 7.472516294859315344e+00 9.029543837979997988e+03
1.716800965241292488e+03 1.806182574427928289e+00 7.457969098118882201e+00 9.029544042809513485e+03
1.731347756767651845e+03 1.858514121099674954e+00 7.451611496899091414e+00 9.029544146213753265e+03
1.721465841052813403e+03 1.850757636744610579e+00 7.480712866209058731e+00 9.029544289037932685e+03
1.993191582260025370e+03 1.298362328715867875e+00 7.460271720048992528e+00 9.029544411843855414e+03
1.689608878395184547e+03 1.882736836178271922e+00 7.465880846234730583e+00 9.029544441765754527e+03
1.586931485351285346e+03 2.028287861028008621e+00 7.499262802958368113e+00 9.029544732403672242e+03
1.714668132510731084e+03 1.881223813052620653e+00 7.473679627079488519e+00 9.029544755766599337e+03
1.792174848954725803e+03 1.595002017974273434e+00 7.465507358017394068e+00 9.029544981388544329e+03
1.506567129338018276e+03 2.197221065332536583e+00 7.481868123790063052e+00 9.029545079707457262e+03
1.638688053979460165e+03 2.044129152181443310e+00 7.449993038053147387e+00 9.029545239700217280e+03
1.581246929485296505e+03 2.037200918696784768e+00 7.473696956824218418e+00 9.029545314241964661e+03
1.543504583477506230e+03 2.236315816245286303e+00 7.456068638814397964e+00 9.029545409385145831e+03
1.773098421317538623e+03 1.732374438615043477e+00 7.437311477346252531e+00 9.029545426978402247e+03
1.601328744263244062e+03 2.057451418097954843e+00 7.483957812135675347e+00 9.029545769780548653e+03
1.901929087699688353e+03 1.488825494640932945e+00 7.486669263734568425e+00 9.029545773040721542e+03
1.802383696812011294e+03 1.657815578391460098e+00 7.481220278231170973e+00 9.029545903886526503e+03
1.927830928658325547e+03 1.422415663232887706e+00 7.468670139507479711e+00 9.029546074743870122e+03
1.676581549510807690e+03 1.877871396093444556e+00 7.426053826477621023e+00 9.029546104726881822e+03
1.768895347664399878e+03 1.683120220435809777e+00 7.472693742169943754e+00 9.029546166157169864e+03
1.640896425716278372e+03 1.966209796940767474e+00 7.449940599876447855e+00 9.029546438858198599e+03
1.570140149128886151e+03 2.106657505122451202e+00 7.468401387839391781e+00 9.029546501719269145e+03
1.542319487732629568e+03 2.286590916328904211e+00 7.475155300057849672e+00 9.029546680100507729e+03
1.661346244265798305e+03 1.828321809082450455e+00 7.478911645305610811e+00 9.029547005831993374e+03
1.914277127215967312e+03 1.530327349425580685e+00 7.431326587832750796e+00 9.029547139425994828e+03
1.775853746507441883e+03 1.637222627776790285e+00 7.451112176329297121e+00 9.029547330066059658e+03
1.655254172166191438e+03 1.922505841781744662e+00 7.482322965928677405e+00 9.029547393785007444e+03
1.987244044338047388e+03 1.275984154956085304e+00 7.483582385291152050e+00 9.029547399839253558e+03
1.726723698776500214e+03 1.778302503599266338e+00 7.470396792783464690e+00 9.029547621613273805e+03
1.665859363690105738e+03 1.936487548460203767e+00 7.487114527065267033e+00 9.029547643573481764e+03
1.862496565819914395e+03 1.454087403222418251e+00 7.455796298487994633e+00 9.029547833351400186e+03
1.761421198243380559e+03 1.713656982832944875e+00 7.497588775685928297e+00 9.029547833870721661e+03
1.863173703978563935e+03 1.540948492572281836e+00 7.468331903568437014e+00 9.029547915833754814e+03
1.838832254355450459e+03 1.504043171807516899e+00 7.444310154742233010e+00 9.029547939787418727e+03
1.859521234872210698e+03 1.502729681561612018e+00 7.463897021175943003e+00 9.029547957685115762e+03
1.736062482471480280e+03 1.680482294150499767e+00 7.445306826220330798e+00 9.029548173242787016e+03
1.526505449214776490e+03 2.085163338985142722e+00 7.489646739806262943e+00 9.029548244822977722e+03
1.935471891125815091e+03 1.319988655513672393e+00 7.484342295847612014e+00 9.029548335440733354e+03
1.502400163045726231e+03 2.224087702862155957e+00 7.478504420445041490e+00 9.029548465931231476e+03
1.636793497066315922e+03 1.751048193370735362e+00 7.482623058217974688e+00 9.029548550373117905e+03
1.671599228738679358e+03 1.905484507329557875e+00 7.468213115656045176e+00 9.029548857121075343e+03
1.800215153144577243e+03 1.577112536845680424e+00 7.462068606390251269e+00 9.029548872984865739e+03
1.962460902905437251e+03 1.362791355716179487e+00 7.466925368508381844e+00 9.029548894503843258e+03
1.999679327854221128e+03 1.238900157512730749e+00 7.486771076690789783e+00 9.029549005614509952e+03
1.830039202224470500e+03 1.590497724991022155e+00 7.466936812435982063e+00 9.029549184740810233e+03
1.631022406373708918e+03 2.117088504301395169e+00 7.445520610118453675e+00 9.029549856451150845e+03
1.987647236882003426e+03 1.281347488871816376e+00 7.468644885268564515e+00 9.029550472864842959e+03
1.642945195473495005e+03 1.971161377359674782e+00 7.475909206298589460e+00 9.029550576453524627e+03
1.905462757602686679e+03 1.494590210300357880e+00 7.453865757971430028e+00 9.029550775635869286e+03
1.947490016115790240e+03 1.407303703715894638e+00 7.458132433460010091e+00 9.029551005289722525e+03
1.875627882473122327e+03 1.526567154102672408e+00 7.486443008056753889e+00 9.029551138774269930e+03
1.948240358304183246e+03 1.335095896563232687e+00 7.474566622281492378e+00 9.029551482179607774e+03
1.585932707799516038e+03 2.013810682910571970e+00 7.471713782703737650e+00 9.029551530071887100e+03
1.688621993092704543e+03 1.791520718200340756e+00 7.452466033028277259e+00 9.029551652049185577e+03
1.751131634298838662e+03 1.702198518161321061e+00 7.469137764774363752e+00 9.029551724061722780e+03
1.934844503183772076e+03 1.395471330078703609e+00 7.464704207146436232e+00 9.029551841334439814e+03
1.886655622666419276e+03 1.479538135451388570e+00 7.480477112150913932e+00 9.029552532840749336e+03
1.939011170695076544e+03 1.421050205852627091e+00 7.485813477256177073e+00 9.029552639262552475e+03
1.705706673710224322e+03 1.744981295469768323e+00 7.489056604478822265e+00 9.029552951994390241e+03
1.712296164352613005e+03 1.869856695365067267e+00 7.474299560626639582e+00 9.029553084130031493e+03
1.861327797763899753e+03 1.645484339818704900e+00 7.486110016798802391e+00 9.029553254377635312e+03
1.686755735333936400e+03 1.824571659498100074e+00 7.460256040882236483e+00 9.029553264819593096e+03
1.824756529395890993e+03 1.643805415726367292e+00 7.458167662212107807e+00 9.029553401855997436e+03
1.878593240814623414e+03 1.504036785614156546e+00 7.481610996128702951e+00 9.029553431411228303e+03
1.797267741756267242e+03 1.622205001014276116e+00 7.475414308477326131e+00 9.029553584990771924e+03
1.732630861763479970e+03 1.712674308376068932e+00 7.461621763646308914e+00 9.029553636865006411e+03
1.991740108784760196e+03 1.283049593027703494e+00 7.467264103919042384e+00 9.029553802677499334e+03
1.838832254355450459e+03 1.504043171807516899e+00 7.444310154742233010e+00 9.029553832603565752e+03
1.523784339559034606e+03 2.214796851506251496e+00 7.486110146466783632e+00 9.029554003635857953e+03
1.874532983710242888e+03 1.516392334306888356e+00 7.455766124956774377e+00 9.029554479285938214e+03
1.780756385922363279e+03 1.682115333200626450e+00 7.456850024969613244e+00 9.029554508001774593e+03
1.817837692463648182e+03 1.645699026605427662e+00 7.436577985261829227e+00 9.029554891323290576e+03
1.557519363699266250e+03 2.109921392616780800e+00 7.457916156948953379e+00 9.029555066597813493e+03
1.785352977294840457e+03 1.711839432305773290e+00 7.455146187918264999e+00 9.029555133106610811e+03
1.708235389074210616e+03 1.863705910421886047e+00 7.479473485964469148e+00 9.029555138333433206e+03
1.714745643412771642e+03 1.767617368341175554e+00 7.486580641173796735e+00 9.029555179922490424e+03
1.799437280773119028e+03 1.586858792925516015e+00 7.455488544116794181e+00 9.029555254104920095e+03
1.673110037674484829e+03 1.977107248506125181e+00 7.444143784592418989e+00 9.029555404755017662e+03
1.996898639178324856e+03 1.273812434601410359e+00 7.438598319175771856e+00 9.029555533940761961e+03
1.701983650722026596e+03 1.712851459324807424e+00 7.459962216581930150e+00 9.029555833220099885e+03
1.787495185869790475e+03 1.597381618816542614e+00 7.440449795449604053e+00 9.029556014552726992e+03
1.773877585496439906e+03 1.648939727941267641e+00 7.488604276828688455e+00 9.029556358653084317e+03
1.506567129338018276e+03 2.197221065332536583e+00 7.481868123790063052e+00 9.029556769862387227e+03
1.526590788901215092e+03 2.166425913010284532e+00 7.443074663458651763e+00 9.029556885290405262e+03
1.995259428366995962e+03 1.240739930492688714e+00 7.479877696392942532e+00 9.029556902390217147e+03
1.670242016757878673e+03 1.994623781761951431e+00 7.496631721597390552e+00 9.029557064651786277e+03
1.763099581527321334e+03 1.693402185864559817e+00 7.462328428955390613e+00 9.029557212253334001e+03
1.960908593444535882e+03 1.277019344382465782e+00 7.461141345481695275e+00 9.029557355203689440e+03
1.710721797707607720e+03 1.785050414561299759e+00 7.453501196414657137e+00 9.029557908310051062e+03
1.559767236082029513e+03 2.134981134017639448e+00 7.473725444733756440e+00 9.029557920553519580e+03
1.658807520682844824e+03 1.925858866346141784e+00 7.453451424347323773e+00 9.029557981860883956e+03
1.665547002403540773e+03 1.890761379029933131e+00 7.492868047282744470e+00 9.029558159711110420e+03
1.552332653514117510e+03 2.126442941267447484e+00 7.494081066396792501e+00 9.029558234935890141e+03
1.978608710355352514e+03 1.326304945221189246e+00 7.459252364284886028e+00 9.029558438935999220e+03
1.959212455288157798e+03 1.412168557598534768e+00 7.447416494428809486e+00 9.029558624296994822e+03
1.825506510077340181e+03 1.644901893274760107e+00 7.487219931958938091e+00 9.029558706511486889e+03
1.946761207634169750e+03 1.323672863901776964e+00 7.467751212908614988e+00 9.029558819608304475e+03
1.973039332436452014e+03 1.405221398788149445e+00 7.458766755194184306e+00 9.029558855181903709e+03
1.982007674245931184e+03 1.308452375861500983e+00 7.467756822407092265e+00 9.029558998312211770e+03
1.767722360942459318e+03 1.671766257720661786e+00 7.463891555215972140e+00 9.029559087094809001e+03
1.501703583244945094e+03 2.259993335660456459e+00 7.466046381833780998e+00 9.029559223058146017e+03
1.567590122906005263e+03 2.092164360302083637e+00 7.456268526395025908e+00 9.029559315651285942e+03
1.713972020676332477e+03 1.867785924695518851e+00 7.467505785793626671e+00 9.029559566184478172e+03
1.787973976389816471e+03 1.574909773201377927e+00 7.472027338810819153e+00 9.029559712600626881e+03
1.546300462024167700e+03 2.238569160058184515e+00 7.465244584248056370e+00 9.029559801044802953e+03
1.842866392238172466e+03 1.569739058600760684e+00 7.488912813252620815e+00 9.029559883805017307e+03
1.557075098546199115e+03 2.163030912762395452e+00 7.444939864871864543e+00 9.029560120391965029e+03
1.824159389735442801e+03 1.540095083369159346e+00 7.491948315195673835e+00 9.029560324766485792e+03
1.832125758491561555e+03 1.559283348235755762e+00 7.484283488977205856e+00 9.029560441474161053e+03
1.738507532586500247e+03 1.768352210406085590e+00 7.481818306882233038e+00 9.029560499881870783e+03
1.765063471654213117e+03 1.757400869164981616e+00 7.470034490917487169e+00 9.029560773819224778e+03
1.723053356411282948e+03 1.841673709661835634e+00 7.433572135939465753e+00 9.029560797961446951e+03
1.971537076402238881e+03 1.280945870474823778e+00 7.424568421553329856e+00 9.029560874299360876e+03
1.589601118058099473e+03 2.111821116957398825e+00 7.480750209475647949e+00 9.029560964992759182e+03
1.567304057354057250e+03 2.098753647302658898e+00 7.470371089131010223e+00 9.029561161048108261e+03
1.993872044356356582e+03 1.282737603614235944e+00 7.495243330721159225e+00 9.029561199679395941e+03
1.541330230915309357e+03 2.143530662559430588e+00 7.442671716128670845e+00 9.029561429732089891e+03
1.696184937697393707e+03 1.859929532649116313e+00 7.487102411821742187e+00 9.029561653622993617e+03
1.818743598741365076e+03 1.632913439177116288e+00 7.459451482844030146e+00 9.029561817054116545e+03
1.858585685951395817e+03 1.509614278838874446e+00 7.469076957390238469e+00 9.029561998899915125e+03
1.548649963278326140e+03 1.989139443116380246e+00 7.470519100366281862e+00 9.029562109280312143e+03
1.645509140953416136e+03 1.992468204080797500e+00 7.450273065733212796e+00 9.029562187167512093e+03
1.727325182721930787e+03 1.854528650247465604e+00 7.458497773938259634e+00 9.029562546117196689e+03
1.918545125487815767e+03 1.440727940081125036e+00 7.481742007580334253e+00 9.029562607465582914e+03
1.878552098109434610e+03 1.517666725153173468e+00 7.456668746810644954e+00 9.029563109891982094e+03
1.678497417477670524e+03 1.908427579323161760e+00 7.487268827268172444e+00 9.029563158863544231e+03
1.745086116410860086e+03 1.747132740600494838e+00 7.443577267688914922e+00 9.029563298839084382e+03
1.632612579226576599e+03 2.030350212953057287e+00 7.447110980989241291e+00 9.029563378495467987e+03
1.657087124729011521e+03 1.959866549156438209e+00 7.454856287239280732e+00 9.029563717327204358e+03
1.665547002403540773e+03 1.890761379029933131e+00 7.492868047282744470e+00 9.029563883585700751e+03
1.647204901168604920e+03 1.973049256025563025e+00 7.450037183548554154e+00 9.029563902124247761e+03
1.637595606440686879e+03 1.973267280469179319e+00 7.472915624773351695e+00 9.029564393248751003e+03
1.568703899102353944e+03 2.104991510233534591e+00 7.482340841665997111e+00 9.029564537334123088e+03
1.998937868245200889e+03 1.283794491956834705e+00 7.457522084980042543e+00 9.029564576878992739e+03
1.518564229737775122e+03 2.322916278963944592e+00 7.477403003122119252e+00 9.029565532323300431e+03
1.601328744263244062e+03 2.057451418097954843e+00 7.483957812135675347e+00 9.029565623033156953e+03
1.670700099328835222e+03 1.932165266100992929e+00 7.463546799816091593e+00 9.029565761211531935e+03
1.792359734067842965e+03 1.671359155805509644e+00 7.461640328773864184e+00 9.029565795628057458e+03
1.681482649852562645e+03 1.906319124708252710e+00 7.468097573403690959e+00 9.029565841337667734e+03
1.815205746314496537e+03 1.595837738092111380e+00 7.460429841942516127e+00 9.029565937926578044e+03
1.965787061034641283e+03 1.325800349731160566e+00 7.456890310646220321e+00 9.029565969524677712e+03
1.765063471654213117e+03 1.757400869164981616e+00 7.470034490917487169e+00 9.029566071982422727e+03
1.501492533519212202e+03 2.292492303552180033e+00 7.429835168294188108e+00 9.029566114975270466e+03
1.751915987654517039e+03 1.580582885759050260e+00 7.443634792640754227e+00 9.029566155458081994e+03
1.680197979339184712e+03 1.918265259469692730e+00 7.445528923501429475e+00 9.029566229679776370e+03
1.819936292951145788e+03 1.707214393957465548e+00 7.486120194904880343e+00 9.029566279668681091e+03
1.964490518573735471e+03 1.299630682409997240e+00 7.441763485077697027e+00 9.029566429578719180e+03
1.617489823062095184e+03 2.005783325996401523e+00 7.453752624775749069e+00 9.029566540226333018e+03
1.660777541555801463e+03 1.998671664223491851e+00 7.468209589675453230e+00 9.029566715150627715e+03
1.976056180827973094e+03 1.285148354962506678e+00 7.478383924390738180e+00 9.029566729450581988e+03
1.735793508346336466e+03 1.716656062223046453e+00 7.454441423123844501e+00 9.029566949179808944e+03
1.896281729316848214e+03 1.501987089985208135e+00 7.467287504071919102e+00 9.029566953637146071e+03
1.956176401970494226e+03 1.318450490496661853e+00 7.446192046057583447e+00 9.029567043688852209e+03
1.713544163103973233e+03 1.862924571748987290e+00 7.465620092947014008e+00 9.029567058822236504e+03
1.776502946427925053e+03 1.560870868354106600e+00 7.472951972146807620e+00 9.029567110480656993e+03
1.782950557610761734e+03 1.633670466506876640e+00 7.460998725036708912e+00 9.029567360785296842e+03
1.616405143439716994e+03 2.024191558214776698e+00 7.450600622530290096e+00 9.029567518007477702e+03
1.526895549309558419e+03 2.266843044615558966e+00 7.462533098048600877e+00 9.029567811019431247e+03
1.714668132510731084e+03 1.881223813052620653e+00 7.473679627079488519e+00 9.029567969872447065e+03
1.551653144680290552e+03 2.145546978214049716e+00 7.478297660232486876e+00 9.029568121276104648e+03
1.928393141728640103e+03 1.388755602357767849e+00 7.472830931789581577e+00 9.029568772975764659e+03
1.783883948925815503e+03 1.615654727229099086e+00 7.453801118366571110e+00 9.029569138591246883e+03
1.884314057456561386e+03 1.558419449842632920e+00 7.456330226574015896e+00 9.029569150955006990e+03
1.884490362315808625e+03 1.553354710993760657e+00 7.470230942804585439e+00 9.029569174495954940e+03
1.974331443374856917e+03 1.355823819591652102e+00 7.462230314431512745e+00 9.029569487839880821e+03
1.842788184860209185e+03 1.574877523988615691e+00 7.493112340026287121e+00 9.029569551166876408e+03
1.705743774488060581e+03 1.811476685454149527e+00 7.472586665557872543e+00 9.029569684470649008e+03
1.617489823062095184e+03 2.005783325996401523e+00 7.453752624775749069e+00 9.029569723587717817e+03
1.714456321685906687e+03 1.764030157320434888e+00 7.470623922713450327e+00 9.029569830994476433e+03
1.964406857136948474e+03 1.283537149907921338e+00 7.440773307597606134e+00 9.029569958621848855e+03
1.892851562260957962e+03 1.537940414999000582e+00 7.454484504858115201e+00 9.029569960125725629e+03
1.692459829179794724e+03 1.834844410726357289e+00 7.471189784292334934e+00 9.029569971561904822e+03
1.556606160517002763e+03 2.111227993480151000e+00 7.455719041626848842e+00 9.029570157274720259e+03
1.946835574049692013e+03 1.371533323348118838e+00 7.473658128110363563e+00 9.029570207193541137e+03
1.760372248428459443e+03 1.678305226513812753e+00 7.476479161616037317e+00 9.029570255696624372e+03
1.661346745374113652e+03 1.891098246559886897e+00 7.440881613423781182e+00 9.029570267978924676e+03
1.975656623532541289e+03 1.268426287635704863e+00 7.489928828147569995e+00 9.029570308353193468e+03
1.761853773217553680e+03 1.722144502756955298e+00 7.430535950317119998e+00 9.029570427230792120e+03
1.989206081440944672e+03 1.303613013394059106e+00 7.456359503901084373e+00 9.029570476447364854e+03
1.902696023867768190e+03 1.499923793064309674e+00 7.451559972113137142e+00 9.029570688004103431e+03
1.595874090446542596e+03 2.160630867052939941e+00 7.465779985830362619e+00 9.029570955736053293e+03
1.920173407859413601e+03 1.483332981119506844e+00 7.448587258039642833e+00 9.029570959679618682e+03
1.657218257066927436e+03 1.935651072784108750e+00 7.456141639699374046e+00 9.029571179619051691e+03
1.661098932985101555e+03 1.957963415093286308e+00 7.486121835769907307e+00 9.029571492960636533e+03
1.608826847147629223e+03 2.047389623953119298e+00 7.461793290619565866e+00 9.029571618280186158e+03
1.661362678432526309e+03 1.917981873892793621e+00 7.482710956672478098e+00 9.029571732915503162e+03
1.771189046539815081e+03 1.694193105382288289e+00 7.456994579495691333e+00 9.029571975325843596e+03
1.626461533697822233e+03 1.985002014836676265e+00 7.470365797667115615e+00 9.029572159788162026e+03
1.683503107500996521e+03 1.850955888649043368e+00 7.474934375678762066e+00 9.029572193891895949e+03
1.577182341298179153e+03 2.087490067481659217e+00 7.471225732715819134e+00 9.029572327526302615e+03
1.545365921937159328e+03 2.099519872496183659e+00 7.489353406611208186e+00 9.029572502923321736e+03
1.982197877627666685e+03 1.283287421162667252e+00 7.455083018170584275e+00 9.029572598276821736e+03
1.882402734306157072e+03 1.491951034525790920e+00 7.457496031072439635e+00 9.029573000142387173e+03
1.655343478587054278e+03 1.957514082604606243e+00 7.460191715272007862e+00 9.029573205242608310e+03
1.685928861059434439e+03 1.864761303044947915e+00 7.441502931215758565e+00 9.029573439540077743e+03
1.638688053979460165e+03 2.044129152181443310e+00 7.449993038053147387e+00 9.029573447052540359e+03
1.941521526398846618e+03 1.402483123289571809e+00 7.474733752311035317e+00 9.029573520627920516e+03
1.561716012434084178e+03 2.166084766303540299e+00 7.458787616500083040e+00 9.029573732315948291e+03
1.571234568367832708e+03 2.114119452025920776e+00 7.424254222753891241e+00 9.029574267505007811e+03
1.950131899154094754e+03 1.352382017279752713e+00 7.473002247944393162e+00 9.029574319477304016e+03
1.911059183637180695e+03 1.497986564348251948e+00 7.469872518862863409e+00 9.029574340935885630e+03
1.736385710436122963e+03 1.721068293416418760e+00 7.459243508109818954e+00 9.029574560133652994e+03
1.697913482457204054e+03 1.838144475497478281e+00 7.464501604440841653e+00 9.029574837712831140e+03
1.942752651635073335e+03 1.397614021178615218e+00 7.468211360504889207e+00 9.029574877734925394e+03
1.760945901882091221e+03 1.706877706722768728e+00 7.464361131191661336e+00 9.029574887423257678e+03
1.975208228168018195e+03 1.293425005410268280e+00 7.485991621488857106e+00 9.029574925014614564e+03
1.618029352567160458e+03 1.984146313976635101e+00 7.474044399144415429e+00 9.029575089298832609e+03
1.580799953152929447e+03 2.035799603869402397e+00 7.465752094333456768e+00 9.029575542177954048e+03
1.739980915589425422e+03 1.672286292424112419e+00 7.462356466048142067e+00 9.029575542177954048e+03
1.624732700647613001e+03 1.944243804334112813e+00 7.478343757904831079e+00 9.029575680800169721e+03
1.961792089911500170e+03 1.326044262676434826e+00 7.469237224728094482e+00 9.029575921023106275e+03
1.664233717007806717e+03 1.919045888629937080e+00 7.452343023502854713e+00 9.029575971333431880e+03
1.662114766518817305e+03 1.852230494370466607e+00 7.461464405586188953e+00 9.029576340010595231e+03
1.651508944327618337e+03 1.905418546614158659e+00 7.475070210774847013e+00 9.029576415728910433e+03
1.694323433151771951e+03 1.875969461171081765e+00 7.482149824066036459e+00 9.029576872939613168e+03
1.882402734306157072e+03 1.491951034525790920e+00 7.457496031072439635e+00 9.029577055508290869e+03
1.969622194773412275e+03 1.305164199213272314e+00 7.478170666004245071e+00 9.029577191255099024e+03
1.945044822584316080e+03 1.381067740529705823e+00 7.471794039667497778e+00 9.029577557086915476e+03
1.982068307146760162e+03 1.323803932670536865e+00 7.474353624139205010e+00 9.029577626136981053e+03
1.990730688826651203e+03 1.248315952649507787e+00 7.442051491770808269e+00 9.029577847937749539e+03
1.918525737352021224e+03 1.401443289620899924e+00 7.451555420303255239e+00 9.029578301938676304e+03
1.799101517956594307e+03 1.602981509061188969e+00 7.457530373723768591e+00 9.029578755582590020e+03
1.978158305848932514e+03 1.325695563729686999e+00 7.473853644265606277e+00 9.029578939029563116e+03
1.739980915589425422e+03 1.672286292424112419e+00 7.462356466048142067e+00 9.029579340954800500e+03
1.589601118058099473e+03 2.111821116957398825e+00 7.480750209475647949e+00 9.029579473929676169e+03
1.795510305315315009e+03 1.627851144962637386e+00 7.451372005844474344e+00 9.029579656758705823e+03
1.958097405971677745e+03 1.357626269353790160e+00 7.465433123900912626e+00 9.029579787153590587e+03
1.862733616851948227e+03 1.459038227226349571e+00 7.471498720835493046e+00 9.029579943408794861e+03
1.602274397325635618e+03 1.986698692223281881e+00 7.484634664084619082e+00 9.029579952472779041e+03
1.916785594374204265e+03 1.435769858657246267e+00 7.468735105483824022e+00 9.029580045400234667e+03
1.926415387895626964e+03 1.409059685766261172e+00 7.458140141820409852e+00 9.029580138635108597e+03
1.590083101830645546e+03 2.067292703790860386e+00 7.453008828619571702e+00 9.029580163336142505e+03
1.935223521601403718e+03 1.420006470674238575e+00 7.463650094241475408e+00 9.029580195055435979e+03
1.851245704043249589e+03 1.524134576820419529e+00 7.470414887048770325e+00 9.029580315462430008e+03
1.607318995524884940e+03 2.088697572068933361e+00 7.452721390026638026e+00 9.029580336338300185e+03
1.853840518759333236e+03 1.618844788159430115e+00 7.451260732856456848e+00 9.029580713005847429e+03
1.564904882714761470e+03 2.181543637257842505e+00 7.483764165891972020e+00 9.029580775661886946e+03
1.541330230915309357e+03 2.143530662559430588e+00 7.442671716128670845e+00 9.029580867946173385e+03
1.651116361648855218e+03 1.988753477011598436e+00 7.472068959793726428e+00 9.029581018352353567e+03
1.878552098109434610e+03 1.517666725153173468e+00 7.456668746810644954e+00 9.029581094091287014e+03
1.900782475062485446e+03 1.429580753536729754e+00 7.478584436884021969e+00 9.029581511549038623e+03
1.693825457108667933e+03 1.915262012493986088e+00 7.464073467165922793e+00 9.029581627817522531e+03
1.604142899225280871e+03 1.996393155515882034e+00 7.467680274139654628e+00 9.029581734935736677e+03
1.924694100879943107e+03 1.471895569684947169e+00 7.472370629371783757e+00 9.029582063549625673e+03
1.523330441758817415e+03 2.189485785819487162e+00 7.496155111009235483e+00 9.029582114092063421e+03
1.994195037680460473e+03 1.240786962280263195e+00 7.471308630942904649e+00 9.029582412661931812e+03
1.542287596985356913e+03 2.226109844259942516e+00 7.478431797441085216e+00 9.029582600459094465e+03
1.867662905681963821e+03 1.600272767449079536e+00 7.473652778918358663e+00 9.029582633958567385e+03
1.606426316124137884e+03 1.947352325687423003e+00 7.462810791094915075e+00 9.029582838946575066e+03
1.738013497187587745e+03 1.881355252432889591e+00 7.476601906039127776e+00 9.029582938352505153e+03
1.986259331664381307e+03 1.348145003976555456e+00 7.436675121260937438e+00 9.029582946323744181e+03
1.810628679637530922e+03 1.579446239772908989e+00 7.447545820456583421e+00 9.029583016713744655e+03
1.589131409205585669e+03 2.056037515832023210e+00 7.469677038547406944e+00 9.029583073078187226e+03
1.644188344214150675e+03 1.967217442576897790e+00 7.456073656568055874e+00 9.029583140282478780e+03
1.581913802420057891e+03 2.066021796924616183e+00 7.471791152899847077e+00 9.029583244335159179e+03
1.518508748539782800e+03 2.263210924113925326e+00 7.483104853727823524e+00 9.029583363585985353e+03
1.954497709632436909e+03 1.346330011666302173e+00 7.460632480246569109e+00 9.029583465211460862e+03
1.677795849791075852e+03 1.920392857002338527e+00 7.479254952459973182e+00 9.029583740336185656e+03
1.696958225645330913e+03 1.952547914991654476e+00 7.477048419657405631e+00 9.029583774820030158e+03
1.894712511032958446e+03 1.482944794913785502e+00 7.450364199325603565e+00 9.029583853095917220e+03
1.995102436210398082e+03 1.292106257794606528e+00 7.470933833155496195e+00 9.029583955987900481e+03
1.928393141728640103e+03 1.388755602357767849e+00 7.472830931789581577e+00 9.029584523331150194e+03
1.805758387531349172e+03 1.641079893810609480e+00 7.473051051756917751e+00 9.029584660520809848e+03
1.716534052647083627e+03 1.878987992007161267e+00 7.477137734161001248e+00 9.029584734920083065e+03
1.646227990465770745e+03 2.145732929878158224e+00 7.463852254053061408e+00 9.029585000142687932e+03
1.513691703118500982e+03 2.268763907048430895e+00 7.453425755113145534e+00 9.029585024165526193e+03
1.641829317759285004e+03 1.964832283370203436e+00 7.471991642975886805e+00 9.029585062824868146e+03
1.787625321331163377e+03 1.652551034550082010e+00 7.467352675156749164e+00 9.029585073890139029e+03
1.689718550883448188e+03 1.852895286395257912e+00 7.450791230052660197e+00 9.029585159176382149e+03
1.545370676698048328e+03 2.226921988920064877e+00 7.459567817433814696e+00 9.029585281114670579e+03
1.844728555102774408e+03 1.639608073765912222e+00 7.484439642996142616e+00 9.029585286446250393e+03
1.761606684357983340e+03 1.649430020269947006e+00 7.466493106337340535e+00 9.029585504269580269e+03
1.869145708516137574e+03 1.592822573549590448e+00 7.485230500038804635e+00 9.029585597574374333e+03
1.742682424649414315e+03 1.712183457378671392e+00 7.487916943982177997e+00 9.029585816719003560e+03
1.839133849444457610e+03 1.620634309043044397e+00 7.480400603374297575e+00 9.029586101169074027e+03
1.734261006393569005e+03 1.817531159316518874e+00 7.461082806143380708e+00 9.029586436350758959e+03
1.918545125487815767e+03 1.440727940081125036e+00 7.481742007580334253e+00 9.029586611108168654e+03
1.609506430115532112e+03 2.111839956694329334e+00 7.447460942991826371e+00 9.029586672677307433e+03
1.775566255880815788e+03 1.578104633863697703e+00 7.446675447694734551e+00 9.029586688749603127e+03
1.508255078822033056e+03 2.296417787711206859e+00 7.470747932262129076e+00 9.029586773468203319e+03
1.707995339884446821e+03 1.845804662538810703e+00 7.476449213227788881e+00 9.029587051914471886e+03
1.721465841052813403e+03 1.850757636744610579e+00 7.480712866209058731e+00 9.029587096194583864e+03
1.690182808654580185e+03 1.866416544100033104e+00 7.474646785223817425e+00 9.029587133741024445e+03
1.734092093874975035e+03 1.812315006528054218e+00 7.449906139425598539e+00 9.029587269555444436e+03
1.753778823683307110e+03 1.690165531324033799e+00 7.453605123685941081e+00 9.029587348089049556e+03
1.951550767182921390e+03 1.373517028060718292e+00 7.447819413271570710e+00 9.029587373686930732e+03
1.665859363690105738e+03 1.936487548460203767e+00 7.487114527065267033e+00 9.029587442023517724e+03
1.898596336977116607e+03 1.500097493737460708e+00 7.461025576761558753e+00 9.029587458009476904e+03
1.544368941905477186e+03 2.191784811412967215e+00 7.493294212050577663e+00 9.029587820908272988e+03
1.728475119811279228e+03 1.811759540774074306e+00 7.458561110887123924e+00 9.029588068010212737e+03
1.635651237932118420e+03 1.902924181219093569e+00 7.438410038647403688e+00 9.029588081597916243e+03
1.533395632899506609e+03 2.239331958091063335e+00 7.480424456352693596e+00 9.029588557708009830e+03
1.591341502283914679e+03 2.146475481612305281e+00 7.450224179873758068e+00 9.029588673672231380e+03
1.545862817942532729e+03 2.203604167067899855e+00 7.454563825806710398e+00 9.029588751975566993e+03
1.752733841880285581e+03 1.737015444685202858e+00 7.462260309184419071e+00 9.029588890462226118e+03
1.977902791020486802e+03 1.319238633815236872e+00 7.473665578533427833e+00 9.029589283267179781e+03
1.976843361380975693e+03 1.311160976014672297e+00 7.479766412096419792e+00 9.029589621651330162e+03
1.967914572915252165e+03 1.416553642212696751e+00 7.459039309930982853e+00 9.029590350649154061e+03
1.970155400584902964e+03 1.400292889163734955e+00 7.455336946919785213e+00 9.029590411295568629e+03
1.682317669803509943e+03 1.875752756861735815e+00 7.482656871896349315e+00 9.029590531262818331e+03
1.612270587424322684e+03 2.046622748183920759e+00 7.477199069397953757e+00 9.029590868351871904e+03
1.937589813497204432e+03 1.340378065106557770e+00 7.459912989237546199e+00 9.029590876023294186e+03
1.785185785823207198e+03 1.687002318174538829e+00 7.444031149160139194e+00 9.029591009290701550e+03
1.992442250491489176e+03 1.332610191843219827e+00 7.486067900740597025e+00 9.029591462707183382e+03
1.632612579226576599e+03 2.030350212953057287e+00 7.447110980989241291e+00 9.029592302628234393e+03
1.716534052647083627e+03 1.878987992007161267e+00 7.477137734161001248e+00 9.029592460612229843e+03
1.613329283275169473e+03 2.047505155512089559e+00 7.447133269264297972e+00 9.029592577644016274e+03
1.638200208903533849e+03 1.894549609754220265e+00 7.473413565162318584e+00 9.029592749354285843e+03
1.563950746327431943e+03 2.136702837476470052e+00 7.481481081557039836e+00 9.029592911169798754e+03
1.883506545724641001e+03 1.539792733869428831e+00 7.463546176685260214e+00 9.029593101056565501e+03
1.787625321331163377e+03 1.652551034550082010e+00 7.467352675156749164e+00 9.029593191066787767e+03
1.685179115609690598e+03 1.981552192651728106e+00 7.457396127460960145e+00 9.029593272557465752e+03
1.625091785225886724e+03 1.961857626181619407e+00 7.447204996716076053e+00 9.029593424736609450e+03
1.818710465837250467e+03 1.567870598019021289e+00 7.480512335008817182e+00 9.029593465261341407e+03
1.975220572418347501e+03 1.335958963020927204e+00 7.454750348683802486e+00 9.029593476411215306e+03
1.661002829462036743e+03 1.892425089840042762e+00 7.462554512409429464e+00 9.029593491755760624e+03
1.963415073611852677e+03 1.338625325740627092e+00 7.487738605679015613e+00 9.029593540216916153e+03
1.742682424649414315e+03 1.712183457378671392e+00 7.487916943982177997e+00 9.029593602070743145e+03
1.976627303355069898e+03 1.318428846764447382e+00 7.460208501364958167e+00 9.029594250895430378e+03
1.757016322952087648e+03 1.663639660692640243e+00 7.443306891648840740e+00 9.029594738451343801e+03
1.667126661375978301e+03 1.906986255629991467e+00 7.460525287560859198e+00 9.029595713949242054e+03
1.996898639178324856e+03 1.273812434601410359e+00 7.438598319175771856e+00 9.029595763885947235e+03
1.545624557832464916e+03 2.142610721224036396e+00 7.457824580883209542e+00 9.029595965465005065e+03
1.632470354495763331e+03 1.958605175258974818e+00 7.463453683394939198e+00 9.029596278302025894e+03
1.753523916355056826e+03 1.739691287398784203e+00 7.451396067299725701e+00 9.029596522211961201e+03
1.635738859425242936e+03 2.030783244338336679e+00 7.474105549020646500e+00 9.029596554171055686e+03
1.684620331347505953e+03 1.858765341767831369e+00 7.464241144230039815e+00 9.029596560614154441e+03
1.603771203508925964e+03 2.073272435708582329e+00 7.455009109919608967e+00 9.029596655335384639e+03
1.884490362315808625e+03 1.553354710993760657e+00 7.470230942804585439e+00 9.029596956433577361e+03
1.919738309197361104e+03 1.478185065414123756e+00 7.464859627937896924e+00 9.029596969670890758e+03
1.666982240869701172e+03 1.893332727859236897e+00 7.447144902900342700e+00 9.029597089521257658e+03
1.647204901168604920e+03 1.973049256025563025e+00 7.450037183548554154e+00 9.029597092728699863e+03
1.743834415026055240e+03 1.710541119315339031e+00 7.462704999100994385e+00 9.029597426820639157e+03
1.676143800602450710e+03 1.968054101335985129e+00 7.452477793695115871e+00 9.029597497019503862e+03
1.732292520441340002e+03 1.812373620587774514e+00 7.468615979785873549e+00 9.029597973502057357e+03
1.679580621919785926e+03 1.819191487215993996e+00 7.475613664011722115e+00 9.029597985361366227e+03
1.920092257936806391e+03 1.414306516484286513e+00 7.466132948369659239e+00 9.029598361350104824e+03
1.509733696111313748e+03 2.209532182069079198e+00 7.458762926063827514e+00 9.029598435915109803e+03
1.531119838326373610e+03 2.173200658561530219e+00 7.466308462833641357e+00 9.029598529098851941e+03
1.645686669356468883e+03 1.918921945887138936e+00 7.471877268921954141e+00 9.029598632904782789e+03
1.754347012857781010e+03 1.705253275043265848e+00 7.478275671290711024e+00 9.029598835162214527e+03
1.599694903475763567e+03 1.953998483696604893e+00 7.468762649200828996e+00 9.029598855027157697e+03
1.805594934951642699e+03 1.604206391159032297e+00 7.490636527826363356e+00 9.029598929869447602e+03
1.897560082794935170e+03 1.460723681775097260e+00 7.468419637118569376e+00 9.029598947589580348e+03
1.635419344047425056e+03 1.956716180791360227e+00 7.456896101964324508e+00 9.029598982492732830e+03
1.693384841882297678e+03 1.913443317227172979e+00 7.509862059136884760e+00 9.029599495382302848e+03
1.920858870938678365e+03 1.407778430555978177e+00 7.489265169272807832e+00 9.029599527375061371e+03
1.860718842653025604e+03 1.533463332196006057e+00 7.452918466195881386e+00 9.029599699033351499e+03
1.511933953962618261e+03 2.142748638994738108e+00 7.451634677399353812e+00 9.029599710319365840e+03
1.626858611752778643e+03 1.903413729218352834e+00 7.460732801502495626e+00 9.029600102508620694e+03
1.995504144849361182e+03 1.319293306275564737e+00 7.445064023362005123e+00 9.029600459409955874e+03
1.667403008404326783e+03 1.830353361576533500e+00 7.477429668165492593e+00 9.029600516475735276e+03
1.973013685630154669e+03 1.351159870877511882e+00 7.463436765980280718e+00 9.029600544777864343e+03
1.828194014186567074e+03 1.676440759762491295e+00 7.488134496485280955e+00 9.029600663429308042e+03
1.581851757270506596e+03 2.072560247501858743e+00 7.473631622164156774e+00 9.029600726693788602e+03
1.784589200690308417e+03 1.566236953504646090e+00 7.446123784468702489e+00 9.029600728401181186e+03
1.838045152385748452e+03 1.625140474879367636e+00 7.458962046919255684e+00 9.029600768346472250e+03
1.982409650050636401e+03 1.293942499651033362e+00 7.462682178860487348e+00 9.029600862973880794e+03
1.588289477445333659e+03 2.123264006681638616e+00 7.472516294859315344e+00 9.029600895274474169e+03
1.624732700647613001e+03 1.944243804334112813e+00 7.478343757904831079e+00 9.029601102105751124e+03
1.589785202021694204e+03 1.977534938353537886e+00 7.464152354981587578e+00 9.029601281530785855e+03
1.662433393570707722e+03 1.990820324541027864e+00 7.455967842539375390e+00 9.029601399759640117e+03
1.976667524930922355e+03 1.286895154579787315e+00 7.460413972427513585e+00 9.029601473524167886e+03
1.995504144849361182e+03 1.319293306275564737e+00 7.445064023362005123e+00 9.029601743754325071e+03
1.736606650904788921e+03 1.766081554792148012e+00 7.430584845159065921e+00 9.029602121258732950e+03
1.867936375822562923e+03 1.504143607668761984e+00 7.475793377958035002e+00 9.029602164740377702e+03
1.819977492956523974e+03 1.623406332668158925e+00 7.424866470748674452e+00 9.029602378764258901e+03
1.925760866952497054e+03 1.380717673354261876e+00 7.459178330250065159e+00 9.029602514410664298e+03
1.543143740516163916e+03 2.101544512678457544e+00 7.465731537511162585e+00 9.029602769806735523e+03
1.892570755117994167e+03 1.425566739137673178e+00 7.467379042960849311e+00 9.029602951928365655e+03
1.961735482407810878e+03 1.405163090559522931e+00 7.468543613695846517e+00 9.029603077871890491e+03
1.659681263558941737e+03 1.878839378851705710e+00 7.481034171050608528e+00 9.029603372365163523e+03
1.543504583477506230e+03 2.236315816245286303e+00 7.456068638814397964e+00 9.029603531928645680e+03
1.714302759429902608e+03 1.852465225842659047e+00 7.443796735261031472e+00 9.029603680782282026e+03
1.674002118980708019e+03 1.938444769109000321e+00 7.470491653129435861e+00 9.029603714570526790e+03
1.818608457651425397e+03 1.686172169104821261e+00 7.445866958168075200e+00 9.029603795437998997e+03
1.743720544709572096e+03 1.730409362100713500e+00 7.449457042640033499e+00 9.029603931762154389e+03
1.723433497432542254e+03 1.800153412297926137e+00 7.462798826447476941e+00 9.029604195359770529e+03
1.681539858594449470e+03 1.865400159660132617e+00 7.478854308520660688e+00 9.029604263184392039e+03
1.835975497908066700e+03 1.615311757733093101e+00 7.458910830546271242e+00 9.029604362977954224e+03
1.696960821080382630e+03 1.902957678220619453e+00 7.466563755735624142e+00 9.029604896462014949e+03
1.531097491744079662e+03 2.310000907301120510e+00 7.476680634692891125e+00 9.029605190021007729e+03
1.638200208903533849e+03 1.894549609754220265e+00 7.473413565162318584e+00 9.029605382652551270e+03
1.679357822836346941e+03 1.888434432835360832e+00 7.451889382417011376e+00 9.029605734661956376e+03
1.965141374057693838e+03 1.358451804921819051e+00 7.467087689463028255e+00 9.029605772948934828e+03
1.923244713636921915e+03 1.514497686137304289e+00 7.450864770988990138e+00 9.029606008506834769e+03
1.618764359868750944e+03 2.044756561404631690e+00 7.486300736244816179e+00 9.029606232318192269e+03
1.523816186010193633e+03 2.230838931505257250e+00 7.473451598798773077e+00 9.029606393310868953e+03
1.960700943859233575e+03 1.320263464212109161e+00 7.461602944371725776e+00 9.029606608211699495e+03
1.999156124949306559e+03 1.207106666640145987e+00 7.426533185296405826e+00 9.029606779080015258e+03
1.558753597654221039e+03 2.105479775770466411e+00 7.460450451277916173e+00 9.029606803251021120e+03
1.518884378318208292e+03 2.228238847794643540e+00 7.440237552875247573e+00 9.029607090820873054e+03
1.837919203993328892e+03 1.560764237809392441e+00 7.462095210297768233e+00 9.029607222338128850e+03
1.670753761666692299e+03 1.960644627515135019e+00 7.470309116367491953e+00 9.029607239308925273e+03
1.826483821228986926e+03 1.521045164785803872e+00 7.458533580002020713e+00 9.029608839066031578e+03
1.627124739302048965e+03 1.986132344759248713e+00 7.491265236193741295e+00 9.029609073604879086e+03
1.866471431266037371e+03 1.546300112090456258e+00 7.478769245516037500e+00 9.029609270369877777e+03
1.988473358804135387e+03 1.316051023316487267e+00 7.469405240372548604e+00 9.029609738648183338e+03
1.750880089849441447e+03 1.686664028897529199e+00 7.463165011465723531e+00 9.029609894519675436e+03
1.700726172565414117e+03 1.836247866499287840e+00 7.491102457493719946e+00 9.029609916275356227e+03
1.930724539469663796e+03 1.463655433550886897e+00 7.473476650210162830e+00 9.029610011066928564e+03
1.784589200690308417e+03 1.566236953504646090e+00 7.446123784468702489e+00 9.029610786643237589e+03
1.803757813728877181e+03 1.561404734349852497e+00 7.471319217680739477e+00 9.029611264243450933e+03
1.685179115609690598e+03 1.981552192651728106e+00 7.457396127460960145e+00 9.029611265812853162e+03
1.704148379215783507e+03 1.931490601138533991e+00 7.475142678972412469e+00 9.029611304202249812e+03
1.636510549546753964e+03 1.911317760264721555e+00 7.461331566129540960e+00 9.029611383600811678e+03
1.664698718854320077e+03 1.905438871118133592e+00 7.450736762284360992e+00 9.029611658034429638e+03
1.922634855758215735e+03 1.444047612561734528e+00 7.506660922552911508e+00 9.029612035502264916e+03
1.869732661098544440e+03 1.522266744498717017e+00 7.464775435038031759e+00 9.029612328238914415e+03
1.929115662722358820e+03 1.407893160168432356e+00 7.474621469063245094e+00 9.029612404075623999e+03
1.936930658498796902e+03 1.362425758294022682e+00 7.461689155294143561e+00 9.029612631118870922e+03
1.764306854395518485e+03 1.744607961183934464e+00 7.483894654875769881e+00 9.029612709690565680e+03
1.935146397753080464e+03 1.420464466838268214e+00 7.446639790362753253e+00 9.029612984328559833e+03
1.732505858079082373e+03 1.779482790059505382e+00 7.458161334705914136e+00 9.029613040606480354e+03
1.984059379792597611e+03 1.302068963487652553e+00 7.445153355615923729e+00 9.029613550569296422e+03
1.888518322121445863e+03 1.508087203047340896e+00 7.464814547277724976e+00 9.029613577502181215e+03
1.863141269991294848e+03 1.514402537188161535e+00 7.456586981123921376e+00 9.029613712346505054e+03
1.899540526336197445e+03 1.511830616687587225e+00 7.466250794967324467e+00 9.029613725165030701e+03
1.535576464550498940e+03 2.280433603644276275e+00 7.448131608469406473e+00 9.029613731646995802e+03
1.526605781999232931e+03 2.187449991948394068e+00 7.444399651528741835e+00 9.029614149449162142e+03
1.545624557832464916e+03 2.142610721224036396e+00 7.457824580883209542e+00 9.029614264661386187e+03
1.625690196427682849e+03 2.029458231000201174e+00 7.454627647297006554e+00 9.029614434806162535e+03
1.569990153343238035e+03 2.126015615067244902e+00 7.468411769417812707e+00 9.029614527849820661e+03
1.891996110153882455e+03 1.490366415200368388e+00 7.467736502548402377e+00 9.029614621111024462e+03
1.545755736180580470e+03 2.164435945424062702e+00 7.444113097576809501e+00 9.029614879235654371e+03
1.726808311639015983e+03 1.790082667383025683e+00 7.454041124571720189e+00 9.029615281286240133e+03
1.556208006539533017e+03 2.227346135930539539e+00 7.469445244848457399e+00 9.029615405000959072e+03
1.866045876457245868e+03 1.498370687252206013e+00 7.465986987258529162e+00 9.029615406621202055e+03
1.591843225878588783e+03 2.045743634313668124e+00 7.461664871062788862e+00 9.029615477355286203e+03
1.634612016483703428e+03 1.938375203650448686e+00 7.445141387261294597e+00 9.029616065992840959e+03
1.863198498464605109e+03 1.513682258165507832e+00 7.488150286119006793e+00 9.029616575858106444e+03
1.749868447654328975e+03 1.753366998827077694e+00 7.463624545622190354e+00 9.029616766488485155e+03
1.539927585405521313e+03 2.191042459093339723e+00 7.499112823898456348e+00 9.029616952807806229e+03
1.717137886946745539e+03 1.755177603611841164e+00 7.422552727756252189e+00 9.029617420122929616e+03
1.684049925153836966e+03 1.770520409422984942e+00 7.500495912269755650e+00 9.029617520270019668e+03
1.844839945954895029e+03 1.554231051738239167e+00 7.455657839476490523e+00 9.029617762624520765e+03
1.903970930293257652e+03 1.461932500096916998e+00 7.462805614223221973e+00 9.029617965227274908e+03
1.684862076335770553e+03 1.858951314103549635e+00 7.440545851917257814e+00 9.029618194073256745e+03
1.611388715086177626e+03 1.899064556071369925e+00 7.466781146363747901e+00 9.029618440101221495e+03
1.960908593444535882e+03 1.277019344382465782e+00 7.461141345481695275e+00 9.029618565074260914e+03
1.878297872842003699e+03 1.506354166113390125e+00 7.488055944343384063e+00 9.029618641510989619e+03
1.970365720983269512e+03 1.312653518888749149e+00 7.474197660752873063e+00 9.029618659292604207e+03
1.847355049018256068e+03 1.589119652404868077e+00 7.456835382350043950e+00 9.029618697453182904e+03
1.649691942370547849e+03 1.984538810181746715e+00 7.458689440941554061e+00 9.029619278384685458e+03
1.845035562030046549e+03 1.604367968471034134e+00 7.475206576408571557e+00 9.029619548232711168e+03
1.951550767182921390e+03 1.373517028060718292e+00 7.447819413271570710e+00 9.029619757554150056e+03
1.577636355687510559e+03 2.040105353087539264e+00 7.459611963644676713e+00 9.029619763605674962e+03
1.998653486122832419e+03 1.206993467053679048e+00 7.456810037954909376e+00 9.029620314807756586e+03
1.607320266740229272e+03 1.925513758438077039e+00 7.475096082518297713e+00 9.029620381542756149e+03
1.567323384532300679e+03 2.022340441018190216e+00 7.446181074903607922e+00 9.029620435891654779e+03
1.773813081700454632e+03 1.617335571066681021e+00 7.469090111384866226e+00 9.029620579195816390e+03
1.830054217716457970e+03 1.686460744389026489e+00 7.436712737688377040e+00 9.029620732161307387e+03
1.729744330810456177e+03 1.821348934128848462e+00 7.476990391081646870e+00 9.029620791111663493e+03
1.875627882473122327e+03 1.526567154102672408e+00 7.486443008056753889e+00 9.029620827516884674e+03
1.936886472345590619e+03 1.427232262683518549e+00 7.481902944391371157e+00 9.029620932391439055e+03
1.722872662240698901e+03 1.780683817112041156e+00 7.486368922408008331e+00 9.029620942397083127e+03
1.994522415823841811e+03 1.291381829378179580e+00 7.481036779054247354e+00 9.029621346393401836e+03
1.694313925981473176e+03 1.834809426032030677e+00 7.469145121752191585e+00 9.029621416619329466e+03
1.678070899271094504e+03 1.801964282031405240e+00 7.476269888197903057e+00 9.029621428225294949e+03
1.936173588191691579e+03 1.324652434815776880e+00 7.482834320308243470e+00 9.029621502276808314e+03
1.591341502283914679e+03 2.146475481612305281e+00 7.450224179873758068e+00 9.029621914416278742e+03
1.814977282797280395e+03 1.597102958891524205e+00 7.470199158510883564e+00 9.029621992529975614e+03
1.561716012434084178e+03 2.166084766303540299e+00 7.458787616500083040e+00 9.029622020343842451e+03
1.908969137372180057e+03 1.475359296604437986e+00 7.475133913895076532e+00 9.029622564273120588e+03
1.812039197581649205e+03 1.613817059568986689e+00 7.456019660562670737e+00 9.029622703412956980e+03
1.682902301590316938e+03 1.909934600682056782e+00 7.469393865363127105e+00 9.029622936870347985e+03
1.536807179550754654e+03 2.142026996133521877e+00 7.454623605222636229e+00 9.029622952507414084e+03
1.955290510394215289e+03 1.365383410973620482e+00 7.466901078111582990e+00 9.029623156927822492e+03
1.684812285370084282e+03 1.896815035887291501e+00 7.454775144728566616e+00 9.029623286720372562e+03
1.956271009948479559e+03 1.380694166289090363e+00 7.480161375556942716e+00 9.029623360015120852e+03
1.619739402058900396e+03 1.937467456265758781e+00 7.451130914198991206e+00 9.029623391890991115e+03
1.690873771488274315e+03 1.867089293101709568e+00 7.461906931728965908e+00 9.029623424839010113e+03
1.567763038526419450e+03 2.246898873516273376e+00 7.459415138356691344e+00 9.029623485286234427e+03
1.998838266205491436e+03 1.221623097659341184e+00 7.451181544570660620e+00 9.029623634521078202e+03
1.678687441491580103e+03 1.925912787747723343e+00 7.467787645594194501e+00 9.029623705271980725e+03
1.828000712205105629e+03 1.516978982480735816e+00 7.458669062929578430e+00 9.029623724333712744e+03
1.634807604573521758e+03 1.938906594408797535e+00 7.452329494938080501e+00 9.029623831006036198e+03
1.623039988918731069e+03 1.992518741667259619e+00 7.457203243494693545e+00 9.029624131432026843e+03
1.995594569555863927e+03 1.302841790093430818e+00 7.475688341316839569e+00 9.029624164167522395e+03
1.919266507478961785e+03 1.378774397777924321e+00 7.442761412510990660e+00 9.029624384945229394e+03
1.989214232047924725e+03 1.274532730556130034e+00 7.477583901777969722e+00 9.029624742920204881e+03
1.982417864913945095e+03 1.376358582535911479e+00 7.424422222172904817e+00 9.029624932043860099e+03
1.738144118207759675e+03 1.699173773806370802e+00 7.449504470136826484e+00 9.029625092585985840e+03
1.513131737566804986e+03 2.254661756272979378e+00 7.439954646820112316e+00 9.029625279387031696e+03
1.663983465962190166e+03 2.004990560678246325e+00 7.470381660579765715e+00 9.029625446646978162e+03
1.964922188846670679e+03 1.297179967245018828e+00 7.494232269201021701e+00 9.029625670555991746e+03
1.589785202021694204e+03 1.977534938353537886e+00 7.464152354981587578e+00 9.029625734193743483e+03
1.711677455005404909e+03 1.840294871686300349e+00 7.479973942332801329e+00 9.029625905552689801e+03
1.921577572833520435e+03 1.435430613399475197e+00 7.440699890113760873e+00 9.029626397841682774e+03
1.775853746507441883e+03 1.637222627776790285e+00 7.451112176329297121e+00 9.029626600269561095e+03
1.625091785225886724e+03 1.961857626181619407e+00 7.447204996716076053e+00 9.029626631605920920e+03
1.797267741756267242e+03 1.622205001014276116e+00 7.475414308477326131e+00 9.029626725335354422e+03
1.693138326689757832e+03 1.862703459074819712e+00 7.468422895745801426e+00 9.029626783678120773e+03
1.738471420848058642e+03 1.764807991445030755e+00 7.489363794312607681e+00 9.029626989664342545e+03
1.792151252088052843e+03 1.611917385225193566e+00 7.464293934227760552e+00 9.029627066701939839e+03
1.667403008404326783e+03 1.830353361576533500e+00 7.477429668165492593e+00 9.029627375952501097e+03
1.653194853358189448e+03 1.958400206857497272e+00 7.467803130431377667e+00 9.029627392973839960e+03
1.718003233884863221e+03 1.772556348299340501e+00 7.487092501977982373e+00 9.029627738016846706e+03
1.711515481346320030e+03 1.783714714507138588e+00 7.488269740803263019e+00 9.029627751478190476e+03
1.586931485351285346e+03 2.028287861028008621e+00 7.499262802958368113e+00 9.029627954704854346e+03
1.561031072164913439e+03 2.154034820534897143e+00 7.453690368360510909e+00 9.029628100025514868e+03
1.557414413758188630e+03 2.273570114141577392e+00 7.481316207769478588e+00 9.029628370287344296e+03
1.980440117746665010e+03 1.324804691283818503e+00 7.454262381711682650e+00 9.029628834521419776e+03
1.724714955354281983e+03 1.825655490000040126e+00 7.444758309709369470e+00 9.029629136769344768e+03
1.699684569862014541e+03 1.983204811286386260e+00 7.459202559675119915e+00 9.029629297215567931e+03
1.561716012434084178e+03 2.166084766303540299e+00 7.458787616500083040e+00 9.029629447511289982e+03
1.691608159484541375e+03 1.817553892529786275e+00 7.467540750221265178e+00 9.029629864085587542e+03
1.958494961353918598e+03 1.366456255364109751e+00 7.462444759217489398e+00 9.029629982363881936e+03
1.804196660412584606e+03 1.620520256982221241e+00 7.459919904388113032e+00 9.029630022505047236e+03
1.667276252862884348e+03 1.870867418735740584e+00 7.491318285451179726e+00 9.029630437301369966e+03
1.523695023694559950e+03 2.232621455257444154e+00 7.445624486134322595e+00 9.029630570721203185e+03
1.945088774412887915e+03 1.376016044656170667e+00 7.459595722725957501e+00 9.029630941524897935e+03
1.710801637569177046e+03 1.814191376303910586e+00 7.433235490942334600e+00 9.029631005031516906e+03
1.930594892927351111e+03 1.445230498456865131e+00 7.459854651339298925e+00 9.029631091849256336e+03
1.936343298323051386e+03 1.370422775625282696e+00 7.461581143966762752e+00 9.029631614229963816e+03
1.828872468378925305e+03 1.573201265567355733e+00 7.468561848864139208e+00 9.029631614866117161e+03
1.968276283128283467e+03 1.355020894323508696e+00 7.473192533426517237e+00 9.029631630598050833e+03
1.576615887669840049e+03 2.100569030525472058e+00 7.460997191711069121e+00 9.029631754942156476e+03
1.872523072595804933e+03 1.557105252703284259e+00 7.442830501601043203e+00 9.029631801574485507e+03
1.737436769141541163e+03 1.714774120931203072e+00 7.459047692244187289e+00 9.029631937578953512e+03
1.506098087709765196e+03 2.265075228374536565e+00 7.481298026086523834e+00 9.029631991426269451e+03
1.618066524968695830e+03 2.002027699470084521e+00 7.474145821967355552e+00 9.029632189515759819e+03
1.786653720867779612e+03 1.586936482190486331e+00 7.464925598027627451e+00 9.029632193087776614e+03
1.665674924662450621e+03 1.927330578723615462e+00 7.500056393939449784e+00 9.029632283321028808e+03
1.688245072871211278e+03 1.976606639827469092e+00 7.446123733334017558e+00 9.029632322748175284e+03
1.646383143599203777e+03 1.876764393987513158e+00 7.466128413425647814e+00 9.029632880196073529e+03
1.975060775630694934e+03 1.340495821443324242e+00 7.450426183238285205e+00 9.029632902388584625e+03
1.872172238058734592e+03 1.583005705872309266e+00 7.441801021080821421e+00 9.029633199408015571e+03
1.586746328557377865e+03 2.065208664145848694e+00 7.444246132903038493e+00 9.029633229911380113e+03
1.926832324979449368e+03 1.416145986640522159e+00 7.465204378721339573e+00 9.029633280412246677e+03
1.724596831479431330e+03 1.787604959240345570e+00 7.449558355101944862e+00 9.029633359246863620e+03
1.689214680177014998e+03 1.876982552166092111e+00 7.451557117639852734e+00 9.029633573134484323e+03
1.687896537287837418e+03 1.790926106132924245e+00 7.482336366169614728e+00 9.029633781258458839e+03
1.870537748800805957e+03 1.533425224424230349e+00 7.460395083137687067e+00 9.029634030049237481e+03
1.722075252765385130e+03 1.793274248194741238e+00 7.454196443618723578e+00 9.029634056299824806e+03
1.578619485538494928e+03 2.107918623660948398e+00 7.472261259534621836e+00 9.029634214386180247e+03
1.559024043146980603e+03 2.177524974860148621e+00 7.482555527365430947e+00 9.029634400340359207e+03
1.920851517698210955e+03 1.425282050128321654e+00 7.464667364806480521e+00 9.029634561125112668e+03
1.646383143599203777e+03 1.876764393987513158e+00 7.466128413425647814e+00 9.029634593179427611e+03
1.899608221069355977e+03 1.556939093223780990e+00 7.451297062489591561e+00 9.029634599671875549e+03
1.610318099443021083e+03 2.048789094441232805e+00 7.465142469629902244e+00 9.029634747099587912e+03
1.650538404501207197e+03 1.854254862226894618e+00 7.481198599020483897e+00 9.029635060780836284e+03
1.612270587424322684e+03 2.046622748183920759e+00 7.477199069397953757e+00 9.029635088725624882e+03
1.894879464830719826e+03 1.571127337996900852e+00 7.443277986211020547e+00 9.029635264425203786e+03
1.743601234499510838e+03 1.732462103707199663e+00 7.480444894186705440e+00 9.029635364228759499e+03
1.954632460543504521e+03 1.367531978870046849e+00 7.469608250929480775e+00 9.029635372414479207e+03
1.818743598741365076e+03 1.632913439177116288e+00 7.459451482844030146e+00 9.029635501268807275e+03
1.818064552387157619e+03 1.632673226476713868e+00 7.460714209618299009e+00 9.029635613323402140e+03
1.820038411882871515e+03 1.630047570397595402e+00 7.461774387243081286e+00 9.029635639544167134e+03
1.670792685518774988e+03 1.874021013539662883e+00 7.473653442383001000e+00 9.029635684285558455e+03
1.639984740162502703e+03 1.885010589936376935e+00 7.470569074833610657e+00 9.029636130629733088e+03
1.529077139417603348e+03 2.255947088236603726e+00 7.468151775627142719e+00 9.029636424118112700e+03
1.636935270493383996e+03 2.087553780319478580e+00 7.478271232465354856e+00 9.029636546662826731e+03
1.923156179638883941e+03 1.407948477816947985e+00 7.465725244596502108e+00 9.029636676266089125e+03
1.757854928523053559e+03 1.751597158706641233e+00 7.471656828725365074e+00 9.029636873656092575e+03
1.771902854193190933e+03 1.627284475088835336e+00 7.435898846497778436e+00 9.029636877960769198e+03
1.588289477445333659e+03 2.123264006681638616e+00 7.472516294859315344e+00 9.029636986885661827e+03
1.911007679728806806e+03 1.509650305351427857e+00 7.433058565030219000e+00 9.029637232170429343e+03
1.587478151901235833e+03 2.134274987427548176e+00 7.457425318476991194e+00 9.029637421126981280e+03
1.547446358893010029e+03 2.137592844006712678e+00 7.445840439922933207e+00 9.029637516050679551e+03
1.630159216098331626e+03 1.905532032481225935e+00 7.452380263693178186e+00 9.029637540795854875e+03
1.964017738736557476e+03 1.297907068112776230e+00 7.461020812639656441e+00 9.029637560118539113e+03
1.561716012434084178e+03 2.166084766303540299e+00 7.458787616500083040e+00 9.029637755885014485e+03
1.939476688795396967e+03 1.307798244454812631e+00 7.438714177221847024e+00 9.029637932954719872e+03
1.883506545724641001e+03 1.539792733869428831e+00 7.463546176685260214e+00 9.029638080911299767e+03
1.526895549309558419e+03 2.266843044615558966e+00 7.462533098048600877e+00 9.029638268569397042e+03
1.944608116959977906e+03 1.374478413187955272e+00 7.499604453829071815e+00 9.029638351155505006e+03
1.677226511612721879e+03 1.922813018737384638e+00 7.480575444455958234e+00 9.029638378743220528e+03
1.841646332062962756e+03 1.498117579697092028e+00 7.479274395790630692e+00 9.029638410477113212e+03
1.982382101784995029e+03 1.317525829888190003e+00 7.477620046247276164e+00 9.029638519018129955e+03
1.757854928523053559e+03 1.751597158706641233e+00 7.471656828725365074e+00 9.029638945127242550e+03
1.980200933571547239e+03 1.321988423561374137e+00 7.468655439700250476e+00 9.029639227864083296e+03
1.913632095394651515e+03 1.421746520617337417e+00 7.471506919895203325e+00 9.029639338431263241e+03
1.809644043962641035e+03 1.648865882949461570e+00 7.455536258883969758e+00 9.029639612597144151e+03
1.943098035334790666e+03 1.470467201660657253e+00 7.467194227944820462e+00 9.029639697740341944e+03
1.667403008404326783e+03 1.830353361576533500e+00 7.477429668165492593e+00 9.029639742887828106e+03
1.886287851737131859e+03 1.487581701958614389e+00 7.440748885912131350e+00 9.029639970754948081e+03
1.655205791083820941e+03 1.922425013449978959e+00 7.485149310376970178e+00 9.029640357400421635e+03
1.677031352597510704e+03 1.849240455962899210e+00 7.473079619997812451e+00 9.029641325452592355e+03
1.725061071346089875e+03 1.824188603690722665e+00 7.467413827122160619e+00 9.029641420379404735e+03
1.727534125237756825e+03 1.783057081848846259e+00 7.480516749331013848e+00 9.029641423289916929e+03
1.812039197581649205e+03 1.613817059568986689e+00 7.456019660562670737e+00 9.029641430916961326e+03
1.765795213368186069e+03 1.599934839467039183e+00 7.457084116198281265e+00 9.029641442497313619e+03
1.867662905681963821e+03 1.600272767449079536e+00 7.473652778918358663e+00 9.029641442956519313e+03
1.961735482407810878e+03 1.405163090559522931e+00 7.468543613695846517e+00 9.029641804246703032e+03
1.952658948950822378e+03 1.373310087844660687e+00 7.475991823122452473e+00 9.029641890675889954e+03
1.954648081995844223e+03 1.355010539309053907e+00 7.461296933282615562e+00 9.029641906178736463e+03
1.644522724741693992e+03 1.967882567352069234e+00 7.462768706075906699e+00 9.029642112918301791e+03
1.752168617882168292e+03 1.707243268452521168e+00 7.459710320162432851e+00 9.029642207896171385e+03
1.590083101830645546e+03 2.067292703790860386e+00 7.453008828619571702e+00 9.029642279537591094e+03
1.957053618105773467e+03 1.333712980054671426e+00 7.474382269928001143e+00 9.029642408066181815e+03
1.603322577353336783e+03 2.047892156176589928e+00 7.457784222358440296e+00 9.029642596154493731e+03
1.837541178727465649e+03 1.527635898103699708e+00 7.493068987454681640e+00 9.029642635326217714e+03
1.581237765151312487e+03 2.044493062863972810e+00 7.485114673577149880e+00 9.029643129514477550e+03
1.702901587678708665e+03 1.714960461353546739e+00 7.476572607888201105e+00 9.029643282087356056e+03
1.994077711064878031e+03 1.295755178268861663e+00 7.461499833035965423e+00 9.029643340809654546e+03
1.931307535761542567e+03 1.383519668374032507e+00 7.455575125916404033e+00 9.029643352239118030e+03
1.993470108438728403e+03 1.291137717834684784e+00 7.460290314962593428e+00 9.029643432153952745e+03
1.693348900692472625e+03 1.853286687243217656e+00 7.449268134342762693e+00 9.029643577336468297e+03
1.581913802420057891e+03 2.066021796924616183e+00 7.471791152899847077e+00 9.029643637717295860e+03
1.909292477921000454e+03 1.512047511570666636e+00 7.480870153004947731e+00 9.029643919825704870e+03
1.563844734134131841e+03 2.245422677992688687e+00 7.471719151378750645e+00 9.029644037579409996e+03
1.921361259077011709e+03 1.503459144481704701e+00 7.464362913201678218e+00 9.029644160218382240e+03
1.575099309672255231e+03 2.091399488858311173e+00 7.451270993408674492e+00 9.029644229093608374e+03
1.980738035602664240e+03 1.299123938159105318e+00 7.478066590128610969e+00 9.029644229940282457e+03
1.924147120837703142e+03 1.504080758963698861e+00 7.458064340202246179e+00 9.029644497108718497e+03
1.894556917254296422e+03 1.482065041520513660e+00 7.457067858063207488e+00 9.029644690303801326e+03
1.587834001873181251e+03 2.115213153485106190e+00 7.458576639145334752e+00 9.029644715287173312e+03
1.878593240814623414e+03 1.504036785614156546e+00 7.481610996128702951e+00 9.029644794559040747e+03
1.528013785113280164e+03 2.191071408202375004e+00 7.483259780559665231e+00 9.029644931591872592e+03
1.667994048936396894e+03 1.913407890082505336e+00 7.466971713837806668e+00 9.029645226048985933e+03
1.890625065196740707e+03 1.572627436182019611e+00 7.432600117923016114e+00 9.029645325781631982e+03
1.680049537927743813e+03 1.923788968995383541e+00 7.490263517535638016e+00 9.029645341505864053e+03
1.994071567850186284e+03 1.253518283899391905e+00 7.503876134897856431e+00 9.029645398014601597e+03
1.653229328043585610e+03 1.909941303369059096e+00 7.473893556635612612e+00 9.029645464875828111e+03
1.744263476755507099e+03 1.695953157222215513e+00 7.462257484472459623e+00 9.029645518255965726e+03
1.696184937697393707e+03 1.859929532649116313e+00 7.487102411821742187e+00 9.029645937806943039e+03
1.573272572203095706e+03 2.056263877451744548e+00 7.481268624789065846e+00 9.029646228279443676e+03
1.964777497122759542e+03 1.378501109244709255e+00 7.484558844299723290e+00 9.029646229312815194e+03
1.626010305048417649e+03 1.989782058633011275e+00 7.466771343954871298e+00 9.029646317084740076e+03
1.854616771057013011e+03 1.525585546891154554e+00 7.469535905275876964e+00 9.029646322426056940e+03
1.645475179466119698e+03 1.970852903396784761e+00 7.464580089624153203e+00 9.029646344707274693e+03
1.508255078822033056e+03 2.296417787711206859e+00 7.470747932262129076e+00 9.029646431367376863e+03
1.787884839506343269e+03 1.713625152374039784e+00 7.455942993730795720e+00 9.029646478171527633e+03
1.871109571294699890e+03 1.554147370574020082e+00 7.461335976296576966e+00 9.029646621139734634e+03
1.700159848936878461e+03 1.897192421032385168e+00 7.466362963279191689e+00 9.029646715871565902e+03
1.787884839506343269e+03 1.713625152374039784e+00 7.455942993730795720e+00 9.029646745928512246e+03
1.684837529276719579e+03 1.833830314762362468e+00 7.466578767415404272e+00 9.029646880757565668e+03
1.653089466653832915e+03 1.966234808350211916e+00 7.456184163346790683e+00 9.029646893896497204e+03
1.872244089433545923e+03 1.470347064012563321e+00 7.467117477826429983e+00 9.029646904803541474e+03
1.932091619982003067e+03 1.397316931543560514e+00 7.452940195350187480e+00 9.029646908522579906e+03
1.621123765882058933e+03 1.973606571057291204e+00 7.460594056667210872e+00 9.029647132213838631e+03
1.579624427579245548e+03 2.087120418910212827e+00 7.448527796779650600e+00 9.029647266318161201e+03
1.870426012792193205e+03 1.522938648944055950e+00 7.457454048514557954e+00 9.029647292778859992e+03
1.797964377632725245e+03 1.660503488362785385e+00 7.424077280877997786e+00 9.029647342086944263e+03
1.799974580963753169e+03 1.584104334547394410e+00 7.463539124272532632e+00 9.029647448458665167e+03
1.722869959345543521e+03 1.761616134050708604e+00 7.466185798300862153e+00 9.029647452089038779e+03
1.680049537927743813e+03 1.923788968995383541e+00 7.490263517535638016e+00 9.029647764962588553e+03
1.894195760737765113e+03 1.492973502081852644e+00 7.477808488552663668e+00 9.029648270270454304e+03
1.729744330810456177e+03 1.821348934128848462e+00 7.476990391081646870e+00 9.029648329046169238e+03
1.611550747843820318e+03 2.043965510846376787e+00 7.459570348249752847e+00 9.029648434105332854e+03
1.596497709927876485e+03 2.053616039008937300e+00 7.481806810884365611e+00 9.029648490408268117e+03
1.903181859218628915e+03 1.531104580501739809e+00 7.442099335806896754e+00 9.029648574376105898e+03
1.624425307949590433e+03 2.086584673355826425e+00 7.463239020869932183e+00 9.029648958528512594e+03
1.948005251483695247e+03 1.304901799566058118e+00 7.471325181769750579e+00 9.029649088186146400e+03
1.852628600724840908e+03 1.532545224808280482e+00 7.469129047507665931e+00 9.029649671557712281e+03
1.772945225315708512e+03 1.586130940684656654e+00 7.474461701516466050e+00 9.029649765287544142e+03
1.675197684712202545e+03 1.881412605210411426e+00 7.467622172089058097e+00 9.029649837026614478e+03
1.751280712601405412e+03 1.772313824536523974e+00 7.456808905016849565e+00 9.029649934624172602e+03
1.678571691177900220e+03 1.909495677933868985e+00 7.479526010563461114e+00 9.029650030537091880e+03
1.834157253485108640e+03 1.580479290082393629e+00 7.476821394751390848e+00 9.029650140528576230e+03
1.703365058843324277e+03 1.882527119609928246e+00 7.469944955954843202e+00 9.029650241791070584e+03
1.953674079164056366e+03 1.357824377663398918e+00 7.466126174958368722e+00 9.029650268813707953e+03
1.766691116378023253e+03 1.691843138745083186e+00 7.469282706931272386e+00 9.029650404822728888e+03
1.818959774876789879e+03 1.486121760834223871e+00 7.486181334650793495e+00 9.029650429257368160e+03
1.776579771828770390e+03 1.675753989724435788e+00 7.447621216203648586e+00 9.029650472877343418e+03
1.797831067848095927e+03 1.609997821261644368e+00 7.446554606338730231e+00 9.029650720175370225e+03
1.628970563560317942e+03 2.035793218022051487e+00 7.495162507458951850e+00 9.029650762260114789e+03
1.979708757410828639e+03 1.365202918051991121e+00 7.449181465197727725e+00 9.029650914151592588e+03
1.803246918920614007e+03 1.634609180221778368e+00 7.471119997715887528e+00 9.029650972817267757e+03
1.632719876438785377e+03 1.995790949954362237e+00 7.463846587966660451e+00 9.029651008093338532e+03
1.625940489554485794e+03 2.097088075150275621e+00 7.442826013884894287e+00 9.029651016895842986e+03
1.714745643412771642e+03 1.767617368341175554e+00 7.486580641173796735e+00 9.029651020353976492e+03
1.663288692968813166e+03 1.875726081974293358e+00 7.478922903386705734e+00 9.029651050037276946e+03
1.732184849661474573e+03 1.800452250958733513e+00 7.483250506343138930e+00 9.029651403009178466e+03
1.809644043962641035e+03 1.648865882949461570e+00 7.455536258883969758e+00 9.029651442489564943e+03
1.971094288961284519e+03 1.325289772871401706e+00 7.455114782606290014e+00 9.029651484540812817e+03
1.738876593282652721e+03 1.665163553672526220e+00 7.434349115387295370e+00 9.029651499526898988e+03
1.618916780669802847e+03 2.000511355617434983e+00 7.474204190369693634e+00 9.029651731666674095e+03
1.818710465837250467e+03 1.567870598019021289e+00 7.480512335008817182e+00 9.029651816703608347e+03
1.706529354310074950e+03 1.811970861889270035e+00 7.493870412669600078e+00 9.029651818910626389e+03
1.799974580963753169e+03 1.584104334547394410e+00 7.463539124272532632e+00 9.029651991299570000e+03
1.996135235388645924e+03 1.271416385874249100e+00 7.458636044307546342e+00 9.029652014838440664e+03
1.723214534327716819e+03 1.798450231045910952e+00 7.474461468759519889e+00 9.029652140219481225e+03
1.727170222335739709e+03 1.780443202387792523e+00 7.456552490556472179e+00 9.029652178077707504e+03
1.743327706359544209e+03 1.764582433079860957e+00 7.453016748897478116e+00 9.029652198566936931e+03
1.867147974035122388e+03 1.575070411711545937e+00 7.454791315601847934e+00 9.029652254352868113e+03
1.881419042170879038e+03 1.473999042337116538e+00 7.477811601761545468e+00 9.029652340924532837e+03
1.998771093544297855e+03 1.333462832386977714e+00 7.450542949425733141e+00 9.029652479874663186e+03
1.610615641841599654e+03 2.042738177225455587e+00 7.448247622861338790e+00 9.029652628799274680e+03
1.850568979875709601e+03 1.565474996803126961e+00 7.462217639689629145e+00 9.029652749765051340e+03
1.518852875188320695e+03 2.218950181343376293e+00 7.475059900363842935e+00 9.029652899403276024e+03
1.567970269288516420e+03 2.169679497770243159e+00 7.447211738687476767e+00 9.029653048105348716e+03
1.578619485538494928e+03 2.107918623660948398e+00 7.472261259534621836e+00 9.029653112197123846e+03
1.522672086205744790e+03 2.243185078920518549e+00 7.464272166447455170e+00 9.029653392197453286e+03
1.826343892565686929e+03 1.623304152413122203e+00 7.476286453793439257e+00 9.029653429292411602e+03
1.957134392995572625e+03 1.361281324985955443e+00 7.459074329545360982e+00 9.029653452211936383e+03
1.780867104546188784e+03 1.693364127237023231e+00 7.455208455705838233e+00 9.029653562141356815e+03
1.500751582492957141e+03 2.350004933237057614e+00 7.438521902756705551e+00 9.029653625712537178e+03
1.626675497186534130e+03 2.122854399966491279e+00 7.460059098656706134e+00 9.029653759018192432e+03
1.812133918519488361e+03 1.598159468428773433e+00 7.432898429016449704e+00 9.029653860823853393e+03
1.616342433951789872e+03 1.958479388901404494e+00 7.471328081170846680e+00 9.029653920825177920e+03
1.785185785823207198e+03 1.687002318174538829e+00 7.444031149160139194e+00 9.029654030546218564e+03
1.961057710556985285e+03 1.301197723469560863e+00 7.474044169398446513e+00 9.029654091891548887e+03
1.677500542783333685e+03 1.815168951304773071e+00 7.478308954080454818e+00 9.029654313390430616e+03
1.956785542442320548e+03 1.350018444246811056e+00 7.460050274533323922e+00 9.029654346880875892e+03
1.854039246132768767e+03 1.466882932254822469e+00 7.481383062268871065e+00 9.029654348368869250e+03
1.933832376144471482e+03 1.423129018001320079e+00 7.450732837192735936e+00 9.029654400850915408e+03
1.719656841295462300e+03 1.833780134712717835e+00 7.487999638292316185e+00 9.029654454823483320e+03
1.672435812859192310e+03 1.952207599043013886e+00 7.469617352880950634e+00 9.029654606055841214e+03
1.608109539343679671e+03 2.047603016124074138e+00 7.470115797074444508e+00 9.029654702171828831e+03
1.554220854736550791e+03 2.186122461419770957e+00 7.456650278134153709e+00 9.029654800374397382e+03
1.615097978109351970e+03 1.991091164346177056e+00 7.427989045110601651e+00 9.029654806105865646e+03
1.938913395051913994e+03 1.477940983421644816e+00 7.461153874028387811e+00 9.029654935824053609e+03
1.998653486122832419e+03 1.206993467053679048e+00 7.456810037954909376e+00 9.029654988380782015e+03
1.678398589442565481e+03 1.880918236445638936e+00 7.464069013305914879e+00 9.029655047187652599e+03
1.927837891750143399e+03 1.417612156633649700e+00 7.468577953246297696e+00 9.029655322732856803e+03
1.670793113223117871e+03 1.948475601271064006e+00 7.453200631892689998e+00 9.029655381567201403e+03
1.536316918424919777e+03 2.250992554061095774e+00 7.453025627612502646e+00 9.029655449864425464e+03
1.671383320145752805e+03 1.972137922276298250e+00 7.466416464344381332e+00 9.029655479384893624e+03
1.661467630401938777e+03 2.040980371636901936e+00 7.480663945711338414e+00 9.029655703318127053e+03
1.986253734201637144e+03 1.277165443932726685e+00 7.453969421613651392e+00 9.029655825295409159e+03
1.874593157259527061e+03 1.498019499367974738e+00 7.472610430841867490e+00 9.029656098591336558e+03
1.922790556938643931e+03 1.408781866354894330e+00 7.463281140607303854e+00 9.029656125945939493e+03
1.602430905813310119e+03 2.084331567598308510e+00 7.456326187910166325e+00 9.029656179087985947e+03
1.607320266740229272e+03 1.925513758438077039e+00 7.475096082518297713e+00 9.029656267857604689e+03
1.745836125362847724e+03 1.736122227914728811e+00 7.494334745039704870e+00 9.029656274609988031e+03
1.765004519546874917e+03 1.757352448093443487e+00 7.433130849373731586e+00 9.029656307435654526e+03
1.845035562030046549e+03 1.604367968471034134e+00 7.475206576408571557e+00 9.029656454333242436e+03
1.764306854395518485e+03 1.744607961183934464e+00 7.483894654875769881e+00 9.029656494436172579e+03
1.667446029185209682e+03 1.959722861219012957e+00 7.439105365970602790e+00 9.029656882222434433e+03
1.697601712915732833e+03 1.878268300144407377e+00 7.475174886072204039e+00 9.029657000432433051e+03
1.681914652924215488e+03 1.784872253227442140e+00 7.434599204787383009e+00 9.029657146799936527e+03
1.708718152865972343e+03 1.756560873557019953e+00 7.488655146178152755e+00 9.029657465158154082e+03
1.807052820606603746e+03 1.650055839879433828e+00 7.431733772320456843e+00 9.029658068532036850e+03
1.844839945954895029e+03 1.554231051738239167e+00 7.455657839476490523e+00 9.029658306853918475e+03
1.746579918540224298e+03 1.800206294416468511e+00 7.461269810330459329e+00 9.029658772262855564e+03
1.920503337039944199e+03 1.430327897718354668e+00 7.456895278448549824e+00 9.029658785859170166e+03
1.601328744263244062e+03 2.057451418097954843e+00 7.483957812135675347e+00 9.029658922671636901e+03
1.946934107187102200e+03 1.446553352969111916e+00 7.467248255460663842e+00 9.029658971442690017e+03
1.676143800602450710e+03 1.968054101335985129e+00 7.452477793695115871e+00 9.029659187240438769e+03
1.696958225645330913e+03 1.952547914991654476e+00 7.477048419657405631e+00 9.029659729359373159e+03
1.762429405256392556e+03 1.734222977783148156e+00 7.462234745137296343e+00 9.029659821434941477e+03
1.606485023153847123e+03 2.002965337206119578e+00 7.441643319553999270e+00 9.029659823655849323e+03
1.672384292783128330e+03 2.017627234743115672e+00 7.476894251058285867e+00 9.029659903857351310e+03
1.998034769115068684e+03 1.298191556851240325e+00 7.479026221769752070e+00 9.029660065626774667e+03
1.562006133496859547e+03 2.018593124356887536e+00 7.452030942270780223e+00 9.029660175353303202e+03
1.531119838326373610e+03 2.173200658561530219e+00 7.466308462833641357e+00 9.029660236382584117e+03
1.623039988918731069e+03 1.992518741667259619e+00 7.457203243494693545e+00 9.029660243846457888e+03
1.585902211760044111e+03 2.080372374292006832e+00 7.453638788658039971e+00 9.029660436549307633e+03
1.686239526864236950e+03 1.848533202900713324e+00 7.468418248369594892e+00 9.029660461043398755e+03
1.704148379215783507e+03 1.931490601138533991e+00 7.475142678972412469e+00 9.029660488924893798e+03
1.968050891408075358e+03 1.267493469392275918e+00 7.485509422765757037e+00 9.029660503124650859e+03
1.633006929101291917e+03 1.978505789538412829e+00 7.471826572825161605e+00 9.029660605562277851e+03
1.964822086555510396e+03 1.357006570612142138e+00 7.462011799066419648e+00 9.029660648408487759e+03
1.768265103791956335e+03 1.659826367158098170e+00 7.476152615874084972e+00 9.029660658515131217e+03
1.633586532370466102e+03 1.889980664949751477e+00 7.456872731472033777e+00 9.029660834374841215e+03
1.765090367027715274e+03 1.648003578047679829e+00 7.463675916147316514e+00 9.029660987217874208e+03
1.815396151527477286e+03 1.567134699287712873e+00 7.459136110420914179e+00 9.029661163077380479e+03
1.685928861059434439e+03 1.864761303044947915e+00 7.441502931215758565e+00 9.029661288687300839e+03
1.729322081943148305e+03 1.774209272907063539e+00 7.480708311846156811e+00 9.029661364139650686e+03
1.714354394411570638e+03 1.827808924788441258e+00 7.478779997567589710e+00 9.029661375761268573e+03
1.775853746507441883e+03 1.637222627776790285e+00 7.451112176329297121e+00 9.029661483780795606e+03
1.700882115823705362e+03 1.828601963979479716e+00 7.466187447221144247e+00 9.029661525358951621e+03
1.680409310029967855e+03 1.920486616169464922e+00 7.454159724204234116e+00 9.029661534500301059e+03
1.781085166129682875e+03 1.656661059431072003e+00 7.450168925464129011e+00 9.029661593377171812e+03
1.708899412120029410e+03 1.841067744799743888e+00 7.479635148154419433e+00 9.029661683626183731e+03
1.613430963423249295e+03 1.970603879760658650e+00 7.472064880294308153e+00 9.029661904151071212e+03
1.708228151336879591e+03 1.792157243056516913e+00 7.458005348918765876e+00 9.029662059970471091e+03
1.677226511612721879e+03 1.922813018737384638e+00 7.480575444455958234e+00 9.029662197437965006e+03
1.754001953354681746e+03 1.718612180841948778e+00 7.463328332255256825e+00 9.029662203717483862e+03
1.982398520524882542e+03 1.284044973022143932e+00 7.465337495485384167e+00 9.029662215678557914e+03
1.839728164557452146e+03 1.548141984220585021e+00 7.440240543769331083e+00 9.029662249711376717e+03
1.679580621919785926e+03 1.819191487215993996e+00 7.475613664011722115e+00 9.029662362452894740e+03
1.826483821228986926e+03 1.521045164785803872e+00 7.458533580002020713e+00 9.029662403283327876e+03
1.681363904592417612e+03 1.795962916849274338e+00 7.473335409258972106e+00 9.029662585746622426e+03
1.542750288524491907e+03 2.168250474353483170e+00 7.470727953165094526e+00 9.029662607946813296e+03
1.866471431266037371e+03 1.546300112090456258e+00 7.478769245516037500e+00 9.029662647194460078e+03
1.763878030998426539e+03 1.697028792520248963e+00 7.488217643147292435e+00 9.029662661835665858e+03
1.687022685807413382e+03 1.922486103665311141e+00 7.461457860399216990e+00 9.029662809801611729e+03
1.768265103791956335e+03 1.659826367158098170e+00 7.476152615874084972e+00 9.029662813777678821e+03
1.670178573122249418e+03 1.957973441275715931e+00 7.467578095543779604e+00 9.029662836490377231e+03
1.981847708343739214e+03 1.328933411935750986e+00 7.480492403243961697e+00 9.029663064576163379e+03
1.605629689913399034e+03 2.111073192736434567e+00 7.460761030419821083e+00 9.029663158579072842e+03
1.580225672458763256e+03 2.123367561685272076e+00 7.461201892259852642e+00 9.029663268320400675e+03
1.646203204586727225e+03 2.022005602267888946e+00 7.470083719735962191e+00 9.029663410629722421e+03
1.616405143439716994e+03 2.024191558214776698e+00 7.450600622530290096e+00 9.029663731633934731e+03
1.673340654628197854e+03 1.904311150502144834e+00 7.485413662959798486e+00 9.029663747697590225e+03
1.630903804595037172e+03 2.019499571743856414e+00 7.478126897437265441e+00 9.029663868351295605e+03
1.979435004457866171e+03 1.284686510637281120e+00 7.456147638278395107e+00 9.029663881986316483e+03
1.526150995178395760e+03 2.215038776157504330e+00 7.483573053505081951e+00 9.029663956836424404e+03
1.669199058958638943e+03 1.844336013427492871e+00 7.465392818066870717e+00 9.029663962220158282e+03
1.862496565819914395e+03 1.454087403222418251e+00 7.455796298487994633e+00 9.029663976865924269e+03
1.558697389179939364e+03 2.176797647875746478e+00 7.452329030676655641e+00 9.029664023093042488e+03
1.771052707336632920e+03 1.667848192411759634e+00 7.467783022074905297e+00 9.029664149858661403e+03
1.583426027462598313e+03 2.037629252460890328e+00 7.445517858001795553e+00 9.029664158019428214e+03
1.982553434094374779e+03 1.237727919761189010e+00 7.448423622348346207e+00 9.029664234801493876e+03
1.658453362475089307e+03 2.010823216086895293e+00 7.461292396801352034e+00 9.029664310721147558e+03
1.598743123955553756e+03 2.013193419206906309e+00 7.477957662697315655e+00 9.029664451147395084e+03
1.739850403674904101e+03 1.714367440746138227e+00 7.460378909295982020e+00 9.029664514524860351e+03
1.989532330926388568e+03 1.289145372456219407e+00 7.457405620494028220e+00 9.029664668007766522e+03
1.605762928271362853e+03 1.974539817938694597e+00 7.466481745909102408e+00 9.029664828327466239e+03
1.669913093174881851e+03 1.943229013749524281e+00 7.465407146397451399e+00 9.029664829242354244e+03
1.677500542783333685e+03 1.815168951304773071e+00 7.478308954080454818e+00 9.029664866626319053e+03
1.684701991435857963e+03 1.927891361653596425e+00 7.450896642482554455e+00 9.029665014566457103e+03
1.616242328503136832e+03 2.003013604758678845e+00 7.461874826295193053e+00 9.029665080897570078e+03
1.920033721082386819e+03 1.413420269549227060e+00 7.480284553019911797e+00 9.029665204718457971e+03
1.567323384532300679e+03 2.022340441018190216e+00 7.446181074903607922e+00 9.029665364621479966e+03
1.642268757717038397e+03 1.952185651930794741e+00 7.493292899271475349e+00 9.029665540321839217e+03
1.874706951407479210e+03 1.423174338492395163e+00 7.470195257610747319e+00 9.029665604217067084e+03
1.883506545724641001e+03 1.539792733869428831e+00 7.463546176685260214e+00 9.029665666098988368e+03
1.966110162096827480e+03 1.332413793227341436e+00 7.476095057350462092e+00 9.029665711803050726e+03
1.708206099836636440e+03 1.814909853061959844e+00 7.475877301713467205e+00 9.029665782625201246e+03
1.753523916355056826e+03 1.739691287398784203e+00 7.451396067299725701e+00 9.029665785102586597e+03
1.700751868974901754e+03 1.818890156023700300e+00 7.455694549582372765e+00 9.029665906210024332e+03
1.654722760678119357e+03 1.927671865246332494e+00 7.456708879634284415e+00 9.029666031921062313e+03
1.955459697529011464e+03 1.342363744371099621e+00 7.476181567225750335e+00 9.029666052557266084e+03
1.772450361744860402e+03 1.639099836956113831e+00 7.470198681385290307e+00 9.029666055527039134e+03
1.513131737566804986e+03 2.254661756272979378e+00 7.439954646820112316e+00 9.029666275492179921e+03
1.548605982717570441e+03 2.093209090081398216e+00 7.458621272986059481e+00 9.029666289281251011e+03
1.708228151336879591e+03 1.792157243056516913e+00 7.458005348918765876e+00 9.029666308202382424e+03
1.710148992478951413e+03 1.780319358185293188e+00 7.486513328691465574e+00 9.029666309136846394e+03
1.638259042539971915e+03 1.979420324147369570e+00 7.455269232673328084e+00 9.029666344997669512e+03
1.733404176029421478e+03 1.803811333013891627e+00 7.445479485855736712e+00 9.029666351481148013e+03
1.854195340327429903e+03 1.529987001284473180e+00 7.468030690566057395e+00 9.029666541979860995e+03
1.693850536855735982e+03 1.859951037835192666e+00 7.460904899130353485e+00 9.029666589795797336e+03
1.755519603220920771e+03 1.675937672071049489e+00 7.460978573301341399e+00 9.029666852377931718e+03
1.882615842284387327e+03 1.501337879677077103e+00 7.463901815639751192e+00 9.029666870098057188e+03
1.521257051314276623e+03 2.164649059419671229e+00 7.469301186920108471e+00 9.029666906917362212e+03
1.639984740162502703e+03 1.885010589936376935e+00 7.470569074833610657e+00 9.029667214327759211e+03
1.895149401506987942e+03 1.487303827340891393e+00 7.454145584727171148e+00 9.029667237542258590e+03
1.695877786981584222e+03 1.942198671738075699e+00 7.429079619196279793e+00 9.029667388621903228e+03
1.540167111655045801e+03 2.255475668671014233e+00 7.469918380647276202e+00 9.029667577952912325e+03
1.634612016483703428e+03 1.938375203650448686e+00 7.445141387261294597e+00 9.029667732360789159e+03
1.745365644289576267e+03 1.644970262270709638e+00 7.466971069381921566e+00 9.029667740746450363e+03
1.968302978250298338e+03 1.328520004704032864e+00 7.472195207141766993e+00 9.029667775566531418e+03
1.655095057580451339e+03 1.980835616813827027e+00 7.442543045388630318e+00 9.029667807792733583e+03
1.734189718565179419e+03 1.728015100352311650e+00 7.441164352307336749e+00 9.029667861555430136e+03
1.736836623206693275e+03 1.760768543741406233e+00 7.467881825807346274e+00 9.029667869098286246e+03
1.984299177123404661e+03 1.369091035609771412e+00 7.461148555362261625e+00 9.029667896429164102e+03
1.559704198816277312e+03 2.021038428594026826e+00 7.489527637157989304e+00 9.029668101549425046e+03
1.877663600582611480e+03 1.459820222508322551e+00 7.484780370766488389e+00 9.029668190975580728e+03
1.500751582492957141e+03 2.350004933237057614e+00 7.438521902756705551e+00 9.029668206146130615e+03
1.828000712205105629e+03 1.516978982480735816e+00 7.458669062929578430e+00 9.029668243510164757e+03
1.672384292783128330e+03 2.017627234743115672e+00 7.476894251058285867e+00 9.029668250447197352e+03
1.986259331664381307e+03 1.348145003976555456e+00 7.436675121260937438e+00 9.029668315409313436e+03
1.605629689913399034e+03 2.111073192736434567e+00 7.460761030419821083e+00 9.029668322597828592e+03
1.760240696690126015e+03 1.660253504781235234e+00 7.472233487365347315e+00 9.029668361469277443e+03
1.580210106851345472e+03 2.110583341995176276e+00 7.476501140115329846e+00 9.029668457875137392e+03
1.922471494177378190e+03 1.406426563223172055e+00 7.452866205087941509e+00 9.029668597454445262e+03
1.714456321685906687e+03 1.764030157320434888e+00 7.470623922713450327e+00 9.029668638785327857e+03
1.513131737566804986e+03 2.254661756272979378e+00 7.439954646820112316e+00 9.029668718008175347e+03
1.737580286743402894e+03 1.747379104552086782e+00 7.475409025083759929e+00 9.029668746786706834e+03
1.501703583244945094e+03 2.259993335660456459e+00 7.466046381833780998e+00 9.029668858109695066e+03
1.618029352567160458e+03 1.984146313976635101e+00 7.474044399144415429e+00 9.029669006904208800e+03
1.613594804554242501e+03 2.049880395376722841e+00 7.457369923776386855e+00 9.029669042284545867e+03
1.771902854193190933e+03 1.627284475088835336e+00 7.435898846497778436e+00 9.029669234332724955e+03
1.760661345309110402e+03 1.776169256636870530e+00 7.451380259122778682e+00 9.029669314710094113e+03
1.892159346932652625e+03 1.477839364967123092e+00 7.468556888406568284e+00 9.029669440255354857e+03
1.753943262648289192e+03 1.760826402733923990e+00 7.461228970245127989e+00 9.029669586411569981e+03
1.743601234499510838e+03 1.732462103707199663e+00 7.480444894186705440e+00 9.029669937937385839e+03
1.917105777909163862e+03 1.453828123952864093e+00 7.461343722660020106e+00 9.029670012100745225e+03
1.715443012811398603e+03 1.848585429179681272e+00 7.489259900462770680e+00 9.029670135798709453e+03
1.629279399523045868e+03 1.929333355503905167e+00 7.455217643422204610e+00 9.029670158523969803e+03
1.610502939811218312e+03 1.961935228191077130e+00 7.458373850767731739e+00 9.029670440942472851e+03
1.987585086538374753e+03 1.309997460727845509e+00 7.466482963401872119e+00 9.029670472771860659e+03
1.563844734134131841e+03 2.245422677992688687e+00 7.471719151378750645e+00 9.029670479015254386e+03
1.845472245307983940e+03 1.625191125368403489e+00 7.450906314566252853e+00 9.029670530312272604e+03
1.899608221069355977e+03 1.556939093223780990e+00 7.451297062489591561e+00 9.029670590766409077e+03
1.803757813728877181e+03 1.561404734349852497e+00 7.471319217680739477e+00 9.029670617907540873e+03
1.872889703048283991e+03 1.543907404084798207e+00 7.465406650838660063e+00 9.029670618707596077e+03
1.698293971467289794e+03 1.870733392719580834e+00 7.467527095718609509e+00 9.029670691827246628e+03
1.572806311523957220e+03 2.082362958997602043e+00 7.469743662838293830e+00 9.029670815470846719e+03
1.648242484408154269e+03 1.966398101669095677e+00 7.459039768212933019e+00 9.029670816398689567e+03
1.849352524886856145e+03 1.579392696384231742e+00 7.459926354385353342e+00 9.029671103024847980e+03
1.782335697363497275e+03 1.676733753700960561e+00 7.437662709145442363e+00 9.029671126392484439e+03
1.965679251181017662e+03 1.379755082033217173e+00 7.466127211807571662e+00 9.029671344780359505e+03
1.719429051595592227e+03 1.788813763702366222e+00 7.485825789552118081e+00 9.029671484064150718e+03
1.625436090580633390e+03 2.048355658112335220e+00 7.471489843522141072e+00 9.029671685421404618e+03
1.837919203993328892e+03 1.560764237809392441e+00 7.462095210297768233e+00 9.029671749932484090e+03
1.753943262648289192e+03 1.760826402733923990e+00 7.461228970245127989e+00 9.029671754321529079e+03
1.635033346854532510e+03 1.989120447725771346e+00 7.457347005864813028e+00 9.029671758947961280e+03
1.953147239081461748e+03 1.348287266731008627e+00 7.490691632498817754e+00 9.029671898165850507e+03
1.580210106851345472e+03 2.110583341995176276e+00 7.476501140115329846e+00 9.029671993705462228e+03
1.661346745374113652e+03 1.891098246559886897e+00 7.440881613423781182e+00 9.029672064513053556e+03
1.711953710188040986e+03 1.827569119402673525e+00 7.451623673982073370e+00 9.029672071271932509e+03
1.920033721082386819e+03 1.413420269549227060e+00 7.480284553019911797e+00 9.029672113976128458e+03
1.700424677552068715e+03 1.882476872358096465e+00 7.462298648562677883e+00 9.029672126459885476e+03
1.681405878412233051e+03 1.888236527600141157e+00 7.461369556242836154e+00 9.029672315330251877e+03
1.537680437182566948e+03 2.176770821813748924e+00 7.477098900721035335e+00 9.029672520079859169e+03
1.711699101408574279e+03 1.839060302374947220e+00 7.461182846339271535e+00 9.029672629076869271e+03
1.648174845120454847e+03 1.858334758980812573e+00 7.455587294582599611e+00 9.029672680130028311e+03
1.603717530309514132e+03 2.098216084029035144e+00 7.509783798294613177e+00 9.029672705931123346e+03
1.866045876457245868e+03 1.498370687252206013e+00 7.465986987258529162e+00 9.029672787550685825e+03
1.906038971356827915e+03 1.532942628704601296e+00 7.445547845672882303e+00 9.029672838407261224e+03
1.993247774837576799e+03 1.315715220280623265e+00 7.472863404229799222e+00 9.029672990786320952e+03
1.766403168586979518e+03 1.687713585241949366e+00 7.445808129235420125e+00 9.029673006685648943e+03
1.805207653394921408e+03 1.574741514308039658e+00 7.436498154719943798e+00 9.029673027309871031e+03
1.545365921937159328e+03 2.099519872496183659e+00 7.489353406611208186e+00 9.029673033859595307e+03
1.791948581686782518e+03 1.606337651663997557e+00 7.468856352147199118e+00 9.029673273101287123e+03
1.551737598340268050e+03 2.174942573217856889e+00 7.459330846220365352e+00 9.029673463184069988e+03
1.590270133941099175e+03 1.911190228000018587e+00 7.499749226188448858e+00 9.029673496313787837e+03
1.787973976389816471e+03 1.574909773201377927e+00 7.472027338810819153e+00 9.029673720516368121e+03
1.765785199633261982e+03 1.753120804582397385e+00 7.469380949195842945e+00 9.029673929219203274e+03
1.731347756767651845e+03 1.858514121099674954e+00 7.451611496899091414e+00 9.029674050097231884e+03
1.899608221069355977e+03 1.556939093223780990e+00 7.451297062489591561e+00 9.029674087853674791e+03
1.628311788310178144e+03 2.016769088644134289e+00 7.474869175732703930e+00 9.029674159670868903e+03
1.569107286147236209e+03 2.156337206693734743e+00 7.468763830929377789e+00 9.029674176220736626e+03
1.970251739891077932e+03 1.383849228968727862e+00 7.430003332903053703e+00 9.029674459333178675e+03
1.968551620469768750e+03 1.356152930660021960e+00 7.454127126282050320e+00 9.029674511651417561e+03
1.679258307093106396e+03 1.905624270652975571e+00 7.467096906887625174e+00 9.029674724105432688e+03
1.640207287315159874e+03 1.856673523542914594e+00 7.454427392854647394e+00 9.029674759312185415e+03
1.583426027462598313e+03 2.037629252460890328e+00 7.445517858001795553e+00 9.029674847613918246e+03
1.655973860895413054e+03 1.938916980349311814e+00 7.469284284661392270e+00 9.029675228648129632e+03
1.968050891408075358e+03 1.267493469392275918e+00 7.485509422765757037e+00 9.029675243550704181e+03
1.984282935889295914e+03 1.301602442186419850e+00 7.473249592208643932e+00 9.029675362353917080e+03
1.761467927337036372e+03 1.684467374211933377e+00 7.452205963811539213e+00 9.029675400976333549e+03
1.943415853693714325e+03 1.426178988137956294e+00 7.482407335930648884e+00 9.029675406776868840e+03
1.914277127215967312e+03 1.530327349425580685e+00 7.431326587832750796e+00 9.029675439973903849e+03
1.523695023694559950e+03 2.232621455257444154e+00 7.445624486134322595e+00 9.029675578408696310e+03
1.900782475062485446e+03 1.429580753536729754e+00 7.478584436884021969e+00 9.029675608460080184e+03
1.572806311523957220e+03 2.082362958997602043e+00 7.469743662838293830e+00 9.029675732551972033e+03
1.731452059234264425e+03 1.854060642299116379e+00 7.465516377917699842e+00 9.029676297909130881e+03
1.910216198088068268e+03 1.467649432605388160e+00 7.462226394084595427e+00 9.029676385829947321e+03
1.626858611752778643e+03 1.903413729218352834e+00 7.460732801502495626e+00 9.029676682674366020e+03
1.505503095155905839e+03 2.199479962596526672e+00 7.439644702713659186e+00 9.029676774061055767e+03
1.677177009159118597e+03 1.930005303383799831e+00 7.460657864477626688e+00 9.029676788654043776e+03
1.926781737505884166e+03 1.378973711506670474e+00 7.450250161515478808e+00 9.029676913314975536e+03
1.927080671571447056e+03 1.424142165341395705e+00 7.462337988769180974e+00 9.029676969446511066e+03
1.616822706765042994e+03 2.028841051192876055e+00 7.441036759897220243e+00 9.029677068744211283e+03
1.773813081700454632e+03 1.617335571066681021e+00 7.469090111384866226e+00 9.029677088425014517e+03
1.623115212555170956e+03 1.921951591383215918e+00 7.466236360328972310e+00 9.029677112786863290e+03
1.736062482471480280e+03 1.680482294150499767e+00 7.445306826220330798e+00 9.029677240234952478e+03
1.818675005942676307e+03 1.672089169081803828e+00 7.468900838433008893e+00 9.029677363494434758e+03
1.849071152570671074e+03 1.575055207152378678e+00 7.413500908268782830e+00 9.029677459927395830e+03
1.595874090446542596e+03 2.160630867052939941e+00 7.465779985830362619e+00 9.029677485576945401e+03
1.878297872842003699e+03 1.506354166113390125e+00 7.488055944343384063e+00 9.029677718601828019e+03
1.676279540806296154e+03 1.754440340693330436e+00 7.473104909406314889e+00 9.029677730457331563e+03
1.721251933699148367e+03 1.779731438725876913e+00 7.459251335346920087e+00 9.029677774333689740e+03
1.859413167903799149e+03 1.515234486746809717e+00 7.465072894305393447e+00 9.029677813242902630e+03
1.710801637569177046e+03 1.814191376303910586e+00 7.433235490942334600e+00 9.029677853295052046e+03
1.757721136595975622e+03 1.667344144053932498e+00 7.443476218581563053e+00 9.029677870269983032e+03
1.627124739302048965e+03 1.986132344759248713e+00 7.491265236193741295e+00 9.029677877408332279e+03
1.517427183296092380e+03 2.357182461915579452e+00 7.429706314455476246e+00 9.029678209467982015e+03
1.669199058958638943e+03 1.844336013427492871e+00 7.465392818066870717e+00 9.029678228613192914e+03
1.954357991132615098e+03 1.384656449446522775e+00 7.464728655477490094e+00 9.029678683028738305e+03
1.511364549371734938e+03 2.309609412957489560e+00 7.452541424886067745e+00 9.029678820049983187e+03
1.688886896939025746e+03 1.817993210856649444e+00 7.473179034081287142e+00 9.029678882605274339e+03
1.656337501793818774e+03 1.955121554950202345e+00 7.454498578658657948e+00 9.029678894215256150e+03
1.959157246556093014e+03 1.369605815749280087e+00 7.450981932174952860e+00 9.029678906688550342e+03
1.628271124103812554e+03 1.972415083637832911e+00 7.462097870619762041e+00 9.029678982394661944e+03
1.738120922651075489e+03 1.777937074175075516e+00 7.456258167205016107e+00 9.029679457300631839e+03
1.708718152865972343e+03 1.756560873557019953e+00 7.488655146178152755e+00 9.029679591935422650e+03
1.807052820606603746e+03 1.650055839879433828e+00 7.431733772320456843e+00 9.029679690084032700e+03
1.715443012811398603e+03 1.848585429179681272e+00 7.489259900462770680e+00 9.029679736902817240e+03
1.569990153343238035e+03 2.126015615067244902e+00 7.468411769417812707e+00 9.029680194053102241e+03
1.637496973606366282e+03 1.911626420120523306e+00 7.440657928506963614e+00 9.029680241821297386e+03
1.864007598975053725e+03 1.567502389681480146e+00 7.476194717684154334e+00 9.029680769354299628e+03
1.627124739302048965e+03 1.986132344759248713e+00 7.491265236193741295e+00 9.029680912026815349e+03
1.607318995524884940e+03 2.088697572068933361e+00 7.452721390026638026e+00 9.029681022299137112e+03
1.706529354310074950e+03 1.811970861889270035e+00 7.493870412669600078e+00 9.029681103191438524e+03
1.976038335022146384e+03 1.330489046005304710e+00 7.455809245909170713e+00 9.029681483544694856e+03
1.982211744177081528e+03 1.261439227626885540e+00 7.483282906500794418e+00 9.029681486813356969e+03
1.557519363699266250e+03 2.109921392616780800e+00 7.457916156948953379e+00 9.029681499600526877e+03
1.607934321878761239e+03 2.044879338893383469e+00 7.458643441604031032e+00 9.029681719681766481e+03
1.575758173950641094e+03 2.145567596655457265e+00 7.461712858881083044e+00 9.029681888959094067e+03
1.884382288775893130e+03 1.553795851381992943e+00 7.467389700940925579e+00 9.029682001672172191e+03
1.771225512042263745e+03 1.618335340200058425e+00 7.441847459949826771e+00 9.029682031207616092e+03
1.681516516714514182e+03 1.884488012007525581e+00 7.438283027761569244e+00 9.029682042074253332e+03
1.776221107330835139e+03 1.639207097459103313e+00 7.460755724205776929e+00 9.029682046071449804e+03
1.554593183949146123e+03 2.121189686781619343e+00 7.492949630622209867e+00 9.029682066311248491e+03
1.584794654274670165e+03 2.101114972460044861e+00 7.460452117591167109e+00 9.029682074068852671e+03
1.820280410602543043e+03 1.626072002666390182e+00 7.445814609847984045e+00 9.029682094021554803e+03
1.640559164015098986e+03 1.871973176910807224e+00 7.451646976317776172e+00 9.029682197772448490e+03
1.976528714355216380e+03 1.313748286300639556e+00 7.454128565467221357e+00 9.029682210279577703e+03
1.683052552380641373e+03 1.801619934318166916e+00 7.461252936564028104e+00 9.029682235714852141e+03
1.932994255694557069e+03 1.410697407987068441e+00 7.449247628088222939e+00 9.029682497536190567e+03
1.591415475467987790e+03 2.071651856870303732e+00 7.472417396960802982e+00 9.029682694086430274e+03
1.754833307575856452e+03 1.691209753033834584e+00 7.487496873379074103e+00 9.029682975130774139e+03
1.555212654849020964e+03 2.152648270641302375e+00 7.485894986806303386e+00 9.029683563852133375e+03
1.632019847866016107e+03 2.023096341360255845e+00 7.468539740658471260e+00 9.029683609534853531e+03
1.733743566723923550e+03 1.809237657554553680e+00 7.417319061496398191e+00 9.029683622014652428e+03
1.731347756767651845e+03 1.858514121099674954e+00 7.451611496899091414e+00 9.029683639456832680e+03
1.966206173007873531e+03 1.366150434176394812e+00 7.452894958320004370e+00 9.029683713766989968e+03
1.761660518018439689e+03 1.676837358392975652e+00 7.469183550621266043e+00 9.029683741979957631e+03
1.596497709927876485e+03 2.053616039008937300e+00 7.481806810884365611e+00 9.029683783410366232e+03
1.836872289940317160e+03 1.551351880154199447e+00 7.459598699860353399e+00 9.029683815940350541e+03
1.661362678432526309e+03 1.917981873892793621e+00 7.482710956672478098e+00 9.029684383203424659e+03
1.932025942518737565e+03 1.353429721124677743e+00 7.475566738206919304e+00 9.029684437744504976e+03
1.743920190894105190e+03 1.753870617354114536e+00 7.480555648743218988e+00 9.029684633911487253e+03
1.768099216917439435e+03 1.715292112253522072e+00 7.462375281671726590e+00 9.029684661013068762e+03
1.654414187944552850e+03 1.976753083574739112e+00 7.465761893490982182e+00 9.029684715934294218e+03
1.677031352597510704e+03 1.849240455962899210e+00 7.473079619997812451e+00 9.029684947453622954e+03
1.558697389179939364e+03 2.176797647875746478e+00 7.452329030676655641e+00 9.029685043579516787e+03
1.948591826854325518e+03 1.390569138890786149e+00 7.461709662601359483e+00 9.029685055899286453e+03
1.596886026072796312e+03 1.937734671366751815e+00 7.459408541208527588e+00 9.029685283524273473e+03
1.681363904592417612e+03 1.795962916849274338e+00 7.473335409258972106e+00 9.029685349420253260e+03
1.989327676746861925e+03 1.295814485074554989e+00 7.475093831291587776e+00 9.029685448981970694e+03
1.700751868974901754e+03 1.818890156023700300e+00 7.455694549582372765e+00 9.029685488910845379e+03
1.587701738709833535e+03 1.997794578607726912e+00 7.467314803833466463e+00 9.029685503582290039e+03
1.725514986938318998e+03 1.830516681177154936e+00 7.428736152914056312e+00 9.029685691629592839e+03
1.507565854373848879e+03 2.214664322545860209e+00 7.501440676180522793e+00 9.029686122005041398e+03
1.640905079268092777e+03 1.960116366152985901e+00 7.466374715303933485e+00 9.029686200348438433e+03
1.978002729314256158e+03 1.353441854408861555e+00 7.462906706698126946e+00 9.029686244765620359e+03
1.963043222622729445e+03 1.384875979099244203e+00 7.473165801219339599e+00 9.029686404439102262e+03
1.928000496691069429e+03 1.448654057172927834e+00 7.449981198516065994e+00 9.029686409547499352e+03
1.883631188630253291e+03 1.538669893604973193e+00 7.470609218317669331e+00 9.029686415776464855e+03
1.744289637430052608e+03 1.787162923553182292e+00 7.461623627981543549e+00 9.029686755198385072e+03
1.897338551036653826e+03 1.540383320782279242e+00 7.463426472174176318e+00 9.029686845736056057e+03
1.700258071443452536e+03 1.855135430545977071e+00 7.472990633288462803e+00 9.029686887479836514e+03
1.553413660377048473e+03 2.148592830765501560e+00 7.445735895736125265e+00 9.029687121364018822e+03
1.608826471590054553e+03 2.018547464862401775e+00 7.446407857774392625e+00 9.029687132897954143e+03
1.673710827602634254e+03 1.922685274878553230e+00 7.463157485981733785e+00 9.029687145878606316e+03
1.967779255920590458e+03 1.379918424171372671e+00 7.450609809449434628e+00 9.029687542834364649e+03
1.732630861763479970e+03 1.712674308376068932e+00 7.461621763646308914e+00 9.029687583595141405e+03
1.719429051595592227e+03 1.788813763702366222e+00 7.485825789552118081e+00 9.029687812688529448e+03
1.980252876828656781e+03 1.296896810439825520e+00 7.460315491513444641e+00 9.029687882899681426e+03
1.887425570723415149e+03 1.543279067838050134e+00 7.432507069222533680e+00 9.029687951349387731e+03
1.826489187072296318e+03 1.570328318963570391e+00 7.489969461730115796e+00 9.029688423279485505e+03
1.719626172944093014e+03 1.767865590352134086e+00 7.462088235525986768e+00 9.029688528955726724e+03
1.735793508346336466e+03 1.716656062223046453e+00 7.454441423123844501e+00 9.029689451328033101e+03
1.732399566744609047e+03 1.843289996264546371e+00 7.471577912587012982e+00 9.029689586875929308e+03
1.940963484218697431e+03 1.399040405722169034e+00 7.468476395175854599e+00 9.029689648616353224e+03
1.760903319611787310e+03 1.636689351708867646e+00 7.481067782822746537e+00 9.029689759381335534e+03
1.948005251483695247e+03 1.304901799566058118e+00 7.471325181769750579e+00 9.029689805169671672e+03
1.932959751925935052e+03 1.403779698103614582e+00 7.477307221158771888e+00 9.029689833765865842e+03
1.799437280773119028e+03 1.586858792925516015e+00 7.455488544116794181e+00 9.029689848754231207e+03
1.771902854193190933e+03 1.627284475088835336e+00 7.435898846497778436e+00 9.029689862135695876e+03
1.708206099836636440e+03 1.814909853061959844e+00 7.475877301713467205e+00 9.029690148501455042e+03
1.734095920625482677e+03 1.831429496455980743e+00 7.488112135311984829e+00 9.029690179730834643e+03
1.908401527239736197e+03 1.505508910741249373e+00 7.449399826166072103e+00 9.029690182665803150e+03
1.647600766855445272e+03 1.818012679276882704e+00 7.453881735001441911e+00 9.029690216613451412e+03
1.526605781999232931e+03 2.187449991948394068e+00 7.444399651528741835e+00 9.029690841757399539e+03
1.533395632899506609e+03 2.239331958091063335e+00 7.480424456352693596e+00 9.029691001707957184e+03
1.879556965288035599e+03 1.588731608512117255e+00 7.444728722521873898e+00 9.029691004320133288e+03
1.877938978526362234e+03 1.528716828301459163e+00 7.473949418617099383e+00 9.029691080020216759e+03
1.872523072595804933e+03 1.557105252703284259e+00 7.442830501601043203e+00 9.029691111254966017e+03
1.706278997042899391e+03 1.871744258433450492e+00 7.472597061848217592e+00 9.029691360716860800e+03
1.548605982717570441e+03 2.093209090081398216e+00 7.458621272986059481e+00 9.029691685126868833e+03
1.911583000081281853e+03 1.442828840393191259e+00 7.477032723159551253e+00 9.029691742439670634e+03
1.518852875188320695e+03 2.218950181343376293e+00 7.475059900363842935e+00 9.029691839218965470e+03
1.999880299264419136e+03 1.297432268632297658e+00 7.467274339973286601e+00 9.029692076767889375e+03
1.610882452060184505e+03 2.045514868883833159e+00 7.455821997393859313e+00 9.029692608827393997e+03
1.642205837807960961e+03 1.980365813281946386e+00 7.468980345175334712e+00 9.029692762422439046e+03
1.544913992583652771e+03 2.210588043426936267e+00 7.469291290921725057e+00 9.029692817109935277e+03
1.718003233884863221e+03 1.772556348299340501e+00 7.487092501977982373e+00 9.029692849166009182e+03
1.816032891621248154e+03 1.659040514455305981e+00 7.444752015119159516e+00 9.029692862099904232e+03
1.793548325535845834e+03 1.732046057872185463e+00 7.453397342153092353e+00 9.029693099313928542e+03
1.999901840268803426e+03 1.299631013516213240e+00 7.475593381980850438e+00 9.029693234959955589e+03
1.755638890635016196e+03 1.724831007171631070e+00 7.463687491814254393e+00 9.029693264414865553e+03
1.922424811244990451e+03 1.455100369247833481e+00 7.452482766104165712e+00 9.029693408750770686e+03
1.649900292295345707e+03 2.003497202592579018e+00 7.462309347630651679e+00 9.029693422581478444e+03
1.661346745374113652e+03 1.891098246559886897e+00 7.440881613423781182e+00 9.029693570067238397e+03
1.759231959980462761e+03 1.720191139664313473e+00 7.464484836266302104e+00 9.029693620699157691e+03
1.714302759429902608e+03 1.852465225842659047e+00 7.443796735261031472e+00 9.029693755448359298e+03
1.645669888589106449e+03 1.972902116739861711e+00 7.468247413433824811e+00 9.029693881275954482e+03
1.543143740516163916e+03 2.101544512678457544e+00 7.465731537511162585e+00 9.029693887530118445e+03
1.716970598003857958e+03 1.783925113717083288e+00 7.475315852253505255e+00 9.029693888760324626e+03
1.902859084069208620e+03 1.497696682456492345e+00 7.487895848536291865e+00 9.029694024173053549e+03
1.715621608944259151e+03 1.852239524661439596e+00 7.500290205629833729e+00 9.029694096604618608e+03
1.867147974035122388e+03 1.575070411711545937e+00 7.454791315601847934e+00 9.029694169713853626e+03
1.746045129207682521e+03 1.625237605548445652e+00 7.469189240578165467e+00 9.029694256240947652e+03
1.603998056612257187e+03 2.151049161668203258e+00 7.484302668660011371e+00 9.029694467033697947e+03
1.842521811832856201e+03 1.498805472416181672e+00 7.477764903884423831e+00 9.029694470449039727e+03
1.918049886296038267e+03 1.440898027720410202e+00 7.468196553383591230e+00 9.029694644480368879e+03
1.933832376144471482e+03 1.423129018001320079e+00 7.450732837192735936e+00 9.029694840879132244e+03
1.607318995524884940e+03 2.088697572068933361e+00 7.452721390026638026e+00 9.029694961788003639e+03
1.542664241358098025e+03 2.199680742801517042e+00 7.452864372883155397e+00 9.029695016847064835e+03
1.732184849661474573e+03 1.800452250958733513e+00 7.483250506343138930e+00 9.029695124148400282e+03
1.698642791881414951e+03 1.764698067064965015e+00 7.424030089605238913e+00 9.029695274694413456e+03
1.555212654849020964e+03 2.152648270641302375e+00 7.485894986806303386e+00 9.029695278518549458e+03
1.692058022577354677e+03 1.886825301071341610e+00 7.455431251301988027e+00 9.029695574812116320e+03
1.941405620558083683e+03 1.422577778647210689e+00 7.442849830608160744e+00 9.029695620956750645e+03
1.711515481346320030e+03 1.783714714507138588e+00 7.488269740803263019e+00 9.029695659341939972e+03
1.966256601766563108e+03 1.361070429393389958e+00 7.462935321565926650e+00 9.029696022339960109e+03
1.841871009961645996e+03 1.588195276898804353e+00 7.469262443081335689e+00 9.029696130383836135e+03
1.964490518573735471e+03 1.299630682409997240e+00 7.441763485077697027e+00 9.029696289670580882e+03
1.998765987705811767e+03 1.226437117514333597e+00 7.461729078758986056e+00 9.029696463950294856e+03
1.716970598003857958e+03 1.783925113717083288e+00 7.475315852253505255e+00 9.029696477095325463e+03
1.661346244265798305e+03 1.828321809082450455e+00 7.478911645305610811e+00 9.029696510584442876e+03
1.619085141531263162e+03 1.969447881575439929e+00 7.452772410467932040e+00 9.029696521909638250e+03
1.997581430241986709e+03 1.336328457608806586e+00 7.465602527728872673e+00 9.029696840361377326e+03
1.748479011528378578e+03 1.784432238431427509e+00 7.439291281352483409e+00 9.029696903469246536e+03
1.832125758491561555e+03 1.559283348235755762e+00 7.484283488977205856e+00 9.029696954122178795e+03
1.620873452853630170e+03 1.981457531639298608e+00 7.455701747635692378e+00 9.029697033104606817e+03
1.666580404213909105e+03 1.935204785262291560e+00 7.469526203886418081e+00 9.029697165126197433e+03
1.554220854736550791e+03 2.186122461419770957e+00 7.456650278134153709e+00 9.029697275200815056e+03
1.547446358893010029e+03 2.137592844006712678e+00 7.445840439922933207e+00 9.029697354837928287e+03
1.835975497908066700e+03 1.615311757733093101e+00 7.458910830546271242e+00 9.029697452392787454e+03
1.708977687163315750e+03 1.875370681345364110e+00 7.451827563260912335e+00 9.029697610812050698e+03
1.676568275463465625e+03 1.796703727478473178e+00 7.439726944002543085e+00 9.029697673128051974e+03
1.841167405832615259e+03 1.548058501259960584e+00 7.464856762941265877e+00 9.029697745511130051e+03
1.753667265946717180e+03 1.876382225739026577e+00 7.463659985513289463e+00 9.029697814801620552e+03
1.908401527239736197e+03 1.505508910741249373e+00 7.449399826166072103e+00 9.029697904495498733e+03
1.801321435092598676e+03 1.633763147003566285e+00 7.452589136214499810e+00 9.029698192828142055e+03
1.725420883368231671e+03 1.824893949160901307e+00 7.468395703643324168e+00 9.029698492009918482e+03
1.562006133496859547e+03 2.018593124356887536e+00 7.452030942270780223e+00 9.029698545848097638e+03
1.952071531550720465e+03 1.361778441679020180e+00 7.464839372837823284e+00 9.029698755765961323e+03
1.845035562030046549e+03 1.604367968471034134e+00 7.475206576408571557e+00 9.029698884886514861e+03
1.864296405310726868e+03 1.567585321192966452e+00 7.453718978491611580e+00 9.029698980863524412e+03
1.529077139417603348e+03 2.255947088236603726e+00 7.468151775627142719e+00 9.029698982306752441e+03
1.921592578800233468e+03 1.350409848187207107e+00 7.470981435357552769e+00 9.029699015855345351e+03
1.799505346971585141e+03 1.625620866595425928e+00 7.478059009567396664e+00 9.029699021295635248e+03
1.683864578214709127e+03 1.969953272540089451e+00 7.492818098345839672e+00 9.029699117349715380e+03
1.986908405243871357e+03 1.300785762288051650e+00 7.468482813582683733e+00 9.029699174629266054e+03
1.702844362197644841e+03 1.875186714136619415e+00 7.471444192198935852e+00 9.029699361474324178e+03
1.595548718763426905e+03 2.051491658157325926e+00 7.479639976091445597e+00 9.029699391254147486e+03
1.941359471246216799e+03 1.405628171134063020e+00 7.464690974271127821e+00 9.029699528564311549e+03
1.785352977294840457e+03 1.711839432305773290e+00 7.455146187918264999e+00 9.029699927417754225e+03
1.986280148067849950e+03 1.327067189837113137e+00 7.470315281233196103e+00 9.029700178670469541e+03
1.653229328043585610e+03 1.909941303369059096e+00 7.473893556635612612e+00 9.029700248829343764e+03
1.623115212555170956e+03 1.921951591383215918e+00 7.466236360328972310e+00 9.029700419362377943e+03
1.516094105620298251e+03 2.336414619341711685e+00 7.457657396656121485e+00 9.029700425956949402e+03
1.517827781952564010e+03 2.236599070557730329e+00 7.489825668601045372e+00 9.029700530141873969e+03
1.802383696812011294e+03 1.657815578391460098e+00 7.481220278231170973e+00 9.029700696744854213e+03
1.963415073611852677e+03 1.338625325740627092e+00 7.487738605679015613e+00 9.029701025996539101e+03
1.722194543142829843e+03 1.813819455130619041e+00 7.483807656536844988e+00 9.029701228906011238e+03
1.660872019362995161e+03 1.925137530142704279e+00 7.469012563652318804e+00 9.029701516700411958e+03
1.757721136595975622e+03 1.667344144053932498e+00 7.443476218581563053e+00 9.029701601251394095e+03
1.627756087196085446e+03 2.126166760466447592e+00 7.458249041678449487e+00 9.029701751889684601e+03
1.696184937697393707e+03 1.859929532649116313e+00 7.487102411821742187e+00 9.029701793804804765e+03
1.670242016757878673e+03 1.994623781761951431e+00 7.496631721597390552e+00 9.029702109003363148e+03
1.814892189770622053e+03 1.696459753736493603e+00 7.454268200470857586e+00 9.029702214216244101e+03
1.683726209883905540e+03 1.876035715943137561e+00 7.445547017513894694e+00 9.029702235142951395e+03
1.531441337996033326e+03 2.190162206722735760e+00 7.454349301313604848e+00 9.029702250040198123e+03
1.944195954555466869e+03 1.446819609110223226e+00 7.481793239829546138e+00 9.029702486185384259e+03
1.907228680365619311e+03 1.509970507719680111e+00 7.425049658666727836e+00 9.029702524148806333e+03
1.916786405359909850e+03 1.456533050060886847e+00 7.448118098466121495e+00 9.029702704596627882e+03
1.708551976718555579e+03 1.844467088805963551e+00 7.433467985980811932e+00 9.029702850486810348e+03
1.819611870948286196e+03 1.625129875923440048e+00 7.467291998801394826e+00 9.029703037685338131e+03
1.658709861435344465e+03 2.032079668781161086e+00 7.454902698748790080e+00 9.029703093825059113e+03
1.577653112348316881e+03 2.067158159332323386e+00 7.472251581014093702e+00 9.029703182404324252e+03
1.608826471590054553e+03 2.018547464862401775e+00 7.446407857774392625e+00 9.029703328026225790e+03
1.526150995178395760e+03 2.215038776157504330e+00 7.483573053505081951e+00 9.029703373068578003e+03
1.537680437182566948e+03 2.176770821813748924e+00 7.477098900721035335e+00 9.029703417087144771e+03
1.551737598340268050e+03 2.174942573217856889e+00 7.459330846220365352e+00 9.029703448677213601e+03
1.846782898397122153e+03 1.529465767205831606e+00 7.454139398710108111e+00 9.029703473904562998e+03
1.701147914423805787e+03 1.843131397840544583e+00 7.475414475625707489e+00 9.029703503690714570e+03
1.947787728604878339e+03 1.377100785084745427e+00 7.449189593996310421e+00 9.029703848842835214e+03
1.534495970005258641e+03 2.255091488643845565e+00 7.465799916282481519e+00 9.029703884719539928e+03
1.601303293409984235e+03 2.031065132840169873e+00 7.449193876131783298e+00 9.029704032990524865e+03
1.571884361610116684e+03 2.127722804747927299e+00 7.461880196931603315e+00 9.029704129461117191e+03
1.867147974035122388e+03 1.575070411711545937e+00 7.454791315601847934e+00 9.029704228947957745e+03
1.842639991834510056e+03 1.575463849673482297e+00 7.463711776201740200e+00 9.029705025948811453e+03
1.886384621283718843e+03 1.540175446638341494e+00 7.481222563580868901e+00 9.029705450272025701e+03
1.826489187072296318e+03 1.570328318963570391e+00 7.489969461730115796e+00 9.029705894513783278e+03
1.567304057354057250e+03 2.098753647302658898e+00 7.470371089131010223e+00 9.029706146244549018e+03
1.960700943859233575e+03 1.320263464212109161e+00 7.461602944371725776e+00 9.029706236692629318e+03
1.584099911819937461e+03 2.148268370430130858e+00 7.479338671979609998e+00 9.029706382504971771e+03
1.984959946513288287e+03 1.274565642675255628e+00 7.484200408658779224e+00 9.029706453415521537e+03
1.670658904997201489e+03 1.925612116669803253e+00 7.464656861023495793e+00 9.029706619926633721e+03
1.738093737181901133e+03 1.777072505900538779e+00 7.448541496640820547e+00 9.029707135150829345e+03
1.508255078822033056e+03 2.296417787711206859e+00 7.470747932262129076e+00 9.029707276016828473e+03
1.557075098546199115e+03 2.163030912762395452e+00 7.444939864871864543e+00 9.029707470213628767e+03
1.864296405310726868e+03 1.567585321192966452e+00 7.453718978491611580e+00 9.029707529257662827e+03
1.587478151901235833e+03 2.134274987427548176e+00 7.457425318476991194e+00 9.029707543708645971e+03
1.849459038690886018e+03 1.530731013699010878e+00 7.474956640047565770e+00 9.029707617765516261e+03
1.676581549510807690e+03 1.877871396093444556e+00 7.426053826477621023e+00 9.029707632411009399e+03
1.940462023448284299e+03 1.409794073266701808e+00 7.459800100730801908e+00 9.029707639692123848e+03
1.755519603220920771e+03 1.675937672071049489e+00 7.460978573301341399e+00 9.029707677741898806e+03
1.954474620576686220e+03 1.416258303136729069e+00 7.444519204136109458e+00 9.029707840427925476e+03
1.931794483621630206e+03 1.291941971063162775e+00 7.462281049205315320e+00 9.029707877892595207e+03
1.545755736180580470e+03 2.164435945424062702e+00 7.444113097576809501e+00 9.029708062970601532e+03
1.676307754316449746e+03 1.934717958900870505e+00 7.455140038536675284e+00 9.029708073407846314e+03
1.755292794648272093e+03 1.763342450671047557e+00 7.471560570791174527e+00 9.029708413476162605e+03
1.869145708516137574e+03 1.592822573549590448e+00 7.485230500038804635e+00 9.029708532263768575e+03
1.642268757717038397e+03 1.952185651930794741e+00 7.493292899271475349e+00 9.029708570233318824e+03
1.935620227902719989e+03 1.392956722887084275e+00 7.452292506222030433e+00 9.029708876862645411e+03
1.954909856382286762e+03 1.364460738049000366e+00 7.475553162507137195e+00 9.029708887141885498e+03
1.571061544390180416e+03 2.135590136388458848e+00 7.456014079775499681e+00 9.029708915547704237e+03
1.998653486122832419e+03 1.206993467053679048e+00 7.456810037954909376e+00 9.029709000006021597e+03
1.856106944745112514e+03 1.592623445419921957e+00 7.471016378005359115e+00 9.029709192596719731e+03
1.577182341298179153e+03 2.087490067481659217e+00 7.471225732715819134e+00 9.029709197173813664e+03
1.661002829462036743e+03 1.892425089840042762e+00 7.462554512409429464e+00 9.029709268031754618e+03
1.805326206111138617e+03 1.603246050070279205e+00 7.498992509684951457e+00 9.029709808156909276e+03
1.658574613629805299e+03 1.948060174803330158e+00 7.477321047259689379e+00 9.029710045384792465e+03
1.644186186369541247e+03 1.858040887250099527e+00 7.491581280339488558e+00 9.029710493967770162e+03
1.859413167903799149e+03 1.515234486746809717e+00 7.465072894305393447e+00 9.029710539380386763e+03
1.695519062249976059e+03 1.889301117047649692e+00 7.489378371003872381e+00 9.029710562849597409e+03
1.534227934792696487e+03 2.207746991290859384e+00 7.470145378677991665e+00 9.029712019782336938e+03
1.646494680275499832e+03 1.960654492512386105e+00 7.450281528247840512e+00 9.029712035811466194e+03
1.947940468893525804e+03 1.355345182830983930e+00 7.473001257987607282e+00 9.029712196312952074e+03
1.677385559506417394e+03 1.881503024379595601e+00 7.456764177731492360e+00 9.029712613768973824e+03
1.745459289030262880e+03 1.672086611504229214e+00 7.482788580748183094e+00 9.029712882406172866e+03
1.762156080069414202e+03 1.709897330923736414e+00 7.460397093230963783e+00 9.029713040542821545e+03
1.691608159484541375e+03 1.817553892529786275e+00 7.467540750221265178e+00 9.029713094834860385e+03
1.684182981385706398e+03 1.892236062844976807e+00 7.452293551046317077e+00 9.029713173167641798e+03
1.928145716876559163e+03 1.420019117609221837e+00 7.455425941920261756e+00 9.029713216112972077e+03
1.994912964838835478e+03 1.313920736799814248e+00 7.477822355221052320e+00 9.029713822339674152e+03
1.678603610341083595e+03 1.777660807454619851e+00 7.462637222572160667e+00 9.029714051310113064e+03
1.974331443374856917e+03 1.355823819591652102e+00 7.462230314431512745e+00 9.029714251365230666e+03
1.740410910420868731e+03 1.674513348083894293e+00 7.471070059363055016e+00 9.029714321657793334e+03
1.607601256957145551e+03 2.038758920726303270e+00 7.464832712689304373e+00 9.029714364103274420e+03
1.520057651812644735e+03 2.191663323748672454e+00 7.475256085928680960e+00 9.029714390167569945e+03
1.673110037674484829e+03 1.977107248506125181e+00 7.444143784592418989e+00 9.029714585747289675e+03
1.963443455875141581e+03 1.360856657888048771e+00 7.462639185536783515e+00 9.029714599222410470e+03
1.979888684227887097e+03 1.299306169740357397e+00 7.464662892359545054e+00 9.029714611679242807e+03
1.649691942370547849e+03 1.984538810181746715e+00 7.458689440941554061e+00 9.029715153547353111e+03
1.889669319828383323e+03 1.513297953311138366e+00 7.438391891549671620e+00 9.029715224665986170e+03
1.739715637594563759e+03 1.709332849046727443e+00 7.457142828243556565e+00 9.029715235361609302e+03
1.947649453081762886e+03 1.362540746922386470e+00 7.486529274745338469e+00 9.029715420026601350e+03
1.938913395051913994e+03 1.477940983421644816e+00 7.461153874028387811e+00 9.029716153110193773e+03
1.576692581735843305e+03 2.137867856457785098e+00 7.444674126394738245e+00 9.029716435929327417e+03
1.610903556327129309e+03 2.026284662411208082e+00 7.465103977210182151e+00 9.029716453083963643e+03
1.971286833494295479e+03 1.358787446154130496e+00 7.462341059782765740e+00 9.029716870900885624e+03
1.512164221413283030e+03 2.281540082088486798e+00 7.485209313901665773e+00 9.029716952177384883e+03
1.501662298911467587e+03 2.204204375151874729e+00 7.473735919270323436e+00 9.029716966862135450e+03
1.635738859425242936e+03 2.030783244338336679e+00 7.474105549020646500e+00 9.029717458221512061e+03
1.910970445167969274e+03 1.476676188711815607e+00 7.460583761887704668e+00 9.029717850753771927e+03
1.734911302223262055e+03 1.711892577821306327e+00 7.448783263303036861e+00 9.029718029888945239e+03
1.616342433951789872e+03 1.958479388901404494e+00 7.471328081170846680e+00 9.029718078706540837e+03
1.686984295089945590e+03 1.883194964760502632e+00 7.476228657335053818e+00 9.029718199353746968e+03
1.980975607187036758e+03 1.354252647044191571e+00 7.466087898019263314e+00 9.029718342854161165e+03
1.835975497908066700e+03 1.615311757733093101e+00 7.458910830546271242e+00 9.029718402678317943e+03
1.908401527239736197e+03 1.505508910741249373e+00 7.449399826166072103e+00 9.029718566286335772e+03
1.974429742053107702e+03 1.276194178852977590e+00 7.474364863891392652e+00 9.029718831090382082e+03
1.769844366992480900e+03 1.667163068655871161e+00 7.458360790709395616e+00 9.029718887899065521e+03
1.507565854373848879e+03 2.214664322545860209e+00 7.501440676180522793e+00 9.029718963256904317e+03
1.577653112348316881e+03 2.067158159332323386e+00 7.472251581014093702e+00 9.029718980369807468e+03
1.875379349892505616e+03 1.525632088566515998e+00 7.446776677106511144e+00 9.029719324831998165e+03
1.510175760590843765e+03 2.287178387583039374e+00 7.473231753418422052e+00 9.029719431980860463e+03
1.995115545718542080e+03 1.275020437585237199e+00 7.465488181684805546e+00 9.029719501330157073e+03
1.962016094923045785e+03 1.374997495498343270e+00 7.472475729865729832e+00 9.029719555721629149e+03
1.626706440960079817e+03 2.093698924405444473e+00 7.466235478486705546e+00 9.029719640548742973e+03
1.716534052647083627e+03 1.878987992007161267e+00 7.477137734161001248e+00 9.029719783640823152e+03
1.892159346932652625e+03 1.477839364967123092e+00 7.468556888406568284e+00 9.029719891233369708e+03
1.805219110300432021e+03 1.678455812249682877e+00 7.458042503850369265e+00 9.029720018168854949e+03
1.755101002743243271e+03 1.732199955510099976e+00 7.463871588919277045e+00 9.029720071389983787e+03
1.777805464212437300e+03 1.681131589665600057e+00 7.445776909417719303e+00 9.029720074525623204e+03
1.676047854611073717e+03 1.944420891688563025e+00 7.448291927141222679e+00 9.029720205453046219e+03
1.836808095849329220e+03 1.580000897907026136e+00 7.438486907238702983e+00 9.029720720099252503e+03
1.666807777697047413e+03 1.880475698649153760e+00 7.466366402355527399e+00 9.029720840230545946e+03
1.613433317266671338e+03 2.005485761771581554e+00 7.457893811361200775e+00 9.029720844827841574e+03
1.738471420848058642e+03 1.764807991445030755e+00 7.489363794312607681e+00 9.029720902803015633e+03
1.501576229732758748e+03 2.243092288566444381e+00 7.478461241564831496e+00 9.029720913095294236e+03
1.734095920625482677e+03 1.831429496455980743e+00 7.488112135311984829e+00 9.029721480790991336e+03
1.678070899271094504e+03 1.801964282031405240e+00 7.476269888197903057e+00 9.029721691847629700e+03
1.540167111655045801e+03 2.255475668671014233e+00 7.469918380647276202e+00 9.029721939608481989e+03
1.633586532370466102e+03 1.889980664949751477e+00 7.456872731472033777e+00 9.029721978844994737e+03
1.862602958518010382e+03 1.541232210429386074e+00 7.475336744692722135e+00 9.029722160683564653e+03
1.684605157710884214e+03 1.845750942606326772e+00 7.457185570028510568e+00 9.029722262071749356e+03
1.874706951407479210e+03 1.423174338492395163e+00 7.470195257610747319e+00 9.029722630815211232e+03
1.636349179393386748e+03 1.981571439553888592e+00 7.457528279489479495e+00 9.029722826217417605e+03
1.961998168311123436e+03 1.352552612382698971e+00 7.470400948675726127e+00 9.029723340426626237e+03
1.762352857786434924e+03 1.685485772285391981e+00 7.477102336981100272e+00 9.029723708562867614e+03
1.820280410602543043e+03 1.626072002666390182e+00 7.445814609847984045e+00 9.029723814363911515e+03
1.911059183637180695e+03 1.497986564348251948e+00 7.469872518862863409e+00 9.029723866052794619e+03
1.943098035334790666e+03 1.470467201660657253e+00 7.467194227944820462e+00 9.029724406146631736e+03
1.773193421762460275e+03 1.724418624590756011e+00 7.470508776641655579e+00 9.029724444983057765e+03
1.962016094923045785e+03 1.374997495498343270e+00 7.472475729865729832e+00 9.029724645724709262e+03
1.824756529395890993e+03 1.643805415726367292e+00 7.458167662212107807e+00 9.029724712151122731e+03
1.564215825748346788e+03 2.114845702849748044e+00 7.449983373824858646e+00 9.029724725493741062e+03
1.619739402058900396e+03 1.937467456265758781e+00 7.451130914198991206e+00 9.029724966909376235e+03
1.731976998356260083e+03 1.708275803335509657e+00 7.478730952731872605e+00 9.029725263595832075e+03
1.709334047662101284e+03 1.852546680177319827e+00 7.478671690012432371e+00 9.029725483537924447e+03
1.974375913857738396e+03 1.296142411968475239e+00 7.460085715031856246e+00 9.029725599252615211e+03
1.593201224318666846e+03 2.118254967828963942e+00 7.451064411553189437e+00 9.029725805082958686e+03
1.775524452610238541e+03 1.662290968853941342e+00 7.465797198341857843e+00 9.029726276435298132e+03
1.719066875882197564e+03 1.789185243150089422e+00 7.476997380938247062e+00 9.029726302985076472e+03
1.773877585496439906e+03 1.648939727941267641e+00 7.488604276828688455e+00 9.029726537646141878e+03
1.931198544430250877e+03 1.412408588736619564e+00 7.457731094170470421e+00 9.029726552790853020e+03
1.591282901012166576e+03 2.058874356215518731e+00 7.461007216109767803e+00 9.029726698040076371e+03
1.925760866952497054e+03 1.380717673354261876e+00 7.459178330250065159e+00 9.029726757957478185e+03
1.594595768426143195e+03 2.013538202565333002e+00 7.498757741023327483e+00 9.029726929241873222e+03
1.654326738150148685e+03 1.983831283294418935e+00 7.456416192349381689e+00 9.029727009566744528e+03
1.904056251798705262e+03 1.463828401037738258e+00 7.452385742497908971e+00 9.029727137967365707e+03
1.759986331644303846e+03 1.627875126516245219e+00 7.459162384742754170e+00 9.029727407052416311e+03
1.871202198645924909e+03 1.459006703535196348e+00 7.482754933740545233e+00 9.029727923154156088e+03
1.960723658830379463e+03 1.345247833594115372e+00 7.486259806806128125e+00 9.029727984508568625e+03
1.994071567850186284e+03 1.253518283899391905e+00 7.503876134897856431e+00 9.029728105041485833e+03
1.557319866126988700e+03 2.181373338662237593e+00 7.440053496229928065e+00 9.029728437413210486e+03
1.704187602405449979e+03 1.927026911668328513e+00 7.471160446591391668e+00 9.029728642976246192e+03
1.687566522852004482e+03 1.862117639961915039e+00 7.456072379555296337e+00 9.029728764336297900e+03
1.815330630972408926e+03 1.569610245754137878e+00 7.464492213039247481e+00 9.029728931914616624e+03
1.590318456511439535e+03 2.203157937904415498e+00 7.475525013931823004e+00 9.029728983645762128e+03
1.665869653663584813e+03 1.951572449488250927e+00 7.480561727729739374e+00 9.029729096510509407e+03
1.846590056239438582e+03 1.545388133906126837e+00 7.460557137473548650e+00 9.029729632318802032e+03
1.623549741940192916e+03 2.105122311695399873e+00 7.468297103170873363e+00 9.029729665884342467e+03
1.822732352806755671e+03 1.623836468375158715e+00 7.454079245320167857e+00 9.029729751518789271e+03
1.587890885411976114e+03 2.038200355817704867e+00 7.443041121375814306e+00 9.029730234282838865e+03
1.594462050673761269e+03 1.955044329637082967e+00 7.440551209704396207e+00 9.029730608596859383e+03
1.965692783668090897e+03 1.290297151719643542e+00 7.474986923172575182e+00 9.029731343908020790e+03
1.744263476755507099e+03 1.695953157222215513e+00 7.462257484472459623e+00 9.029731536187346137e+03
1.969284596402088482e+03 1.292011973966710414e+00 7.477041194616082187e+00 9.029731907574925572e+03
1.662262929070832797e+03 2.013459143573848031e+00 7.478510256995337002e+00 9.029732009921122881e+03
1.620873452853630170e+03 1.981457531639298608e+00 7.455701747635692378e+00 9.029732295158213674e+03
1.708551976718555579e+03 1.844467088805963551e+00 7.433467985980811932e+00 9.029732342350442195e+03
1.579436650526039557e+03 1.949819890376267795e+00 7.460326122285956707e+00 9.029732529245373371e+03
1.547842245418498123e+03 1.967050555212013441e+00 7.458003399086376106e+00 9.029732872675967883e+03
1.693660816465020162e+03 1.833532744156002536e+00 7.449388659720152184e+00 9.029733189581529587e+03
1.911059183637180695e+03 1.497986564348251948e+00 7.469872518862863409e+00 9.029733877489963561e+03
1.658115093831224840e+03 1.929117004474213415e+00 7.445469739410022214e+00 9.029733998917197823e+03
1.869145708516137574e+03 1.592822573549590448e+00 7.485230500038804635e+00 9.029734378574037692e+03
1.739806397487419872e+03 1.790155113528591579e+00 7.457138261461465412e+00 9.029734422144289056e+03
1.936930658498796902e+03 1.362425758294022682e+00 7.461689155294143561e+00 9.029734488288548164e+03
1.527707117944708443e+03 2.198297572145659018e+00 7.460762064590323206e+00 9.029734700953571519e+03
1.680699867584992489e+03 1.863603908110758711e+00 7.459568787199914119e+00 9.029735219216167025e+03
1.573305402407154133e+03 2.169137230729560883e+00 7.494337978745090112e+00 9.029735289813201234e+03
1.851245704043249589e+03 1.524134576820419529e+00 7.470414887048770325e+00 9.029737518835898300e+03
1.711150822828101354e+03 1.861642118967233861e+00 7.475885114960474809e+00 9.029737558344035278e+03
1.894712511032958446e+03 1.482944794913785502e+00 7.450364199325603565e+00 9.029738674248248572e+03
1.668368625151954120e+03 1.844656647221728285e+00 7.440544075683300562e+00 9.029738973935740432e+03
1.823552773909087136e+03 1.674277404324979956e+00 7.486523726829426906e+00 9.029739072478838352e+03
